t,value
2021-11-04T22:00:00;,98.709
2021-11-04T23:00:00;,99.506
2021-11-05T00:00:00;,99.447
2022-12-26T20:00:00;,99.817
2022-12-26T21:00:00;,99.385
2022-12-26T22:00:00;,99.732
2022-12-26T23:00:00;,99.748
2022-12-27T00:00:00;,99.805
2022-12-27T22:00:00;,99.899
2023-01-20T22:00:00;,99.985
2023-01-21T16:00:00;,99.939
2023-01-21T18:00:00;,99.752
2023-02-16T23:00:00;,99.912
2023-02-17T01:00:00;,99.439
2023-02-20T20:00:00;,99.269
2023-02-20T21:00:00;,99.273
2023-02-20T22:00:00;,99.248
2023-02-20T23:00:00;,98.915
2023-02-21T00:00:00;,98.379
2023-02-21T01:00:00;,98.573
2023-02-21T02:00:00;,99.173
2023-02-21T03:00:00;,99.493
2023-02-21T04:00:00;,98.774
2023-02-21T05:00:00;,99.439
2023-02-21T07:00:00;,99.254
2023-02-21T08:00:00;,99.779
2023-02-21T09:00:00;,99.955
2023-02-21T10:00:00;,99.724
2023-02-21T11:00:00;,99.653
2023-02-21T13:00:00;,99.77
2023-02-21T14:00:00;,99.575
2023-02-21T18:00:00;,99.8
2023-02-21T19:00:00;,99.371
2023-02-21T20:00:00;,98.816
2023-02-21T21:00:00;,97.981
2023-02-21T22:00:00;,98.068
2023-02-21T23:00:00;,98.006
2023-02-22T00:00:00;,97.899
2023-02-22T01:00:00;,97.674
2023-02-22T02:00:00;,98.06
2023-02-22T03:00:00;,98.527
2023-02-22T04:00:00;,98.682
2023-02-22T05:00:00;,98.93
2023-02-22T06:00:00;,98.749
2023-02-22T07:00:00;,98.972
2023-02-22T08:00:00;,99.063
2023-02-22T09:00:00;,99.528
2023-02-22T10:00:00;,99.518
2023-02-22T11:00:00;,98.914
2023-02-22T12:00:00;,99.047
2023-02-22T13:00:00;,99.152
2023-02-22T14:00:00;,99.353
2023-02-22T15:00:00;,99.007
2023-02-22T16:00:00;,99.233
2023-02-22T17:00:00;,99.53
2023-02-22T18:00:00;,99.992
2023-02-22T19:00:00;,99.153
2023-02-22T20:00:00;,98.768
2023-02-22T21:00:00;,98.473
2023-02-22T22:00:00;,98.91
2023-02-22T23:00:00;,98.177
2023-02-23T00:00:00;,97.881
2023-02-23T01:00:00;,98.463
2023-02-23T02:00:00;,98.522
2023-02-23T03:00:00;,98.614
2023-02-23T04:00:00;,98.669
2023-02-23T05:00:00;,98.603
2023-02-23T06:00:00;,98.725
2023-02-23T07:00:00;,98.627
2023-02-23T08:00:00;,98.429
2023-02-23T09:00:00;,98.833
2023-02-23T10:00:00;,98.953
2023-02-23T11:00:00;,99.074
2023-02-23T12:00:00;,99.39
2023-02-23T13:00:00;,98.92
2023-02-23T14:00:00;,99.272
2023-02-23T15:00:00;,99.153
2023-02-23T16:00:00;,99.061
2023-02-23T17:00:00;,99.074
2023-02-23T18:00:00;,99.547
2023-02-23T19:00:00;,98.76
2023-02-23T20:00:00;,99.068
2023-02-23T21:00:00;,99.035
2023-02-23T22:00:00;,98.522
2023-02-23T23:00:00;,98.475
2023-02-24T00:00:00;,98.84
2023-02-24T01:00:00;,98.98
2023-02-24T02:00:00;,98.849
2023-02-24T03:00:00;,98.454
2023-02-24T04:00:00;,99.537
2023-02-24T05:00:00;,99.129
2023-02-24T06:00:00;,99.684
2023-02-24T07:00:00;,99.566
2023-02-24T09:00:00;,99.834
2023-02-24T10:00:00;,99.713
2023-02-24T11:00:00;,99.693
2023-02-24T12:00:00;,99.378
2023-02-24T13:00:00;,99.108
2023-02-24T14:00:00;,99.363
2023-02-24T15:00:00;,98.729
2023-02-24T16:00:00;,98.321
2023-02-24T17:00:00;,98.348
2023-02-24T18:00:00;,98.246
2023-02-24T19:00:00;,98.274
2023-02-24T20:00:00;,98.222
2023-02-24T21:00:00;,98.317
2023-02-24T22:00:00;,98.077
2023-02-24T23:00:00;,97.824
2023-02-25T00:00:00;,98.102
2023-02-25T01:00:00;,98.594
2023-02-25T02:00:00;,98.807
2023-02-25T03:00:00;,98.716
2023-02-25T04:00:00;,99.357
2023-02-25T05:00:00;,99.511
2023-02-25T06:00:00;,99.274
2023-02-25T07:00:00;,99.156
2023-02-25T08:00:00;,99.236
2023-02-25T09:00:00;,99.544
2023-02-25T10:00:00;,99.376
2023-02-25T11:00:00;,99.727
2023-02-25T12:00:00;,99.647
2023-02-25T14:00:00;,99.78
2023-02-25T15:00:00;,99.33
2023-02-25T16:00:00;,99.812
2023-02-25T17:00:00;,99.613
2023-02-25T18:00:00;,99.54
2023-02-25T19:00:00;,99.679
2023-02-25T20:00:00;,99.091
2023-02-25T21:00:00;,99.317
2023-02-25T22:00:00;,99.064
2023-02-25T23:00:00;,99.726
2023-02-26T00:00:00;,99.924
2023-02-26T01:00:00;,99.526
2023-02-26T02:00:00;,99.909
2023-02-26T03:00:00;,99.528
2023-02-26T04:00:00;,99.671
2023-02-26T06:00:00;,99.349
2023-02-26T13:00:00;,99.861
2023-02-26T14:00:00;,99.898
2023-02-26T17:00:00;,99.771
2023-02-26T19:00:00;,99.988
2023-02-26T22:00:00;,99.826
2023-02-26T23:00:00;,99.864
2023-02-27T00:00:00;,99.256
2023-02-27T01:00:00;,99.885
2023-02-27T02:00:00;,99.925
2023-02-27T03:00:00;,99.85
2023-02-27T06:00:00;,99.909
2023-02-27T09:00:00;,99.969
2023-02-27T10:00:00;,99.103
2023-02-27T11:00:00;,97.199
2023-02-27T12:00:00;,97.335
2023-02-27T13:00:00;,98.856
2023-02-27T14:00:00;,98.795
2023-02-27T15:00:00;,98.002
2023-02-27T16:00:00;,98.084
2023-02-27T17:00:00;,97.094
2023-02-27T18:00:00;,96.858
2023-02-27T19:00:00;,96.564
2023-02-27T20:00:00;,96.763
2023-02-27T21:00:00;,96.862
2023-02-27T22:00:00;,97.52
2023-02-27T23:00:00;,97.504
2023-02-28T00:00:00;,98.134
2023-02-28T01:00:00;,97.641
2023-02-28T02:00:00;,96.934
2023-02-28T03:00:00;,96.897
2023-02-28T04:00:00;,97.552
2023-02-28T05:00:00;,97.234
2023-02-28T06:00:00;,96.597
2023-02-28T07:00:00;,96.559
2023-02-28T08:00:00;,96.207
2023-02-28T09:00:00;,95.434
2023-02-28T10:00:00;,94.867
2023-02-28T11:00:00;,95.662
2023-02-28T12:00:00;,96.539
2023-02-28T13:00:00;,97.87
2023-02-28T14:00:00;,97.415
2023-02-28T15:00:00;,97.069
2023-02-28T16:00:00;,97.483
2023-02-28T17:00:00;,97.072
2023-02-28T18:00:00;,97.22
2023-02-28T19:00:00;,96.98
2023-02-28T20:00:00;,97.636
2023-02-28T21:00:00;,97.563
2023-02-28T22:00:00;,97.725
2023-02-28T23:00:00;,97.917
2023-03-01T00:00:00;,98.115
2023-03-01T01:00:00;,97.442
2023-03-01T02:00:00;,96.15
2023-03-01T03:00:00;,96.695
2023-03-01T04:00:00;,98.078
2023-03-01T05:00:00;,99.001
2023-03-01T06:00:00;,99.641
2023-03-01T07:00:00;,99.869
2023-03-01T08:00:00;,99.908
2023-03-01T09:00:00;,99.944
2023-03-01T10:00:00;,99.797
2023-03-01T11:00:00;,99.276
2023-03-01T12:00:00;,99.548
2023-03-01T14:00:00;,99.613
2023-03-01T15:00:00;,99.546
2023-03-01T16:00:00;,99.373
2023-03-01T17:00:00;,99.042
2023-03-01T18:00:00;,98.763
2023-03-01T19:00:00;,98.035
2023-03-01T20:00:00;,98.497
2023-03-01T21:00:00;,98.184
2023-03-01T22:00:00;,98.667
2023-03-01T23:00:00;,99.596
2023-03-02T00:00:00;,98.98
2023-03-02T01:00:00;,99.84
2023-03-02T02:00:00;,99.748
2023-03-02T03:00:00;,99.594
2023-03-02T07:00:00;,99.983
2023-03-02T17:00:00;,99.906
2023-03-02T18:00:00;,99.947
2023-03-02T20:00:00;,99.931
2023-03-03T00:00:00;,99.912
2023-03-15T05:00:00;,99.94
2023-03-15T06:00:00;,99.641
2023-03-15T07:00:00;,99.562
2023-03-15T08:00:00;,99.76
2023-03-15T10:00:00;,99.744
2023-03-15T22:00:00;,99.964
2023-03-16T12:00:00;,99.998
2023-03-18T01:00:00;,99.872
2023-03-19T00:00:00;,99.989
2023-03-20T03:00:00;,99.724
2023-03-20T05:00:00;,99.819
2023-03-20T08:00:00;,99.732
2023-03-20T10:00:00;,99.933
2023-03-21T00:00:00;,99.644
2023-03-21T01:00:00;,99.289
2023-03-21T02:00:00;,99.855
2023-03-21T03:00:00;,99.607
2023-03-21T04:00:00;,99.736
2023-03-21T05:00:00;,99.562
2023-03-21T06:00:00;,99.629
2023-03-21T07:00:00;,99.696
2023-03-21T08:00:00;,99.605
2023-03-21T09:00:00;,99.401
2023-03-21T10:00:00;,99.83
2023-03-21T11:00:00;,99.907
2023-03-21T12:00:00;,99.787
2023-03-21T13:00:00;,99.511
2023-03-21T14:00:00;,99.144
2023-03-21T15:00:00;,99.268
2023-03-21T16:00:00;,99.726
2023-03-21T17:00:00;,99.72
2023-03-21T18:00:00;,99.209
2023-03-21T19:00:00;,99.576
2023-03-21T20:00:00;,99.432
2023-03-21T21:00:00;,99.152
2023-03-21T22:00:00;,99.112
2023-03-21T23:00:00;,99.167
2023-03-22T00:00:00;,99.498
2023-03-22T01:00:00;,99.176
2023-03-22T02:00:00;,98.696
2023-03-22T03:00:00;,99.493
2023-03-22T04:00:00;,99.64
2023-03-22T05:00:00;,99.309
2023-03-22T06:00:00;,99.757
2023-03-22T07:00:00;,99.413
2023-03-22T08:00:00;,99.649
2023-03-22T09:00:00;,99.798
2023-03-22T10:00:00;,99.402
2023-03-22T11:00:00;,99.549
2023-03-22T12:00:00;,99.552
2023-03-22T13:00:00;,99.695
2023-03-22T14:00:00;,99.611
2023-03-22T15:00:00;,99.216
2023-03-22T16:00:00;,99.766
2023-03-22T17:00:00;,99.597
2023-03-22T18:00:00;,99.379
2023-03-22T19:00:00;,99.049
2023-03-22T20:00:00;,99.328
2023-03-22T21:00:00;,98.917
2023-03-22T22:00:00;,98.47
2023-03-22T23:00:00;,98.28
2023-03-23T00:00:00;,97.977
2023-03-23T01:00:00;,98.139
2023-03-23T02:00:00;,98.497
2023-03-23T03:00:00;,97.934
2023-03-23T04:00:00;,99.237
2023-03-23T05:00:00;,98.871
2023-03-23T06:00:00;,98.931
2023-03-23T07:00:00;,98.669
2023-03-23T08:00:00;,99.029
2023-03-23T09:00:00;,98.16
2023-03-23T10:00:00;,98.882
2023-03-23T11:00:00;,98.829
2023-03-23T12:00:00;,99.12
2023-03-23T13:00:00;,99.083
2023-03-23T14:00:00;,97.327
2023-03-23T15:00:00;,96.003
2023-03-23T16:00:00;,95.968
2023-03-23T17:00:00;,95.371
2023-03-23T18:00:00;,95.562
2023-03-23T19:00:00;,95.261
2023-03-23T20:00:00;,95.76
2023-03-23T21:00:00;,95.484
2023-03-23T22:00:00;,96.219
2023-03-23T23:00:00;,96.409
2023-03-24T00:00:00;,96.977
2023-03-24T01:00:00;,96.863
2023-03-24T02:00:00;,97.576
2023-03-24T03:00:00;,97.938
2023-03-24T04:00:00;,98.597
2023-03-24T05:00:00;,98.295
2023-03-24T06:00:00;,98.111
2023-03-24T07:00:00;,98.649
2023-03-24T08:00:00;,98.931
2023-03-24T09:00:00;,98.793
2023-03-24T10:00:00;,98.936
2023-03-24T11:00:00;,98.668
2023-03-24T12:00:00;,98.576
2023-03-24T13:00:00;,98.459
2023-03-24T14:00:00;,98.312
2023-03-24T15:00:00;,98.333
2023-03-24T16:00:00;,97.892
2023-03-24T17:00:00;,97.958
2023-03-24T18:00:00;,98.103
2023-03-24T19:00:00;,97.781
2023-03-24T20:00:00;,97.088
2023-03-24T21:00:00;,97.127
2023-03-24T22:00:00;,97.271
2023-03-24T23:00:00;,97.362
2023-03-25T00:00:00;,97.722
2023-03-25T01:00:00;,97.715
2023-03-25T02:00:00;,97.951
2023-03-25T03:00:00;,97.63
2023-03-25T04:00:00;,97.642
2023-03-25T05:00:00;,98.353
2023-03-25T06:00:00;,98.143
2023-03-25T07:00:00;,98.302
2023-03-25T08:00:00;,98.462
2023-03-25T09:00:00;,98.728
2023-03-25T10:00:00;,98.964
2023-03-25T11:00:00;,98.706
2023-03-25T12:00:00;,99.072
2023-03-25T13:00:00;,98.819
2023-03-25T14:00:00;,98.885
2023-03-25T15:00:00;,99.099
2023-03-25T16:00:00;,99.067
2023-03-25T17:00:00;,99.056
2023-03-25T18:00:00;,99.212
2023-03-25T19:00:00;,98.877
2023-03-25T20:00:00;,98.81
2023-03-25T21:00:00;,99.069
2023-03-25T22:00:00;,99.022
2023-03-25T23:00:00;,98.755
2023-03-26T00:00:00;,98.648
2023-03-26T01:00:00;,98.955
2023-03-26T02:00:00;,99.191
2023-03-26T03:00:00;,98.977
2023-03-26T04:00:00;,99.415
2023-03-26T05:00:00;,99.433
2023-03-26T06:00:00;,99.633
2023-03-26T07:00:00;,99.608
2023-03-26T08:00:00;,99.988
2023-03-26T10:00:00;,99.957
2023-03-26T11:00:00;,99.813
2023-03-26T15:00:00;,99.906
2023-03-27T02:00:00;,99.613
2023-03-27T03:00:00;,99.515
2023-03-27T04:00:00;,99.754
2023-03-27T05:00:00;,99.451
2023-03-27T07:00:00;,99.972
2023-03-27T08:00:00;,99.776
2023-03-29T23:00:00;,99.794
2023-04-18T21:00:00;,99.748
2023-04-18T22:00:00;,99.476
2023-04-19T00:00:00;,99.895
2023-04-19T14:00:00;,99.98
2023-04-19T15:00:00;,99.931
2023-04-19T16:00:00;,99.741
2023-04-19T17:00:00;,99.897
2023-04-19T19:00:00;,99.589
2023-04-19T20:00:00;,99.586
2023-04-23T22:00:00;,99.518
2023-04-23T23:00:00;,98.716
2023-04-24T00:00:00;,98.482
2023-04-24T01:00:00;,99.046
2023-04-24T02:00:00;,98.386
2023-04-24T03:00:00;,97.47
2023-04-24T04:00:00;,96.816
2023-04-24T05:00:00;,96.623
2023-04-24T06:00:00;,97.025
2023-04-24T07:00:00;,98.288
2023-04-24T08:00:00;,98.504
2023-04-24T09:00:00;,99.561
2023-04-24T10:00:00;,98.957
2023-04-24T11:00:00;,98.795
2023-04-24T12:00:00;,98.711
2023-04-24T13:00:00;,98.362
2023-04-24T14:00:00;,98.826
2023-04-24T15:00:00;,98.746
2023-04-24T16:00:00;,99.519
2023-04-24T17:00:00;,98.673
2023-04-24T18:00:00;,98.993
2023-04-24T19:00:00;,99.12
2023-04-24T20:00:00;,99.364
2023-04-24T21:00:00;,99.237
2023-04-24T22:00:00;,99.285
2023-04-24T23:00:00;,99.408
2023-04-25T00:00:00;,99.046
2023-04-25T01:00:00;,99.578
2023-04-25T02:00:00;,99.083
2023-04-25T03:00:00;,99.514
2023-04-25T05:00:00;,99.937
2023-04-25T06:00:00;,99.592
2023-04-25T07:00:00;,99.738
2023-04-25T10:00:00;,99.78
2023-04-25T12:00:00;,99.871
2023-04-25T22:00:00;,99.718
2023-05-07T22:00:00;,99.623
2023-05-07T23:00:00;,99.919
2023-05-08T02:00:00;,99.886
2023-05-08T03:00:00;,99.984
2023-05-08T04:00:00;,99.895
2023-05-08T11:00:00;,99.862
2023-05-08T12:00:00;,99.795
2023-05-08T13:00:00;,99.662
2023-05-08T15:00:00;,99.534
2023-05-08T16:00:00;,99.78
2023-05-08T17:00:00;,99.425
2023-05-08T18:00:00;,99.916
2023-05-08T19:00:00;,99.372
2023-05-08T21:00:00;,99.907
2023-05-08T23:00:00;,99.499
2023-05-09T02:00:00;,99.735
2023-05-09T04:00:00;,99.64
2023-05-09T05:00:00;,99.144
2023-05-09T06:00:00;,99.342
2023-05-09T07:00:00;,99.785
2023-05-09T08:00:00;,99.784
2023-05-09T16:00:00;,99.894
2023-05-09T17:00:00;,99.737
2023-05-09T18:00:00;,99.991
2023-05-09T21:00:00;,99.937
2023-05-09T22:00:00;,99.309
2023-05-09T23:00:00;,99.398
2023-05-10T00:00:00;,98.316
2023-05-10T01:00:00;,97.108
2023-05-10T02:00:00;,97.246
2023-05-10T03:00:00;,97.585
2023-05-10T04:00:00;,97.425
2023-05-10T05:00:00;,97.777
2023-05-10T06:00:00;,97.547
2023-05-10T07:00:00;,97.502
2023-05-10T08:00:00;,96.958
2023-05-10T09:00:00;,96.939
2023-05-10T10:00:00;,96.513
2023-05-10T11:00:00;,97.639
2023-05-10T12:00:00;,97.414
2023-05-10T13:00:00;,96.868
2023-05-10T14:00:00;,97.261
2023-05-10T15:00:00;,97.33
2023-05-10T16:00:00;,97.248
2023-05-10T17:00:00;,96.932
2023-05-10T18:00:00;,96.535
2023-05-10T19:00:00;,96.881
2023-05-10T20:00:00;,97.157
2023-05-10T21:00:00;,96.766
2023-05-10T22:00:00;,96.355
2023-05-10T23:00:00;,96.011
2023-05-11T00:00:00;,95.459
2023-05-11T01:00:00;,96.272
2023-05-11T02:00:00;,96.668
2023-05-11T03:00:00;,96.335
2023-05-11T04:00:00;,95.856
2023-05-11T05:00:00;,96.445
2023-05-11T06:00:00;,96.911
2023-05-11T07:00:00;,97.081
2023-05-11T08:00:00;,97.504
2023-05-11T09:00:00;,97.849
2023-05-11T10:00:00;,97.113
2023-05-11T11:00:00;,97.356
2023-05-11T12:00:00;,97.013
2023-05-11T13:00:00;,96.715
2023-05-11T14:00:00;,97.032
2023-05-11T15:00:00;,96.852
2023-05-11T16:00:00;,96.896
2023-05-11T17:00:00;,96.815
2023-05-11T18:00:00;,96.839
2023-05-11T19:00:00;,96.876
2023-05-11T20:00:00;,96.981
2023-05-11T21:00:00;,97.205
2023-05-11T22:00:00;,97.611
2023-05-11T23:00:00;,97.355
2023-05-12T00:00:00;,97.526
2023-05-12T01:00:00;,96.924
2023-05-12T02:00:00;,97.125
2023-05-12T03:00:00;,97.288
2023-05-12T04:00:00;,97.673
2023-05-12T05:00:00;,97.771
2023-05-12T06:00:00;,97.95
2023-05-12T07:00:00;,98.332
2023-05-12T08:00:00;,98.686
2023-05-12T09:00:00;,98.254
2023-05-12T10:00:00;,98.691
2023-05-12T11:00:00;,98.451
2023-05-12T12:00:00;,97.913
2023-05-12T13:00:00;,98.219
2023-05-12T14:00:00;,97.776
2023-05-12T15:00:00;,97.664
2023-05-12T16:00:00;,97.391
2023-05-12T17:00:00;,97.494
2023-05-12T18:00:00;,97.081
2023-05-12T19:00:00;,97.622
2023-05-12T20:00:00;,97.615
2023-05-12T21:00:00;,97.239
2023-05-12T22:00:00;,97.085
2023-05-12T23:00:00;,97.332
2023-05-13T00:00:00;,97.663
2023-05-13T01:00:00;,97.695
2023-05-13T02:00:00;,97.933
2023-05-13T03:00:00;,98.385
2023-05-13T04:00:00;,98.123
2023-05-13T05:00:00;,98.139
2023-05-13T06:00:00;,98.525
2023-05-13T07:00:00;,98.261
2023-05-13T08:00:00;,98.586
2023-05-13T09:00:00;,99.156
2023-05-13T10:00:00;,99.006
2023-05-13T11:00:00;,98.426
2023-05-13T12:00:00;,98.805
2023-05-13T13:00:00;,98.382
2023-05-13T14:00:00;,97.917
2023-05-13T15:00:00;,98.307
2023-05-13T16:00:00;,98.027
2023-05-13T17:00:00;,98.221
2023-05-13T18:00:00;,98.785
2023-05-13T19:00:00;,98.45
2023-05-13T20:00:00;,98.449
2023-05-13T21:00:00;,98.723
2023-05-13T22:00:00;,99.021
2023-05-13T23:00:00;,99.261
2023-05-14T00:00:00;,98.987
2023-05-14T01:00:00;,99.03
2023-05-14T02:00:00;,99.541
2023-05-14T03:00:00;,99.377
2023-05-14T04:00:00;,99.57
2023-05-14T05:00:00;,99.83
2023-05-14T06:00:00;,99.041
2023-05-14T07:00:00;,99.898
2023-05-14T10:00:00;,99.808
2023-05-14T22:00:00;,99.75
2023-06-25T22:00:00;,99.657
2023-06-25T23:00:00;,99.532
2023-06-26T00:00:00;,99.886
2023-06-26T01:00:00;,99.624
2023-06-26T02:00:00;,99.591
2023-06-26T05:00:00;,99.362
2023-06-26T06:00:00;,99.804
2023-06-26T10:00:00;,99.95
2023-06-26T18:00:00;,99.89
2023-06-26T20:00:00;,99.501
2023-06-26T21:00:00;,99.079
2023-06-26T22:00:00;,99.452
2023-06-26T23:00:00;,99.778
2023-06-27T00:00:00;,99.622
2023-06-27T01:00:00;,98.675
2023-06-27T02:00:00;,99.634
2023-06-27T03:00:00;,99.301
2023-06-27T04:00:00;,99.151
2023-06-27T05:00:00;,99.926
2023-06-27T06:00:00;,99.331
2023-06-27T07:00:00;,99.07
2023-06-27T08:00:00;,98.914
2023-06-27T09:00:00;,99.234
2023-06-27T10:00:00;,99.729
2023-06-27T11:00:00;,99.533
2023-06-27T12:00:00;,99.43
2023-06-27T13:00:00;,99.785
2023-06-27T14:00:00;,99.64
2023-06-27T16:00:00;,99.879
2023-06-27T17:00:00;,99.771
2023-06-27T18:00:00;,99.491
2023-06-27T19:00:00;,99.635
2023-06-27T20:00:00;,99.271
2023-06-27T21:00:00;,99.633
2023-06-27T22:00:00;,99.338
2023-06-27T23:00:00;,99.043
2023-06-28T00:00:00;,99.413
2023-06-28T01:00:00;,99.483
2023-06-28T02:00:00;,99.442
2023-06-28T03:00:00;,99.842
2023-06-28T04:00:00;,99.073
2023-06-28T05:00:00;,99.335
2023-06-28T06:00:00;,99.538
2023-06-28T07:00:00;,99.397
2023-06-28T08:00:00;,99.622
2023-06-28T09:00:00;,99.899
2023-06-28T10:00:00;,99.358
2023-06-28T11:00:00;,99.914
2023-06-28T13:00:00;,99.883
2023-06-28T15:00:00;,99.754
2023-06-28T16:00:00;,99.861
2023-06-28T17:00:00;,99.441
2023-06-28T18:00:00;,99.511
2023-06-28T19:00:00;,99.5
2023-06-28T21:00:00;,99.603
2023-06-28T22:00:00;,99.457
2023-06-28T23:00:00;,99.664
2023-06-29T00:00:00;,99.498
2023-06-29T02:00:00;,99.362
2023-06-29T03:00:00;,99.652
2023-06-29T04:00:00;,99.304
2023-06-29T05:00:00;,99.872
2023-06-29T06:00:00;,99.896
2023-06-29T08:00:00;,99.99
2023-06-29T19:00:00;,99.813
2023-06-29T20:00:00;,99.999
2023-06-29T21:00:00;,99.568
2023-06-29T23:00:00;,99.565
2023-06-30T02:00:00;,99.834
2023-06-30T04:00:00;,99.963
2023-06-30T06:00:00;,99.54
2023-06-30T20:00:00;,99.631
2023-06-30T21:00:00;,99.923
2023-06-30T22:00:00;,99.831
2023-06-30T23:00:00;,99.972
2023-07-01T01:00:00;,99.807
2023-07-01T02:00:00;,99.451
2023-07-01T03:00:00;,99.425
2023-07-01T04:00:00;,99.473
2023-07-01T05:00:00;,99.99
2023-07-01T06:00:00;,99.854
2023-07-01T07:00:00;,99.945
2023-07-01T21:00:00;,99.862
2023-07-01T23:00:00;,99.785
2023-07-02T17:00:00;,99.747
2023-07-02T20:00:00;,99.905
2023-07-02T22:00:00;,99.677
2023-07-03T06:00:00;,99.828
2023-07-03T08:00:00;,99.978
2023-07-03T10:00:00;,99.983
2023-07-03T14:00:00;,99.437
2023-07-03T16:00:00;,99.331
2023-07-03T17:00:00;,99.5
2023-07-03T18:00:00;,98.706
2023-07-03T19:00:00;,98.744
2023-07-03T20:00:00;,98.617
2023-07-03T21:00:00;,98.901
2023-07-03T22:00:00;,99.321
2023-07-03T23:00:00;,98.953
2023-07-04T00:00:00;,99.609
2023-07-04T01:00:00;,99.342
2023-07-04T02:00:00;,99.322
2023-07-04T03:00:00;,98.917
2023-07-04T04:00:00;,99.551
2023-07-04T05:00:00;,99.607
2023-07-04T06:00:00;,99.534
2023-07-04T17:00:00;,99.798
2023-07-04T19:00:00;,99.955
2023-07-04T20:00:00;,99.209
2023-07-04T21:00:00;,99.447
2023-07-04T22:00:00;,99.245
2023-07-04T23:00:00;,99.188
2023-07-05T00:00:00;,99.641
2023-07-05T01:00:00;,99.312
2023-07-05T02:00:00;,99.711
2023-07-05T03:00:00;,99.552
2023-07-05T04:00:00;,99.676
2023-07-05T10:00:00;,99.815
2023-07-05T12:00:00;,99.865
2023-07-05T13:00:00;,99.98
2023-07-05T17:00:00;,99.826
2023-07-05T19:00:00;,99.792
2023-07-05T20:00:00;,99.814
2023-07-05T21:00:00;,99.903
2023-07-05T22:00:00;,99.867
2023-07-05T23:00:00;,99.853
2023-07-06T00:00:00;,99.329
2023-07-06T01:00:00;,99.459
2023-07-06T02:00:00;,98.956
2023-07-06T03:00:00;,99.472
2023-07-06T04:00:00;,99.634
2023-07-06T05:00:00;,99.909
2023-07-06T06:00:00;,99.746
2023-07-06T20:00:00;,99.566
2023-07-06T22:00:00;,99.33
2023-07-07T00:00:00;,99.625
2023-07-07T01:00:00;,99.721
2023-07-07T02:00:00;,99.671
2023-07-07T03:00:00;,99.692
2023-07-07T04:00:00;,99.578
2023-07-07T05:00:00;,99.61
2023-07-07T06:00:00;,99.739
2023-07-07T07:00:00;,99.96
2023-07-07T08:00:00;,99.866
2023-07-07T14:00:00;,99.671
2023-07-07T15:00:00;,98.962
2023-07-07T16:00:00;,99.585
2023-07-07T17:00:00;,99.094
2023-07-07T18:00:00;,98.749
2023-07-07T19:00:00;,99.367
2023-07-07T20:00:00;,99.673
2023-07-07T21:00:00;,99.306
2023-07-07T22:00:00;,99.282
2023-07-07T23:00:00;,99.96
2023-07-08T00:00:00;,99.472
2023-07-08T01:00:00;,99.795
2023-07-08T14:00:00;,99.921
2023-07-08T15:00:00;,99.903
2023-07-09T00:00:00;,99.723
2023-07-09T01:00:00;,99.716
2023-07-09T07:00:00;,99.676
2023-07-11T12:00:00;,99.97
2023-07-11T19:00:00;,99.886
2023-07-11T22:00:00;,99.519
2023-07-12T03:00:00;,99.71
2023-07-15T02:00:00;,99.831
2023-07-15T03:00:00;,99.825
2023-07-15T10:00:00;,99.769
2023-07-15T16:00:00;,99.946
2023-07-15T17:00:00;,99.961
2023-07-15T18:00:00;,99.79
2023-07-15T19:00:00;,99.563
2023-07-15T20:00:00;,99.454
2023-07-15T21:00:00;,99.734
2023-07-15T22:00:00;,99.328
2023-07-15T23:00:00;,98.523
2023-07-16T00:00:00;,99.063
2023-07-16T10:00:00;,99.979
2023-07-16T11:00:00;,99.557
2023-07-16T23:00:00;,99.975
2023-07-17T00:00:00;,99.368
2023-07-17T01:00:00;,98.12
2023-07-17T02:00:00;,98.237
2023-07-17T03:00:00;,98.754
2023-07-17T04:00:00;,99.043
2023-07-17T05:00:00;,98.879
2023-07-17T06:00:00;,98.72
2023-07-17T07:00:00;,99.114
2023-07-17T08:00:00;,99.386
2023-07-17T09:00:00;,99.571
2023-07-17T10:00:00;,99.671
2023-07-17T17:00:00;,99.648
2023-07-17T18:00:00;,99.378
2023-07-17T19:00:00;,99.756
2023-07-17T20:00:00;,99.061
2023-07-17T21:00:00;,99.33
2023-07-17T22:00:00;,99.55
2023-07-17T23:00:00;,99.336
2023-07-18T00:00:00;,99.266
2023-07-18T01:00:00;,99.017
2023-07-18T02:00:00;,99.393
2023-07-18T03:00:00;,99.464
2023-07-18T04:00:00;,99.604
2023-07-18T05:00:00;,99.797
2023-07-18T06:00:00;,99.68
2023-07-18T18:00:00;,99.294
2023-07-18T20:00:00;,99.556
2023-07-18T21:00:00;,99.762
2023-07-18T22:00:00;,99.258
2023-07-18T23:00:00;,99.299
2023-07-19T01:00:00;,99.814
2023-07-19T04:00:00;,99.916
2023-07-20T00:00:00;,99.643
2023-07-20T01:00:00;,99.661
2023-07-20T02:00:00;,99.88
2023-07-22T20:00:00;,99.774
2023-07-22T21:00:00;,99.768
2023-07-26T01:00:00;,99.98
2023-07-26T02:00:00;,99.713
2023-07-26T03:00:00;,99.998
2023-07-26T04:00:00;,99.867
2023-07-26T05:00:00;,99.869
2023-07-26T06:00:00;,99.75
2023-07-26T19:00:00;,99.663
2023-07-26T20:00:00;,99.765
2023-07-26T22:00:00;,99.985
2023-07-27T00:00:00;,99.821
2023-07-27T01:00:00;,99.462
2023-07-27T03:00:00;,99.975
2023-07-27T05:00:00;,99.307
2023-07-27T06:00:00;,99.355
2023-07-27T08:00:00;,99.627
2023-07-27T12:00:00;,99.362
2023-07-27T13:00:00;,99.21
2023-07-27T14:00:00;,99.142
2023-07-27T15:00:00;,99.668
2023-07-27T16:00:00;,99.409
2023-07-27T17:00:00;,99.246
2023-07-27T18:00:00;,99.17
2023-07-27T19:00:00;,99.365
2023-07-27T20:00:00;,99.268
2023-07-27T21:00:00;,99.055
2023-07-27T22:00:00;,99.146
2023-07-27T23:00:00;,98.796
2023-07-28T00:00:00;,98.59
2023-07-28T01:00:00;,99.047
2023-07-28T02:00:00;,98.767
2023-07-28T03:00:00;,99.194
2023-07-28T04:00:00;,99.224
2023-07-28T05:00:00;,99.279
2023-07-28T06:00:00;,99.46
2023-07-28T07:00:00;,99.127
2023-07-28T08:00:00;,99.277
2023-07-28T09:00:00;,99.187
2023-07-28T10:00:00;,99.256
2023-07-28T11:00:00;,99.131
2023-07-28T12:00:00;,99.618
2023-07-28T13:00:00;,99.6
2023-07-28T14:00:00;,99.189
2023-07-28T16:00:00;,99.783
2023-07-28T17:00:00;,99.299
2023-07-28T18:00:00;,98.632
2023-07-28T19:00:00;,99.107
2023-07-28T20:00:00;,98.968
2023-07-28T21:00:00;,98.582
2023-07-28T22:00:00;,98.715
2023-07-28T23:00:00;,98.515
2023-07-29T00:00:00;,99.461
2023-07-29T01:00:00;,99.106
2023-07-29T02:00:00;,99.603
2023-07-29T03:00:00;,99.309
2023-07-29T04:00:00;,99.52
2023-07-29T05:00:00;,99.688
2023-07-29T06:00:00;,98.779
2023-07-29T08:00:00;,99.594
2023-07-29T09:00:00;,99.505
2023-07-29T10:00:00;,99.961
2023-07-29T11:00:00;,99.867
2023-07-29T12:00:00;,99.895
2023-07-29T13:00:00;,99.75
2023-07-29T14:00:00;,99.371
2023-07-29T15:00:00;,99.668
2023-07-29T16:00:00;,99.427
2023-07-29T17:00:00;,99.76
2023-07-29T18:00:00;,99.165
2023-07-29T19:00:00;,98.938
2023-07-29T20:00:00;,98.898
2023-07-29T21:00:00;,99.208
2023-07-29T22:00:00;,99.076
2023-07-29T23:00:00;,99.059
2023-07-30T00:00:00;,98.636
2023-07-30T01:00:00;,99.512
2023-07-30T02:00:00;,99.102
2023-07-30T03:00:00;,99.894
2023-07-30T04:00:00;,99.756
2023-07-30T05:00:00;,99.495
2023-07-30T06:00:00;,99.11
2023-07-30T07:00:00;,98.569
2023-07-30T08:00:00;,98.493
2023-07-30T09:00:00;,98.621
2023-07-30T10:00:00;,99.276
2023-07-30T11:00:00;,99.862
2023-07-30T12:00:00;,99.829
2023-07-30T13:00:00;,99.748
2023-07-30T15:00:00;,99.898
2023-07-30T17:00:00;,99.901
2023-07-30T18:00:00;,99.748
2023-07-30T19:00:00;,99.56
2023-07-30T20:00:00;,99.584
2023-07-30T21:00:00;,99.378
2023-07-30T22:00:00;,98.726
2023-07-30T23:00:00;,99.057
2023-07-31T00:00:00;,98.782
2023-07-31T01:00:00;,99.101
2023-07-31T02:00:00;,99.408
2023-07-31T03:00:00;,98.976
2023-07-31T04:00:00;,99.457
2023-07-31T05:00:00;,99.219
2023-07-31T06:00:00;,99.1
2023-07-31T07:00:00;,99.656
2023-07-31T08:00:00;,99.927
2023-07-31T09:00:00;,99.915
2023-07-31T22:00:00;,99.636
2023-07-31T23:00:00;,98.974
2023-08-01T00:00:00;,99.582
2023-08-01T01:00:00;,99.131
2023-08-01T02:00:00;,99.123
2023-08-01T03:00:00;,99.028
2023-08-01T04:00:00;,99.314
2023-08-01T05:00:00;,98.981
2023-08-01T06:00:00;,99.124
2023-08-01T07:00:00;,98.59
2023-08-01T08:00:00;,99.402
2023-08-01T09:00:00;,99.337
2023-08-01T12:00:00;,99.785
2023-08-01T14:00:00;,99.962
2023-08-01T21:00:00;,99.701
2023-08-01T22:00:00;,99.851
2023-08-01T23:00:00;,98.728
2023-08-02T00:00:00;,98.463
2023-08-02T01:00:00;,97.67
2023-08-02T02:00:00;,97.839
2023-08-02T03:00:00;,97.987
2023-08-02T04:00:00;,98.247
2023-08-02T05:00:00;,97.473
2023-08-02T06:00:00;,97.362
2023-08-02T07:00:00;,97.754
2023-08-02T08:00:00;,97.615
2023-08-02T09:00:00;,97.406
2023-08-02T10:00:00;,97.111
2023-08-02T11:00:00;,96.744
2023-08-02T12:00:00;,97.005
2023-08-02T13:00:00;,97.449
2023-08-02T14:00:00;,96.899
2023-08-02T15:00:00;,97.143
2023-08-02T16:00:00;,96.899
2023-08-02T17:00:00;,96.599
2023-08-02T18:00:00;,96.821
2023-08-02T19:00:00;,96.754
2023-08-02T20:00:00;,96.9
2023-08-02T21:00:00;,96.984
2023-08-02T22:00:00;,97.42
2023-08-02T23:00:00;,97.589
2023-08-03T00:00:00;,97.51
2023-08-03T01:00:00;,97.838
2023-08-03T02:00:00;,97.865
2023-08-03T03:00:00;,98.053
2023-08-03T04:00:00;,97.866
2023-08-03T05:00:00;,97.569
2023-08-03T06:00:00;,97.132
2023-08-03T07:00:00;,98.062
2023-08-03T08:00:00;,97.511
2023-08-03T09:00:00;,97.224
2023-08-03T10:00:00;,97.498
2023-08-03T11:00:00;,97.126
2023-08-03T12:00:00;,97.475
2023-08-03T13:00:00;,97.435
2023-08-03T14:00:00;,97.904
2023-08-03T15:00:00;,97.316
2023-08-03T16:00:00;,97.95
2023-08-03T17:00:00;,97.758
2023-08-03T18:00:00;,97.37
2023-08-03T19:00:00;,98.413
2023-08-03T20:00:00;,98.135
2023-08-03T21:00:00;,98.022
2023-08-03T22:00:00;,98.103
2023-08-03T23:00:00;,98.058
2023-08-04T00:00:00;,98.171
2023-08-04T01:00:00;,97.911
2023-08-04T02:00:00;,98.064
2023-08-04T03:00:00;,97.759
2023-08-04T04:00:00;,97.231
2023-08-04T05:00:00;,97.243
2023-08-04T06:00:00;,97.358
2023-08-04T07:00:00;,96.931
2023-08-04T08:00:00;,97.097
2023-08-04T09:00:00;,97.154
2023-08-04T10:00:00;,97.814
2023-08-04T11:00:00;,97.48
2023-08-04T12:00:00;,97.065
2023-08-04T13:00:00;,97.785
2023-08-04T14:00:00;,97.316
2023-08-04T15:00:00;,97.306
2023-08-04T16:00:00;,97.046
2023-08-04T17:00:00;,96.586
2023-08-04T18:00:00;,95.95
2023-08-04T19:00:00;,96.053
2023-08-04T20:00:00;,96.063
2023-08-04T21:00:00;,95.847
2023-08-04T22:00:00;,96.716
2023-08-04T23:00:00;,96.158
2023-08-05T00:00:00;,96.412
2023-08-05T01:00:00;,96.874
2023-08-05T02:00:00;,95.666
2023-08-05T03:00:00;,96.005
2023-08-05T04:00:00;,96.035
2023-08-05T05:00:00;,96.128
2023-08-05T06:00:00;,96.206
2023-08-05T07:00:00;,96.226
2023-08-05T08:00:00;,96.053
2023-08-05T09:00:00;,96.336
2023-08-05T10:00:00;,96.461
2023-08-05T11:00:00;,96.528
2023-08-05T12:00:00;,96.798
2023-08-05T13:00:00;,97.847
2023-08-05T14:00:00;,97.704
2023-08-05T15:00:00;,97.348
2023-08-05T16:00:00;,96.942
2023-08-05T17:00:00;,95.905
2023-08-05T18:00:00;,96.399
2023-08-05T19:00:00;,96.465
2023-08-05T20:00:00;,97.042
2023-08-05T21:00:00;,96.277
2023-08-05T22:00:00;,95.834
2023-08-05T23:00:00;,95.966
2023-08-06T00:00:00;,96.194
2023-08-06T01:00:00;,96.812
2023-08-06T02:00:00;,96.267
2023-08-06T03:00:00;,96.542
2023-08-06T04:00:00;,96.663
2023-08-06T05:00:00;,96.435
2023-08-06T06:00:00;,96.887
2023-08-06T07:00:00;,96.619
2023-08-06T08:00:00;,96.69
2023-08-06T09:00:00;,96.531
2023-08-06T10:00:00;,96.717
2023-08-06T11:00:00;,96.339
2023-08-06T12:00:00;,97.191
2023-08-06T13:00:00;,96.819
2023-08-06T14:00:00;,96.97
2023-08-06T15:00:00;,97.126
2023-08-06T16:00:00;,96.902
2023-08-06T17:00:00;,97.013
2023-08-06T18:00:00;,97.204
2023-08-06T19:00:00;,96.968
2023-08-06T20:00:00;,97.29
2023-08-06T21:00:00;,97.452
2023-08-06T22:00:00;,96.766
2023-08-06T23:00:00;,96.655
2023-08-07T00:00:00;,96.761
2023-08-07T01:00:00;,97.482
2023-08-07T02:00:00;,97.144
2023-08-07T03:00:00;,96.772
2023-08-07T04:00:00;,96.726
2023-08-07T05:00:00;,96.63
2023-08-07T06:00:00;,96.431
2023-08-07T07:00:00;,96.49
2023-08-07T08:00:00;,96.622
2023-08-07T09:00:00;,96.463
2023-08-07T10:00:00;,96.413
2023-08-07T11:00:00;,97.148
2023-08-07T12:00:00;,96.861
2023-08-07T13:00:00;,96.579
2023-08-07T14:00:00;,96.729
2023-08-07T15:00:00;,96.781
2023-08-07T16:00:00;,96.716
2023-08-07T17:00:00;,96.719
2023-08-07T18:00:00;,95.751
2023-08-07T19:00:00;,95.92
2023-08-07T20:00:00;,96.038
2023-08-07T21:00:00;,95.966
2023-08-07T22:00:00;,96.109
2023-08-07T23:00:00;,96.557
2023-08-08T00:00:00;,96.58
2023-08-08T01:00:00;,96.164
2023-08-08T02:00:00;,95.99
2023-08-08T03:00:00;,96.024
2023-08-08T04:00:00;,96.443
2023-08-08T05:00:00;,96.146
2023-08-08T06:00:00;,95.675
2023-08-08T07:00:00;,96.552
2023-08-08T08:00:00;,97.023
2023-08-08T09:00:00;,97.368
2023-08-08T10:00:00;,97.55
2023-08-08T11:00:00;,97.34
2023-08-08T12:00:00;,98.115
2023-08-08T13:00:00;,98.342
2023-08-08T14:00:00;,98.354
2023-08-08T15:00:00;,97.403
2023-08-08T16:00:00;,96.852
2023-08-08T17:00:00;,97.596
2023-08-08T18:00:00;,97.582
2023-08-08T19:00:00;,97.105
2023-08-08T20:00:00;,97.634
2023-08-08T21:00:00;,95.966
2023-08-08T22:00:00;,95.634
2023-08-08T23:00:00;,96.229
2023-08-09T00:00:00;,95.578
2023-08-09T01:00:00;,95.875
2023-08-09T02:00:00;,96.128
2023-08-09T03:00:00;,95.963
2023-08-09T04:00:00;,96.41
2023-08-09T05:00:00;,95.876
2023-08-09T06:00:00;,96.229
2023-08-09T07:00:00;,96.907
2023-08-09T08:00:00;,96.652
2023-08-09T09:00:00;,97.638
2023-08-09T10:00:00;,97.942
2023-08-09T11:00:00;,97.688
2023-08-09T12:00:00;,98.195
2023-08-09T13:00:00;,97.932
2023-08-09T14:00:00;,97.733
2023-08-09T15:00:00;,97.544
2023-08-09T16:00:00;,97.755
2023-08-09T17:00:00;,96.856
2023-08-09T18:00:00;,97.391
2023-08-09T19:00:00;,97.55
2023-08-09T20:00:00;,97.309
2023-08-09T21:00:00;,97.01
2023-08-09T22:00:00;,96.8
2023-08-09T23:00:00;,96.821
2023-08-10T00:00:00;,97.269
2023-08-10T01:00:00;,97.076
2023-08-10T02:00:00;,97.459
2023-08-10T03:00:00;,97.207
2023-08-10T04:00:00;,97.873
2023-08-10T05:00:00;,97.596
2023-08-10T06:00:00;,96.621
2023-08-10T07:00:00;,97.38
2023-08-10T08:00:00;,97.913
2023-08-10T09:00:00;,97.914
2023-08-10T10:00:00;,97.591
2023-08-10T11:00:00;,98.787
2023-08-10T12:00:00;,98.319
2023-08-10T13:00:00;,98.144
2023-08-10T14:00:00;,98.453
2023-08-10T15:00:00;,98.735
2023-08-10T16:00:00;,98.923
2023-08-10T17:00:00;,98.285
2023-08-10T18:00:00;,97.831
2023-08-10T19:00:00;,98.469
2023-08-10T20:00:00;,98.242
2023-08-10T21:00:00;,98.087
2023-08-10T22:00:00;,98.281
2023-08-10T23:00:00;,97.699
2023-08-11T00:00:00;,98.048
2023-08-11T01:00:00;,97.857
2023-08-11T02:00:00;,97.695
2023-08-11T03:00:00;,98.025
2023-08-11T04:00:00;,97.917
2023-08-11T05:00:00;,97.819
2023-08-11T06:00:00;,98.597
2023-08-11T07:00:00;,98.878
2023-08-11T08:00:00;,99.091
2023-08-11T09:00:00;,99.298
2023-08-11T10:00:00;,98.5
2023-08-11T11:00:00;,99.126
2023-08-11T12:00:00;,99.116
2023-08-11T13:00:00;,99.106
2023-08-11T14:00:00;,99.354
2023-08-11T15:00:00;,98.986
2023-08-11T16:00:00;,98.771
2023-08-11T17:00:00;,99.236
2023-08-11T18:00:00;,98.852
2023-08-11T19:00:00;,99.132
2023-08-11T20:00:00;,99.172
2023-08-11T21:00:00;,98.452
2023-08-11T22:00:00;,98.491
2023-08-11T23:00:00;,98.309
2023-08-12T00:00:00;,98.858
2023-08-12T01:00:00;,98.543
2023-08-12T02:00:00;,98.56
2023-08-12T03:00:00;,98.746
2023-08-12T04:00:00;,98.653
2023-08-12T05:00:00;,98.587
2023-08-12T06:00:00;,99.112
2023-08-12T07:00:00;,99.421
2023-08-12T08:00:00;,99.606
2023-08-12T09:00:00;,99.442
2023-08-12T10:00:00;,99.683
2023-08-12T11:00:00;,99.884
2023-08-12T12:00:00;,99.749
2023-08-12T13:00:00;,99.741
2023-08-12T14:00:00;,99.662
2023-08-12T15:00:00;,99.929
2023-08-12T16:00:00;,99.786
2023-08-12T17:00:00;,99.371
2023-08-12T18:00:00;,99.84
2023-08-12T19:00:00;,99.44
2023-08-12T20:00:00;,99.362
2023-08-12T21:00:00;,99.921
2023-08-12T22:00:00;,99.745
2023-08-12T23:00:00;,99.476
2023-08-13T00:00:00;,99.342
2023-08-13T01:00:00;,99.318
2023-08-13T02:00:00;,98.362
2023-08-13T03:00:00;,98.894
2023-08-13T04:00:00;,99.27
2023-08-13T05:00:00;,99.497
2023-08-13T06:00:00;,99.348
2023-08-13T07:00:00;,99.513
2023-08-13T08:00:00;,99.626
2023-08-13T16:00:00;,99.826
2023-08-13T17:00:00;,99.912
2023-08-13T19:00:00;,99.359
2023-08-13T20:00:00;,99.552
2023-08-13T21:00:00;,99.368
2023-08-13T22:00:00;,99.159
2023-08-13T23:00:00;,99.005
2023-08-14T00:00:00;,99.281
2023-08-14T01:00:00;,99.49
2023-08-14T02:00:00;,99.286
2023-08-14T03:00:00;,99.521
2023-08-14T04:00:00;,99.602
2023-08-14T05:00:00;,99.808
2023-08-14T06:00:00;,99.354
2023-08-14T07:00:00;,99.448
2023-08-14T08:00:00;,99.757
2023-08-14T09:00:00;,99.394
2023-08-14T10:00:00;,99.844
2023-08-14T11:00:00;,99.933
2023-08-14T17:00:00;,99.812
2023-08-14T18:00:00;,99.711
2023-08-14T19:00:00;,99.24
2023-08-14T20:00:00;,99.162
2023-08-14T21:00:00;,99.348
2023-08-14T22:00:00;,99.455
2023-08-14T23:00:00;,99.528
2023-08-15T00:00:00;,99.257
2023-08-15T01:00:00;,99.226
2023-08-15T02:00:00;,99.304
2023-08-15T03:00:00;,99.433
2023-08-15T04:00:00;,99.226
2023-08-15T05:00:00;,99.36
2023-08-15T06:00:00;,99.845
2023-08-15T07:00:00;,99.966
2023-08-15T08:00:00;,99.455
2023-08-15T09:00:00;,99.99
2023-08-15T15:00:00;,99.967
2023-08-15T17:00:00;,99.741
2023-08-15T18:00:00;,99.63
2023-08-15T19:00:00;,99.818
2023-08-15T20:00:00;,99.52
2023-08-15T22:00:00;,99.543
2023-08-15T23:00:00;,99.51
2023-08-16T00:00:00;,99.908
2023-08-16T01:00:00;,98.995
2023-08-16T02:00:00;,99.335
2023-08-16T03:00:00;,99.879
2023-08-16T04:00:00;,99.728
2023-08-16T05:00:00;,99.748
2023-08-16T22:00:00;,99.905
2023-08-17T02:00:00;,99.915
2023-08-17T04:00:00;,99.647
2023-08-17T09:00:00;,99.863
2023-08-18T06:00:00;,99.887
2023-08-19T03:00:00;,99.878
2023-08-19T05:00:00;,99.95
2023-08-19T18:00:00;,99.96
2023-08-19T20:00:00;,99.38
2023-08-19T21:00:00;,99.678
2023-08-19T22:00:00;,99.235
2023-08-19T23:00:00;,98.481
2023-08-20T00:00:00;,98.595
2023-08-20T01:00:00;,99.088
2023-08-20T02:00:00;,99.226
2023-08-20T03:00:00;,98.981
2023-08-20T04:00:00;,98.996
2023-08-20T05:00:00;,98.884
2023-08-20T06:00:00;,98.233
2023-08-20T07:00:00;,98.361
2023-08-20T08:00:00;,99.382
2023-08-20T09:00:00;,99.173
2023-08-20T10:00:00;,99.507
2023-08-20T11:00:00;,99.64
2023-08-20T12:00:00;,99.529
2023-08-20T13:00:00;,99.346
2023-08-20T14:00:00;,99.473
2023-08-20T15:00:00;,99.524
2023-08-20T16:00:00;,99.007
2023-08-20T17:00:00;,99.092
2023-08-20T18:00:00;,99.283
2023-08-20T19:00:00;,98.937
2023-08-20T20:00:00;,98.622
2023-08-20T21:00:00;,98.564
2023-08-20T22:00:00;,99.229
2023-08-20T23:00:00;,98.718
2023-08-21T00:00:00;,98.237
2023-08-21T01:00:00;,98.847
2023-08-21T02:00:00;,98.763
2023-08-21T03:00:00;,98.932
2023-08-21T04:00:00;,99.166
2023-08-21T05:00:00;,99.134
2023-08-21T06:00:00;,98.929
2023-08-21T07:00:00;,98.864
2023-08-21T08:00:00;,99.009
2023-08-21T09:00:00;,99.26
2023-08-21T10:00:00;,99.22
2023-08-21T11:00:00;,99.321
2023-08-21T12:00:00;,98.791
2023-08-21T13:00:00;,99.643
2023-08-21T14:00:00;,99.219
2023-08-21T15:00:00;,99.035
2023-08-21T16:00:00;,99.23
2023-08-21T17:00:00;,99.067
2023-08-21T18:00:00;,99.204
2023-08-21T19:00:00;,99.326
2023-08-21T20:00:00;,98.959
2023-08-21T21:00:00;,98.989
2023-08-21T22:00:00;,98.064
2023-08-21T23:00:00;,98.723
2023-08-22T00:00:00;,98.587
2023-08-22T01:00:00;,98.398
2023-08-22T02:00:00;,99.12
2023-08-22T03:00:00;,98.653
2023-08-22T04:00:00;,98.805
2023-08-22T05:00:00;,98.972
2023-08-22T06:00:00;,99.461
2023-08-22T07:00:00;,98.918
2023-08-22T08:00:00;,99.517
2023-08-22T09:00:00;,99.378
2023-08-22T10:00:00;,99.973
2023-08-22T12:00:00;,99.755
2023-08-22T13:00:00;,99.646
2023-08-22T14:00:00;,99.597
2023-08-22T15:00:00;,99.805
2023-08-22T16:00:00;,99.513
2023-08-22T17:00:00;,99.737
2023-08-22T18:00:00;,99.304
2023-08-22T19:00:00;,99.351
2023-08-22T20:00:00;,99.457
2023-08-22T21:00:00;,99.476
2023-08-22T22:00:00;,99.794
2023-08-22T23:00:00;,98.819
2023-08-23T00:00:00;,98.868
2023-08-23T01:00:00;,99.132
2023-08-23T02:00:00;,99.247
2023-08-23T03:00:00;,98.539
2023-08-23T04:00:00;,99.099
2023-08-23T05:00:00;,99.48
2023-08-23T06:00:00;,99.696
2023-08-23T07:00:00;,99.925
2023-08-23T09:00:00;,99.73
2023-08-23T10:00:00;,99.788
2023-08-23T11:00:00;,99.973
2023-08-23T12:00:00;,99.705
2023-08-23T14:00:00;,99.712
2023-08-23T15:00:00;,99.968
2023-08-23T16:00:00;,99.4
2023-08-23T17:00:00;,99.801
2023-08-23T18:00:00;,99.7
2023-08-23T19:00:00;,99.639
2023-08-23T20:00:00;,99.78
2023-08-23T21:00:00;,99.398
2023-08-23T22:00:00;,99.457
2023-08-23T23:00:00;,99.497
2023-08-24T00:00:00;,99.462
2023-08-24T01:00:00;,99.745
2023-08-24T02:00:00;,99.693
2023-08-24T03:00:00;,99.648
2023-08-24T04:00:00;,99.587
2023-08-24T05:00:00;,99.448
2023-08-24T06:00:00;,98.942
2023-08-24T07:00:00;,99.718
2023-08-24T10:00:00;,99.826
2023-08-24T18:00:00;,99.693
2023-08-24T22:00:00;,99.751
2023-08-24T23:00:00;,99.554
2023-08-25T00:00:00;,99.244
2023-08-25T01:00:00;,99.186
2023-08-25T02:00:00;,99.359
2023-08-25T03:00:00;,99.671
2023-08-25T04:00:00;,99.647
2023-08-25T23:00:00;,99.898
2023-08-26T00:00:00;,99.839
2023-08-26T01:00:00;,99.955
2023-08-26T04:00:00;,99.8
2023-08-26T06:00:00;,99.641
2023-08-26T07:00:00;,99.403
2023-08-26T08:00:00;,99.194
2023-08-26T09:00:00;,99.435
2023-08-26T10:00:00;,99.547
2023-08-26T11:00:00;,99.219
2023-08-26T12:00:00;,99.736
2023-08-26T14:00:00;,99.473
2023-08-26T15:00:00;,99.531
2023-08-26T16:00:00;,99.865
2023-08-26T19:00:00;,99.869
2023-08-26T20:00:00;,99.717
2023-08-26T21:00:00;,98.757
2023-08-26T22:00:00;,98.96
2023-08-26T23:00:00;,98.574
2023-08-27T00:00:00;,98.398
2023-08-27T01:00:00;,98.644
2023-08-27T02:00:00;,98.433
2023-08-27T03:00:00;,99.203
2023-08-27T04:00:00;,98.683
2023-08-27T05:00:00;,98.869
2023-08-27T06:00:00;,98.65
2023-08-27T07:00:00;,99.697
2023-08-27T08:00:00;,99.556
2023-08-27T09:00:00;,99.968
2023-08-27T12:00:00;,99.925
2023-08-27T13:00:00;,99.903
2023-08-27T14:00:00;,99.965
2023-08-27T17:00:00;,99.979
2023-08-27T19:00:00;,99.787
2023-08-27T20:00:00;,99.484
2023-08-27T21:00:00;,99.199
2023-08-27T22:00:00;,99.21
2023-08-27T23:00:00;,98.604
2023-08-28T00:00:00;,98.859
2023-08-28T01:00:00;,99.638
2023-08-28T02:00:00;,99.649
2023-08-28T03:00:00;,99.443
2023-08-28T04:00:00;,99.821
2023-08-28T05:00:00;,99.457
2023-08-28T06:00:00;,99.417
2023-08-28T07:00:00;,99.647
2023-08-28T12:00:00;,99.868
2023-08-28T16:00:00;,99.964
2023-08-28T19:00:00;,99.576
2023-08-28T20:00:00;,99.627
2023-08-28T21:00:00;,99.426
2023-08-28T22:00:00;,99.437
2023-08-28T23:00:00;,99.103
2023-08-29T00:00:00;,99.294
2023-08-29T01:00:00;,98.864
2023-08-29T02:00:00;,99.207
2023-08-29T03:00:00;,98.699
2023-08-29T04:00:00;,99.327
2023-08-29T05:00:00;,99.107
2023-08-29T06:00:00;,98.748
2023-08-29T07:00:00;,98.839
2023-08-29T08:00:00;,99.486
2023-08-29T09:00:00;,99.535
2023-08-29T10:00:00;,99.517
2023-08-29T11:00:00;,99.478
2023-08-29T12:00:00;,99.675
2023-08-29T20:00:00;,99.738
2023-08-29T21:00:00;,99.835
2023-08-29T22:00:00;,99.424
2023-08-29T23:00:00;,99.298
2023-08-30T00:00:00;,98.739
2023-08-30T01:00:00;,98.96
2023-08-30T02:00:00;,99.411
2023-08-30T03:00:00;,99.375
2023-08-30T04:00:00;,99.396
2023-08-30T05:00:00;,99.698
2023-08-30T06:00:00;,99.34
2023-08-30T07:00:00;,99.431
2023-08-30T09:00:00;,99.289
2023-08-30T10:00:00;,99.658
2023-08-30T11:00:00;,99.147
2023-08-30T12:00:00;,99.343
2023-08-30T13:00:00;,99.313
2023-08-30T14:00:00;,99.326
2023-08-30T15:00:00;,99.438
2023-08-30T16:00:00;,99.923
2023-08-30T17:00:00;,99.769
2023-08-30T18:00:00;,99.349
2023-08-30T19:00:00;,99.986
2023-08-30T20:00:00;,99.654
2023-08-30T21:00:00;,99.785
2023-08-30T22:00:00;,99.923
2023-08-30T23:00:00;,99.459
2023-08-31T00:00:00;,99.221
2023-08-31T01:00:00;,99.552
2023-08-31T02:00:00;,99.168
2023-08-31T03:00:00;,98.612
2023-08-31T04:00:00;,99.492
2023-08-31T05:00:00;,99.282
2023-08-31T06:00:00;,99.067
2023-08-31T07:00:00;,99.729
2023-08-31T08:00:00;,99.541
2023-08-31T09:00:00;,99.5
2023-08-31T10:00:00;,99.319
2023-08-31T11:00:00;,99.688
2023-08-31T12:00:00;,99.835
2023-08-31T13:00:00;,99.62
2023-08-31T14:00:00;,99.485
2023-08-31T15:00:00;,99.173
2023-08-31T16:00:00;,99.238
2023-08-31T17:00:00;,99.297
2023-08-31T18:00:00;,99.546
2023-08-31T19:00:00;,99.704
2023-08-31T20:00:00;,98.994
2023-08-31T21:00:00;,99.352
2023-08-31T22:00:00;,98.874
2023-08-31T23:00:00;,98.215
2023-09-01T00:00:00;,98.627
2023-09-01T01:00:00;,98.749
2023-09-01T02:00:00;,98.547
2023-09-01T03:00:00;,98.215
2023-09-01T04:00:00;,98.972
2023-09-01T05:00:00;,98.429
2023-09-01T06:00:00;,98.943
2023-09-01T07:00:00;,98.717
2023-09-01T08:00:00;,99.194
2023-09-01T09:00:00;,99.092
2023-09-01T10:00:00;,99.578
2023-09-01T11:00:00;,99.362
2023-09-01T12:00:00;,99.358
2023-09-01T13:00:00;,99.699
2023-09-01T14:00:00;,99.395
2023-09-01T15:00:00;,99.735
2023-09-01T16:00:00;,99.937
2023-09-01T17:00:00;,99.285
2023-09-01T18:00:00;,99.065
2023-09-01T19:00:00;,99.288
2023-09-01T20:00:00;,99.217
2023-09-01T21:00:00;,99.193
2023-09-01T22:00:00;,99.229
2023-09-01T23:00:00;,99.03
2023-09-02T00:00:00;,99.414
2023-09-02T01:00:00;,99.144
2023-09-02T02:00:00;,99.773
2023-09-02T03:00:00;,97.829
2023-09-02T04:00:00;,97.892
2023-09-02T05:00:00;,97.451
2023-09-02T06:00:00;,98.387
2023-09-02T07:00:00;,99.684
2023-09-02T08:00:00;,99.505
2023-09-02T09:00:00;,99.634
2023-09-02T10:00:00;,99.278
2023-09-02T11:00:00;,99.633
2023-09-02T12:00:00;,99.466
2023-09-02T13:00:00;,99.474
2023-09-02T14:00:00;,99.249
2023-09-02T15:00:00;,99.794
2023-09-02T16:00:00;,99.258
2023-09-02T17:00:00;,98.869
2023-09-02T18:00:00;,99.324
2023-09-02T19:00:00;,99.393
2023-09-02T20:00:00;,98.913
2023-09-02T21:00:00;,99.272
2023-09-02T22:00:00;,99.35
2023-09-02T23:00:00;,99.184
2023-09-03T00:00:00;,98.867
2023-09-03T01:00:00;,99.088
2023-09-03T02:00:00;,98.789
2023-09-03T03:00:00;,99.394
2023-09-03T04:00:00;,98.885
2023-09-03T05:00:00;,99.278
2023-09-03T06:00:00;,99.168
2023-09-03T07:00:00;,98.719
2023-09-03T08:00:00;,99.451
2023-09-03T09:00:00;,99.507
2023-09-03T10:00:00;,99.129
2023-09-03T11:00:00;,99.66
2023-09-03T12:00:00;,98.862
2023-09-03T13:00:00;,98.823
2023-09-03T14:00:00;,99.012
2023-09-03T15:00:00;,99.381
2023-09-03T16:00:00;,99.248
2023-09-03T17:00:00;,98.597
2023-09-03T18:00:00;,98.569
2023-09-03T19:00:00;,98.988
2023-09-03T20:00:00;,99.18
2023-09-03T21:00:00;,98.705
2023-09-03T22:00:00;,99.829
2023-09-03T23:00:00;,99.365
2023-09-04T00:00:00;,98.647
2023-09-04T01:00:00;,99.029
2023-09-04T02:00:00;,99.322
2023-09-04T03:00:00;,99.51
2023-09-04T04:00:00;,99.109
2023-09-04T05:00:00;,99.224
2023-09-04T06:00:00;,99.345
2023-09-04T07:00:00;,99.516
2023-09-04T08:00:00;,99.554
2023-09-04T09:00:00;,99.574
2023-09-04T10:00:00;,99.323
2023-09-04T11:00:00;,98.939
2023-09-04T12:00:00;,98.929
2023-09-04T13:00:00;,98.766
2023-09-04T14:00:00;,99.027
2023-09-04T15:00:00;,98.853
2023-09-04T16:00:00;,98.942
2023-09-04T17:00:00;,98.943
2023-09-04T18:00:00;,98.629
2023-09-04T19:00:00;,99.013
2023-09-04T20:00:00;,98.924
2023-09-04T21:00:00;,99.091
2023-09-04T22:00:00;,99.34
2023-09-04T23:00:00;,98.937
2023-09-05T00:00:00;,98.621
2023-09-05T01:00:00;,99.144
2023-09-05T02:00:00;,99.549
2023-09-05T03:00:00;,99.785
2023-09-05T04:00:00;,99.332
2023-09-05T07:00:00;,99.871
2023-09-05T11:00:00;,99.958
2023-09-05T16:00:00;,99.449
2023-09-05T17:00:00;,99.933
2023-09-05T21:00:00;,99.594
2023-09-05T22:00:00;,99.493
2023-09-05T23:00:00;,99.792
2023-09-06T00:00:00;,99.625
2023-09-06T01:00:00;,99.779
2023-09-06T02:00:00;,99.539
2023-09-06T03:00:00;,99.612
2023-09-06T04:00:00;,99.741
2023-09-06T19:00:00;,99.698
2023-09-06T20:00:00;,99.895
2023-09-06T22:00:00;,99.875
2023-09-07T00:00:00;,99.973
2023-09-07T20:00:00;,99.847
2023-09-07T22:00:00;,99.905
2023-09-09T03:00:00;,99.893
2023-09-09T04:00:00;,99.844
2023-09-09T21:00:00;,99.735
2023-09-09T22:00:00;,99.779
2023-09-09T23:00:00;,99.578
2023-09-10T00:00:00;,99.829
2023-09-10T01:00:00;,99.952
2023-09-10T02:00:00;,99.28
2023-09-10T03:00:00;,99.586
2023-09-10T06:00:00;,99.771
2023-09-10T07:00:00;,99.723
2023-09-10T08:00:00;,99.707
2023-09-10T09:00:00;,99.486
2023-09-10T20:00:00;,99.548
2023-09-11T01:00:00;,99.922
2023-09-11T04:00:00;,99.739
2023-09-11T05:00:00;,99.711
2023-09-11T07:00:00;,99.829
2023-09-11T08:00:00;,99.925
2023-09-11T19:00:00;,99.962
2023-09-12T02:00:00;,99.499
2023-09-12T03:00:00;,99.799
2023-09-12T04:00:00;,99.471
2023-09-12T05:00:00;,98.823
2023-09-12T06:00:00;,98.693
2023-09-12T07:00:00;,99.576
2023-09-12T08:00:00;,98.654
2023-09-12T10:00:00;,99.974
2023-09-12T14:00:00;,99.986
2023-09-12T15:00:00;,98.191
2023-09-12T16:00:00;,97.439
2023-09-12T17:00:00;,97.536
2023-09-12T18:00:00;,97.655
2023-09-12T19:00:00;,98.526
2023-09-12T20:00:00;,97.688
2023-09-12T21:00:00;,97.626
2023-09-12T22:00:00;,98.059
2023-09-12T23:00:00;,97.942
2023-09-13T00:00:00;,97.994
2023-09-13T01:00:00;,98.639
2023-09-13T02:00:00;,98.183
2023-09-13T03:00:00;,98.241
2023-09-13T04:00:00;,98.304
2023-09-13T05:00:00;,98.249
2023-09-13T06:00:00;,98.425
2023-09-13T07:00:00;,97.94
2023-09-13T08:00:00;,98.611
2023-09-13T09:00:00;,98.616
2023-09-13T10:00:00;,98.371
2023-09-13T11:00:00;,98.532
2023-09-13T12:00:00;,98.131
2023-09-13T13:00:00;,98.257
2023-09-13T14:00:00;,98.358
2023-09-13T15:00:00;,97.963
2023-09-13T16:00:00;,97.958
2023-09-13T17:00:00;,98.305
2023-09-13T18:00:00;,98.332
2023-09-13T19:00:00;,98.193
2023-09-13T20:00:00;,98.453
2023-09-13T21:00:00;,98.531
2023-09-13T22:00:00;,98.258
2023-09-13T23:00:00;,98.612
2023-09-14T00:00:00;,98.123
2023-09-14T01:00:00;,98.425
2023-09-14T02:00:00;,98.828
2023-09-14T03:00:00;,98.904
2023-09-14T04:00:00;,99.794
2023-09-14T05:00:00;,99.161
2023-09-14T06:00:00;,99.442
2023-09-14T07:00:00;,99.646
2023-09-14T08:00:00;,99.686
2023-09-14T09:00:00;,99.741
2023-09-14T10:00:00;,99.885
2023-09-14T11:00:00;,99.688
2023-09-14T12:00:00;,99.157
2023-09-14T13:00:00;,99.398
2023-09-14T14:00:00;,99.2
2023-09-14T15:00:00;,99.189
2023-09-14T16:00:00;,99.818
2023-09-14T17:00:00;,98.975
2023-09-14T18:00:00;,98.881
2023-09-14T19:00:00;,98.944
2023-09-14T20:00:00;,99.399
2023-09-14T21:00:00;,98.874
2023-09-14T22:00:00;,99.722
2023-09-14T23:00:00;,99.261
2023-09-15T00:00:00;,99.415
2023-09-15T01:00:00;,99.577
2023-09-15T02:00:00;,99.698
2023-09-15T03:00:00;,99.829
2023-09-15T04:00:00;,99.979
2023-09-15T05:00:00;,99.315
2023-09-15T07:00:00;,99.825
2023-09-15T11:00:00;,99.701
2023-09-15T13:00:00;,99.902
2023-09-15T14:00:00;,99.839
2023-09-15T15:00:00;,99.89
2023-09-15T18:00:00;,99.843
2023-09-16T01:00:00;,99.831
2023-09-16T02:00:00;,99.804
2023-09-16T03:00:00;,99.656
2023-09-16T04:00:00;,99.241
2023-09-16T05:00:00;,99.282
2023-09-16T06:00:00;,99.218
2023-09-16T07:00:00;,99.599
2023-09-16T08:00:00;,99.372
2023-09-16T09:00:00;,99.24
2023-09-16T11:00:00;,99.727
2023-09-16T12:00:00;,99.583
2023-09-16T13:00:00;,99.525
2023-09-16T14:00:00;,98.692
2023-09-16T16:00:00;,99.217
2023-09-16T17:00:00;,99.91
2023-09-16T18:00:00;,99.861
2023-09-16T19:00:00;,99.432
2023-09-16T21:00:00;,99.958
2023-09-16T22:00:00;,99.753
2023-09-17T01:00:00;,99.378
2023-09-17T02:00:00;,99.043
2023-09-17T03:00:00;,99.24
2023-09-17T04:00:00;,99.242
2023-09-17T05:00:00;,99.603
2023-09-17T06:00:00;,99.548
2023-09-17T07:00:00;,99.523
2023-09-17T09:00:00;,99.933
2023-09-17T10:00:00;,99.959
2023-09-17T12:00:00;,99.754
2023-09-17T16:00:00;,99.982
2023-09-17T19:00:00;,99.648
2023-09-17T20:00:00;,99.747
2023-09-17T21:00:00;,99.709
2023-09-17T22:00:00;,99.842
2023-09-17T23:00:00;,99.441
2023-09-18T00:00:00;,99.347
2023-09-18T01:00:00;,99.806
2023-09-18T04:00:00;,99.578
2023-09-18T06:00:00;,99.908
2023-09-18T07:00:00;,99.963
2023-09-18T08:00:00;,98.745
2023-09-18T09:00:00;,97.936
2023-09-18T10:00:00;,98.719
2023-09-18T11:00:00;,98.431
2023-09-18T12:00:00;,98.519
2023-09-18T13:00:00;,98.83
2023-09-18T14:00:00;,98.832
2023-09-18T15:00:00;,99.238
2023-09-18T16:00:00;,97.808
2023-09-18T17:00:00;,97.767
2023-09-18T18:00:00;,96.708
2023-09-18T19:00:00;,96.695
2023-09-18T20:00:00;,95.458
2023-09-18T21:00:00;,95.145
2023-09-18T22:00:00;,94.8
2023-09-18T23:00:00;,94.303
2023-09-19T00:00:00;,94.816
2023-09-19T01:00:00;,95.916
2023-09-19T02:00:00;,96.378
2023-09-19T03:00:00;,96.763
2023-09-19T04:00:00;,96.693
2023-09-19T05:00:00;,96.422
2023-09-19T06:00:00;,96.863
2023-09-19T07:00:00;,96.496
2023-09-19T08:00:00;,96.638
2023-09-19T09:00:00;,96.892
2023-09-19T10:00:00;,96.179
2023-09-19T11:00:00;,95.406
2023-09-19T12:00:00;,95.31
2023-09-19T13:00:00;,95.3
2023-09-19T14:00:00;,94.993
2023-09-19T15:00:00;,94.744
2023-09-19T16:00:00;,94.883
2023-09-19T17:00:00;,94.934
2023-09-19T18:00:00;,94.565
2023-09-19T19:00:00;,94.553
2023-09-19T20:00:00;,95.176
2023-09-19T21:00:00;,94.624
2023-09-19T22:00:00;,94.133
2023-09-19T23:00:00;,94.792
2023-09-20T00:00:00;,94.962
2023-09-20T01:00:00;,95.691
2023-09-20T02:00:00;,96.166
2023-09-20T03:00:00;,95.533
2023-09-20T04:00:00;,96.158
2023-09-20T05:00:00;,96.13
2023-09-20T06:00:00;,96.307
2023-09-20T07:00:00;,96.382
2023-09-20T08:00:00;,96.476
2023-09-20T09:00:00;,96.259
2023-09-20T10:00:00;,96.6
2023-09-20T11:00:00;,95.784
2023-09-20T12:00:00;,95.955
2023-09-20T13:00:00;,95.835
2023-09-20T14:00:00;,95.72
2023-09-20T15:00:00;,95.627
2023-09-20T16:00:00;,95.578
2023-09-20T17:00:00;,95.585
2023-09-20T18:00:00;,95.031
2023-09-20T19:00:00;,95.627
2023-09-20T20:00:00;,95.441
2023-09-20T21:00:00;,95.598
2023-09-20T22:00:00;,96.033
2023-09-20T23:00:00;,96.142
2023-09-21T00:00:00;,96.374
2023-09-21T01:00:00;,96.314
2023-09-21T02:00:00;,96.743
2023-09-21T03:00:00;,96.672
2023-09-21T04:00:00;,96.759
2023-09-21T05:00:00;,97.014
2023-09-21T06:00:00;,96.974
2023-09-21T07:00:00;,96.685
2023-09-21T08:00:00;,96.991
2023-09-21T09:00:00;,96.499
2023-09-21T10:00:00;,96.258
2023-09-21T11:00:00;,96.16
2023-09-21T12:00:00;,96.223
2023-09-21T13:00:00;,96.05
2023-09-21T14:00:00;,96.215
2023-09-21T15:00:00;,95.93
2023-09-21T16:00:00;,96.002
2023-09-21T17:00:00;,96.267
2023-09-21T18:00:00;,96.006
2023-09-21T19:00:00;,95.753
2023-09-21T20:00:00;,96.054
2023-09-21T21:00:00;,96.042
2023-09-21T22:00:00;,96.724
2023-09-21T23:00:00;,96.759
2023-09-22T00:00:00;,96.56
2023-09-22T01:00:00;,97.074
2023-09-22T02:00:00;,96.393
2023-09-22T03:00:00;,96.617
2023-09-22T04:00:00;,97.5
2023-09-22T05:00:00;,96.574
2023-09-22T06:00:00;,96.582
2023-09-22T07:00:00;,96.204
2023-09-22T08:00:00;,97.051
2023-09-22T09:00:00;,97.026
2023-09-22T10:00:00;,97.128
2023-09-22T11:00:00;,96.831
2023-09-22T12:00:00;,96.651
2023-09-22T13:00:00;,97.213
2023-09-22T14:00:00;,96.869
2023-09-22T15:00:00;,97.388
2023-09-22T16:00:00;,96.81
2023-09-22T17:00:00;,96.794
2023-09-22T18:00:00;,96.367
2023-09-22T19:00:00;,96.518
2023-09-22T20:00:00;,96.404
2023-09-22T21:00:00;,96.465
2023-09-22T22:00:00;,96.726
2023-09-22T23:00:00;,96.789
2023-09-23T00:00:00;,96.643
2023-09-23T01:00:00;,97.297
2023-09-23T02:00:00;,96.915
2023-09-23T03:00:00;,96.639
2023-09-23T04:00:00;,96.823
2023-09-23T05:00:00;,97.381
2023-09-23T06:00:00;,97.071
2023-09-23T07:00:00;,96.99
2023-09-23T08:00:00;,97.252
2023-09-23T09:00:00;,97.428
2023-09-23T10:00:00;,97.35
2023-09-23T11:00:00;,97.363
2023-09-23T12:00:00;,97.956
2023-09-23T13:00:00;,97.695
2023-09-23T14:00:00;,98.192
2023-09-23T15:00:00;,97.839
2023-09-23T16:00:00;,97.875
2023-09-23T17:00:00;,97.492
2023-09-23T18:00:00;,97.298
2023-09-23T19:00:00;,97.243
2023-09-23T20:00:00;,97.435
2023-09-23T21:00:00;,97.463
2023-09-23T22:00:00;,98.109
2023-09-23T23:00:00;,97.835
2023-09-24T00:00:00;,97.791
2023-09-24T01:00:00;,97.558
2023-09-24T02:00:00;,98.185
2023-09-24T03:00:00;,97.878
2023-09-24T04:00:00;,97.628
2023-09-24T05:00:00;,97.738
2023-09-24T06:00:00;,97.906
2023-09-24T07:00:00;,98.358
2023-09-24T08:00:00;,99.091
2023-09-24T09:00:00;,98.788
2023-09-24T10:00:00;,99.162
2023-09-24T11:00:00;,98.542
2023-09-24T12:00:00;,99.064
2023-09-24T13:00:00;,99.232
2023-09-24T14:00:00;,99.201
2023-09-24T15:00:00;,98.979
2023-09-24T16:00:00;,99.368
2023-09-24T17:00:00;,99.32
2023-09-24T18:00:00;,98.923
2023-09-24T19:00:00;,99.361
2023-09-24T20:00:00;,98.814
2023-09-24T21:00:00;,98.814
2023-09-24T22:00:00;,99.04
2023-09-24T23:00:00;,98.42
2023-09-25T00:00:00;,97.15
2023-09-25T01:00:00;,97.082
2023-09-25T02:00:00;,96.921
2023-09-25T03:00:00;,96.418
2023-09-25T04:00:00;,96.375
2023-09-25T05:00:00;,96.828
2023-09-25T06:00:00;,96.338
2023-09-25T07:00:00;,95.965
2023-09-25T08:00:00;,95.425
2023-09-25T09:00:00;,95.094
2023-09-25T10:00:00;,95.506
2023-09-25T11:00:00;,95.178
2023-09-25T12:00:00;,95.295
2023-09-25T13:00:00;,95.184
2023-09-25T14:00:00;,95.408
2023-09-25T15:00:00;,95.042
2023-09-25T16:00:00;,94.975
2023-09-25T17:00:00;,94.775
2023-09-25T18:00:00;,95.306
2023-09-25T19:00:00;,95.478
2023-09-25T20:00:00;,94.721
2023-09-25T21:00:00;,94.859
2023-09-25T22:00:00;,95.36
2023-09-25T23:00:00;,96.285
2023-09-26T00:00:00;,96.392
2023-09-26T01:00:00;,96.706
2023-09-26T02:00:00;,96.473
2023-09-26T03:00:00;,96.836
2023-09-26T04:00:00;,96.882
2023-09-26T05:00:00;,97.412
2023-09-26T06:00:00;,97.14
2023-09-26T07:00:00;,96.397
2023-09-26T08:00:00;,96.957
2023-09-26T09:00:00;,96.418
2023-09-26T10:00:00;,96.827
2023-09-26T11:00:00;,96.93
2023-09-26T12:00:00;,96.24
2023-09-26T13:00:00;,96.909
2023-09-26T14:00:00;,95.903
2023-09-26T15:00:00;,95.552
2023-09-26T16:00:00;,96.287
2023-09-26T17:00:00;,96.191
2023-09-26T18:00:00;,96.157
2023-09-26T19:00:00;,96.278
2023-09-26T20:00:00;,96.487
2023-09-26T21:00:00;,96.185
2023-09-26T22:00:00;,96.309
2023-09-26T23:00:00;,96.58
2023-09-27T00:00:00;,97.073
2023-09-27T01:00:00;,96.424
2023-09-27T02:00:00;,97.031
2023-09-27T03:00:00;,97.297
2023-09-27T04:00:00;,97.033
2023-09-27T05:00:00;,97.44
2023-09-27T06:00:00;,97.081
2023-09-27T07:00:00;,97.136
2023-09-27T08:00:00;,97.825
2023-09-27T09:00:00;,97.245
2023-09-27T10:00:00;,97.539
2023-09-27T11:00:00;,97.138
2023-09-27T12:00:00;,97.416
2023-09-27T13:00:00;,97.094
2023-09-27T14:00:00;,96.865
2023-09-27T15:00:00;,97.169
2023-09-27T16:00:00;,97.441
2023-09-27T17:00:00;,97.162
2023-09-27T18:00:00;,96.435
2023-09-27T19:00:00;,96.535
2023-09-27T20:00:00;,96.746
2023-09-27T21:00:00;,97.129
2023-09-27T22:00:00;,96.97
2023-09-27T23:00:00;,96.871
2023-09-28T00:00:00;,97.845
2023-09-28T01:00:00;,97.154
2023-09-28T02:00:00;,97.478
2023-09-28T03:00:00;,97.427
2023-09-28T04:00:00;,97.548
2023-09-28T05:00:00;,97.502
2023-09-28T06:00:00;,97.255
2023-09-28T07:00:00;,97.417
2023-09-28T08:00:00;,97.723
2023-09-28T09:00:00;,97.432
2023-09-28T10:00:00;,97.178
2023-09-28T11:00:00;,97.568
2023-09-28T12:00:00;,97.703
2023-09-28T13:00:00;,97.499
2023-09-28T14:00:00;,98.272
2023-09-28T15:00:00;,97.837
2023-09-28T16:00:00;,97.853
2023-09-28T17:00:00;,98.025
2023-09-28T18:00:00;,96.825
2023-09-28T19:00:00;,97.241
2023-09-28T20:00:00;,96.823
2023-09-28T21:00:00;,97.0
2023-09-28T22:00:00;,97.921
2023-09-28T23:00:00;,97.207
2023-09-29T00:00:00;,97.745
2023-09-29T01:00:00;,97.529
2023-09-29T02:00:00;,97.577
2023-09-29T03:00:00;,97.571
2023-09-29T04:00:00;,97.38
2023-09-29T05:00:00;,97.665
2023-09-29T06:00:00;,97.321
2023-09-29T07:00:00;,97.397
2023-09-29T08:00:00;,98.093
2023-09-29T09:00:00;,98.326
2023-09-29T10:00:00;,98.528
2023-09-29T11:00:00;,98.787
2023-09-29T12:00:00;,98.198
2023-09-29T13:00:00;,97.938
2023-09-29T14:00:00;,98.428
2023-09-29T15:00:00;,98.256
2023-09-29T16:00:00;,98.33
2023-09-29T17:00:00;,98.078
2023-09-29T18:00:00;,98.617
2023-09-29T19:00:00;,98.482
2023-09-29T20:00:00;,98.583
2023-09-29T21:00:00;,98.45
2023-09-29T22:00:00;,98.1
2023-09-29T23:00:00;,98.613
2023-09-30T00:00:00;,97.972
2023-09-30T01:00:00;,98.266
2023-09-30T02:00:00;,98.15
2023-09-30T03:00:00;,98.08
2023-09-30T04:00:00;,98.476
2023-09-30T05:00:00;,98.054
2023-09-30T06:00:00;,98.978
2023-09-30T07:00:00;,98.3
2023-09-30T08:00:00;,98.707
2023-09-30T09:00:00;,98.569
2023-09-30T10:00:00;,98.819
2023-09-30T11:00:00;,99.037
2023-09-30T12:00:00;,99.482
2023-09-30T13:00:00;,99.014
2023-09-30T14:00:00;,99.668
2023-09-30T15:00:00;,99.687
2023-09-30T16:00:00;,99.722
2023-09-30T17:00:00;,99.548
2023-09-30T18:00:00;,99.465
2023-09-30T19:00:00;,99.361
2023-09-30T20:00:00;,99.349
2023-09-30T21:00:00;,99.304
2023-09-30T22:00:00;,99.596
2023-09-30T23:00:00;,99.78
2023-10-01T00:00:00;,99.227
2023-10-01T01:00:00;,99.716
2023-10-01T02:00:00;,99.797
2023-10-01T03:00:00;,99.455
2023-10-01T04:00:00;,99.308
2023-10-01T05:00:00;,99.524
2023-10-01T06:00:00;,99.73
2023-10-01T07:00:00;,99.556
2023-10-01T08:00:00;,99.614
2023-10-01T09:00:00;,99.537
2023-10-01T10:00:00;,99.897
2023-10-01T16:00:00;,99.893
2023-10-01T20:00:00;,99.882
2023-10-01T22:00:00;,99.283
2023-10-01T23:00:00;,99.064
2023-10-02T00:00:00;,99.232
2023-10-02T01:00:00;,99.368
2023-10-02T02:00:00;,99.34
2023-10-02T03:00:00;,98.881
2023-10-02T04:00:00;,99.104
2023-10-02T05:00:00;,99.606
2023-10-02T06:00:00;,99.768
2023-10-03T01:00:00;,99.903
2023-10-03T05:00:00;,99.862
2023-10-03T12:00:00;,99.888
2023-10-03T18:00:00;,99.648
2023-10-03T19:00:00;,99.979
2023-10-03T21:00:00;,99.993
2023-10-04T03:00:00;,99.965
2023-10-04T04:00:00;,99.96
2023-10-04T23:00:00;,99.956
2023-10-05T00:00:00;,99.777
2023-10-05T01:00:00;,99.944
2023-10-05T11:00:00;,99.925
2023-10-05T13:00:00;,99.715
2023-10-05T15:00:00;,99.892
2023-10-05T20:00:00;,99.961
2023-10-06T00:00:00;,99.623
2023-10-06T01:00:00;,99.831
2023-10-06T02:00:00;,99.612
2023-10-06T03:00:00;,99.596
2023-10-06T04:00:00;,99.89
2023-10-06T05:00:00;,99.517
2023-10-06T06:00:00;,99.282
2023-10-06T07:00:00;,99.392
2023-10-06T08:00:00;,99.349
2023-10-06T09:00:00;,99.166
2023-10-06T10:00:00;,99.477
2023-10-06T11:00:00;,99.693
2023-10-06T12:00:00;,99.622
2023-10-06T13:00:00;,99.928
2023-10-06T14:00:00;,99.823
2023-10-06T16:00:00;,99.635
2023-10-06T17:00:00;,99.672
2023-10-06T18:00:00;,99.44
2023-10-06T19:00:00;,99.519
2023-10-06T20:00:00;,99.498
2023-10-06T21:00:00;,99.847
2023-10-06T22:00:00;,99.523
2023-10-06T23:00:00;,99.442
2023-10-07T00:00:00;,99.43
2023-10-07T01:00:00;,99.166
2023-10-07T02:00:00;,98.853
2023-10-07T03:00:00;,99.752
2023-10-07T04:00:00;,99.402
2023-10-07T05:00:00;,98.69
2023-10-07T06:00:00;,99.098
2023-10-07T07:00:00;,99.749
2023-10-07T10:00:00;,99.823
2023-10-07T12:00:00;,99.514
2023-10-07T13:00:00;,99.47
2023-10-07T14:00:00;,99.484
2023-10-07T16:00:00;,99.331
2023-10-07T17:00:00;,99.528
2023-10-07T18:00:00;,99.439
2023-10-07T19:00:00;,99.265
2023-10-07T21:00:00;,99.772
2023-10-08T03:00:00;,99.716
2023-10-08T04:00:00;,99.303
2023-10-08T05:00:00;,99.856
2023-10-08T07:00:00;,99.719
2023-10-08T08:00:00;,99.272
2023-10-08T10:00:00;,99.93
2023-10-08T21:00:00;,99.999
2023-10-09T01:00:00;,99.608
2023-10-09T05:00:00;,99.72
2023-10-09T06:00:00;,99.972
2023-10-09T09:00:00;,99.677
2023-10-09T11:00:00;,99.966
2023-10-09T12:00:00;,99.685
2023-10-09T13:00:00;,99.669
2023-10-09T14:00:00;,99.478
2023-10-09T15:00:00;,99.658
2023-10-09T16:00:00;,99.231
2023-10-09T17:00:00;,99.507
2023-10-09T18:00:00;,99.341
2023-10-09T19:00:00;,99.51
2023-10-09T20:00:00;,99.241
2023-10-09T21:00:00;,99.925
2023-10-09T22:00:00;,99.545
2023-10-09T23:00:00;,99.75
2023-10-10T00:00:00;,99.606
2023-10-10T01:00:00;,99.264
2023-10-10T02:00:00;,99.473
2023-10-10T04:00:00;,99.77
2023-10-10T05:00:00;,99.922
2023-10-10T06:00:00;,99.701
2023-10-10T07:00:00;,99.498
2023-10-10T08:00:00;,99.929
2023-10-10T09:00:00;,99.98
2023-10-10T10:00:00;,99.734
2023-10-10T11:00:00;,99.284
2023-10-10T12:00:00;,99.988
2023-10-10T22:00:00;,99.889
2023-10-10T23:00:00;,99.661
2023-10-11T01:00:00;,99.896
2023-10-11T02:00:00;,99.851
2023-10-11T03:00:00;,99.861
2023-10-11T04:00:00;,99.996
2023-10-11T05:00:00;,99.471
2023-10-11T06:00:00;,99.545
2023-10-11T07:00:00;,99.049
2023-10-11T08:00:00;,99.68
2023-10-11T09:00:00;,99.342
2023-10-11T10:00:00;,99.462
2023-10-11T11:00:00;,99.379
2023-10-11T12:00:00;,99.181
2023-10-11T13:00:00;,99.45
2023-10-11T14:00:00;,99.34
2023-10-11T15:00:00;,99.084
2023-10-11T16:00:00;,98.993
2023-10-11T17:00:00;,98.848
2023-10-11T18:00:00;,99.169
2023-10-11T19:00:00;,99.406
2023-10-11T20:00:00;,99.487
2023-10-11T21:00:00;,99.742
2023-10-11T22:00:00;,99.775
2023-10-11T23:00:00;,99.565
2023-10-12T00:00:00;,99.858
2023-10-12T03:00:00;,99.418
2023-10-12T09:00:00;,99.651
2023-10-12T11:00:00;,99.489
2023-10-12T12:00:00;,99.49
2023-10-12T13:00:00;,99.973
2023-10-12T14:00:00;,99.642
2023-10-12T15:00:00;,99.625
2023-10-12T16:00:00;,99.523
2023-10-12T18:00:00;,99.656
2023-10-12T19:00:00;,99.841
2023-10-12T21:00:00;,99.805
2023-10-12T22:00:00;,99.608
2023-10-12T23:00:00;,99.85
2023-10-13T01:00:00;,99.897
2023-10-13T02:00:00;,99.88
2023-10-13T05:00:00;,99.91
2023-10-13T06:00:00;,99.803
2023-10-13T07:00:00;,99.738
2023-10-13T08:00:00;,99.89
2023-10-13T10:00:00;,99.08
2023-10-13T11:00:00;,99.217
2023-10-13T12:00:00;,99.719
2023-10-13T13:00:00;,99.63
2023-10-13T14:00:00;,99.172
2023-10-13T15:00:00;,99.574
2023-10-13T16:00:00;,99.202
2023-10-13T17:00:00;,99.683
2023-10-13T18:00:00;,99.742
2023-10-13T19:00:00;,99.065
2023-10-13T20:00:00;,99.422
2023-10-13T21:00:00;,98.627
2023-10-13T22:00:00;,98.148
2023-10-13T23:00:00;,98.293
2023-10-14T00:00:00;,98.293
2023-10-14T01:00:00;,98.611
2023-10-14T02:00:00;,98.541
2023-10-14T03:00:00;,98.773
2023-10-14T04:00:00;,98.231
2023-10-14T05:00:00;,98.105
2023-10-14T06:00:00;,98.662
2023-10-14T07:00:00;,98.871
2023-10-14T08:00:00;,99.301
2023-10-14T09:00:00;,99.164
2023-10-14T10:00:00;,99.253
2023-10-14T11:00:00;,99.516
2023-10-14T12:00:00;,99.284
2023-10-14T13:00:00;,99.077
2023-10-14T14:00:00;,99.574
2023-10-14T15:00:00;,99.471
2023-10-14T17:00:00;,99.459
2023-10-14T18:00:00;,99.137
2023-10-14T19:00:00;,99.451
2023-10-14T20:00:00;,99.437
2023-10-14T22:00:00;,99.689
2023-10-14T23:00:00;,98.845
2023-10-15T00:00:00;,99.042
2023-10-15T01:00:00;,99.182
2023-10-15T02:00:00;,99.169
2023-10-15T03:00:00;,99.469
2023-10-15T04:00:00;,99.449
2023-10-15T05:00:00;,99.421
2023-10-15T06:00:00;,99.388
2023-10-15T07:00:00;,99.92
2023-10-15T08:00:00;,99.421
2023-10-15T09:00:00;,98.832
2023-10-15T10:00:00;,99.599
2023-10-15T11:00:00;,99.654
2023-10-15T12:00:00;,99.82
2023-10-15T13:00:00;,99.593
2023-10-15T14:00:00;,99.623
2023-10-15T15:00:00;,99.447
2023-10-15T16:00:00;,99.613
2023-10-15T17:00:00;,99.392
2023-10-15T18:00:00;,99.953
2023-10-15T19:00:00;,99.548
2023-10-15T20:00:00;,99.636
2023-10-15T21:00:00;,99.608
2023-10-15T22:00:00;,99.413
2023-10-15T23:00:00;,99.808
2023-10-16T00:00:00;,99.697
2023-10-16T01:00:00;,99.884
2023-10-16T02:00:00;,99.427
2023-10-16T03:00:00;,99.837
2023-10-16T05:00:00;,99.976
2023-10-16T06:00:00;,99.397
2023-10-16T07:00:00;,99.421
2023-10-16T08:00:00;,99.907
2023-10-16T16:00:00;,99.808
2023-10-16T18:00:00;,99.334
2023-10-17T01:00:00;,99.741
2023-10-17T02:00:00;,99.638
2023-10-17T03:00:00;,99.536
2023-10-17T04:00:00;,99.318
2023-10-17T05:00:00;,99.835
2023-10-19T00:00:00;,99.574
2023-10-19T02:00:00;,99.414
2023-10-19T04:00:00;,99.626
2023-10-19T05:00:00;,99.537
2023-10-19T06:00:00;,99.835
2023-10-19T07:00:00;,99.692
2023-10-19T08:00:00;,99.636
2023-10-19T10:00:00;,99.831
2023-10-19T17:00:00;,99.934
2023-10-19T18:00:00;,99.754
2023-10-19T19:00:00;,99.696
2023-10-19T20:00:00;,99.747
2023-10-19T23:00:00;,99.981
2023-10-20T05:00:00;,99.707
2023-10-20T11:00:00;,99.824
2023-10-20T12:00:00;,99.903
2023-10-20T13:00:00;,99.688
2023-10-20T14:00:00;,99.387
2023-10-20T15:00:00;,98.823
2023-10-20T16:00:00;,99.483
2023-10-20T17:00:00;,98.734
2023-10-20T18:00:00;,98.581
2023-10-20T19:00:00;,98.887
2023-10-20T20:00:00;,98.545
2023-10-20T21:00:00;,98.514
2023-10-20T22:00:00;,98.348
2023-10-20T23:00:00;,98.939
2023-10-21T00:00:00;,98.868
2023-10-21T01:00:00;,98.565
2023-10-21T02:00:00;,98.758
2023-10-21T03:00:00;,98.878
2023-10-21T04:00:00;,98.755
2023-10-21T05:00:00;,99.024
2023-10-21T06:00:00;,99.419
2023-10-21T07:00:00;,99.09
2023-10-21T08:00:00;,99.733
2023-10-21T09:00:00;,99.493
2023-10-21T10:00:00;,99.23
2023-10-21T11:00:00;,99.463
2023-10-21T12:00:00;,99.481
2023-10-21T14:00:00;,99.476
2023-10-21T16:00:00;,99.903
2023-10-21T17:00:00;,99.911
2023-10-21T18:00:00;,98.825
2023-10-21T19:00:00;,99.472
2023-10-21T20:00:00;,99.212
2023-10-21T21:00:00;,99.311
2023-10-21T22:00:00;,99.357
2023-10-21T23:00:00;,99.829
2023-10-22T00:00:00;,99.159
2023-10-22T01:00:00;,99.561
2023-10-22T04:00:00;,99.518
2023-10-22T05:00:00;,99.675
2023-10-22T06:00:00;,99.619
2023-10-22T14:00:00;,99.983
2023-10-22T17:00:00;,99.972
2023-10-22T20:00:00;,99.845
2023-10-22T22:00:00;,99.656
2023-10-22T23:00:00;,99.737
2023-10-23T00:00:00;,99.559
2023-10-23T01:00:00;,99.749
2023-10-23T02:00:00;,99.916
2023-10-23T03:00:00;,99.517
2023-10-23T05:00:00;,99.463
2023-10-23T06:00:00;,99.373
2023-10-23T10:00:00;,99.986
2023-10-23T13:00:00;,99.963
2023-10-23T22:00:00;,99.78
2023-10-24T03:00:00;,99.204
2023-10-24T04:00:00;,99.819
2023-10-24T06:00:00;,99.516
2023-10-25T03:00:00;,99.61
2023-10-28T09:00:00;,99.965
2023-10-28T11:00:00;,99.854
2023-10-28T12:00:00;,99.954
2023-10-28T13:00:00;,99.903
2023-10-28T23:00:00;,99.767
2023-10-29T05:00:00;,99.983
2023-10-29T07:00:00;,99.855
2023-10-29T08:00:00;,99.846
2023-10-29T15:00:00;,99.795
2023-10-29T18:00:00;,99.962
2023-10-29T20:00:00;,99.506
2023-10-29T21:00:00;,99.309
2023-10-29T22:00:00;,98.864
2023-10-29T23:00:00;,99.155
2023-10-30T00:00:00;,98.705
2023-10-30T01:00:00;,99.021
2023-10-30T02:00:00;,99.316
2023-10-30T03:00:00;,99.524
2023-10-30T04:00:00;,99.062
2023-10-30T05:00:00;,99.292
2023-10-30T06:00:00;,99.292
2023-10-30T07:00:00;,99.284
2023-10-30T08:00:00;,99.321
2023-10-30T09:00:00;,99.247
2023-10-30T10:00:00;,99.509
2023-10-30T11:00:00;,99.209
2023-10-30T12:00:00;,99.053
2023-10-30T13:00:00;,98.88
2023-10-30T14:00:00;,99.445
2023-10-30T15:00:00;,99.898
2023-10-30T17:00:00;,99.918
2023-10-30T18:00:00;,99.8
2023-10-30T19:00:00;,99.863
2023-10-30T21:00:00;,99.991
2023-10-30T22:00:00;,99.484
2023-10-30T23:00:00;,98.865
2023-10-31T00:00:00;,99.585
2023-10-31T01:00:00;,99.354
2023-10-31T02:00:00;,99.481
2023-10-31T03:00:00;,99.726
2023-10-31T04:00:00;,99.416
2023-10-31T05:00:00;,99.688
2023-10-31T06:00:00;,99.114
2023-10-31T07:00:00;,99.016
2023-10-31T08:00:00;,98.583
2023-10-31T09:00:00;,99.344
2023-10-31T10:00:00;,99.185
2023-10-31T11:00:00;,99.416
2023-10-31T12:00:00;,99.796
2023-10-31T13:00:00;,99.882
2023-10-31T14:00:00;,99.372
2023-10-31T15:00:00;,99.444
2023-10-31T16:00:00;,99.453
2023-10-31T17:00:00;,99.575
2023-10-31T18:00:00;,99.744
2023-10-31T19:00:00;,99.998
2023-10-31T21:00:00;,98.759
2023-10-31T22:00:00;,99.762
2023-10-31T23:00:00;,98.601
2023-11-01T00:00:00;,98.747
2023-11-01T01:00:00;,99.152
2023-11-01T02:00:00;,99.27
2023-11-01T03:00:00;,98.813
2023-11-01T04:00:00;,99.064
2023-11-01T05:00:00;,99.117
2023-11-01T06:00:00;,98.465
2023-11-01T07:00:00;,98.873
2023-11-01T08:00:00;,98.535
2023-11-01T09:00:00;,98.797
2023-11-01T10:00:00;,98.711
2023-11-01T11:00:00;,98.721
2023-11-01T12:00:00;,98.886
2023-11-01T13:00:00;,98.885
2023-11-01T14:00:00;,98.868
2023-11-01T15:00:00;,99.186
2023-11-01T16:00:00;,99.558
2023-11-01T17:00:00;,99.186
2023-11-01T18:00:00;,98.949
2023-11-01T19:00:00;,98.487
2023-11-01T20:00:00;,99.094
2023-11-01T21:00:00;,99.486
2023-11-01T22:00:00;,98.923
2023-11-01T23:00:00;,98.45
2023-11-02T00:00:00;,98.548
2023-11-02T01:00:00;,98.715
2023-11-02T02:00:00;,98.72
2023-11-02T03:00:00;,98.605
2023-11-02T04:00:00;,98.606
2023-11-02T05:00:00;,98.688
2023-11-02T06:00:00;,98.037
2023-11-02T07:00:00;,99.245
2023-11-02T08:00:00;,98.884
2023-11-02T09:00:00;,98.39
2023-11-02T10:00:00;,98.496
2023-11-02T11:00:00;,99.244
2023-11-02T12:00:00;,98.83
2023-11-02T13:00:00;,99.749
2023-11-02T14:00:00;,99.231
2023-11-02T15:00:00;,99.651
2023-11-02T16:00:00;,98.997
2023-11-02T17:00:00;,98.992
2023-11-02T18:00:00;,99.5
2023-11-02T19:00:00;,98.613
2023-11-02T20:00:00;,99.198
2023-11-02T21:00:00;,98.993
2023-11-02T22:00:00;,99.188
2023-11-02T23:00:00;,98.887
2023-11-03T00:00:00;,98.991
2023-11-03T01:00:00;,99.451
2023-11-03T02:00:00;,99.078
2023-11-03T03:00:00;,98.918
2023-11-03T04:00:00;,98.705
2023-11-03T05:00:00;,99.147
2023-11-03T06:00:00;,98.797
2023-11-03T07:00:00;,98.663
2023-11-03T08:00:00;,99.489
2023-11-03T09:00:00;,99.476
2023-11-03T10:00:00;,99.321
2023-11-03T11:00:00;,99.513
2023-11-03T12:00:00;,99.873
2023-11-03T13:00:00;,99.923
2023-11-03T14:00:00;,99.832
2023-11-03T15:00:00;,99.224
2023-11-03T16:00:00;,99.359
2023-11-03T17:00:00;,99.227
2023-11-03T19:00:00;,99.373
2023-11-03T20:00:00;,99.114
2023-11-03T21:00:00;,99.573
2023-11-03T22:00:00;,99.09
2023-11-03T23:00:00;,98.824
2023-11-04T00:00:00;,99.175
2023-11-04T01:00:00;,98.774
2023-11-04T02:00:00;,98.636
2023-11-04T03:00:00;,98.878
2023-11-04T04:00:00;,99.353
2023-11-04T05:00:00;,99.46
2023-11-04T06:00:00;,99.289
2023-11-04T07:00:00;,99.362
2023-11-04T08:00:00;,99.453
2023-11-04T09:00:00;,99.708
2023-11-04T10:00:00;,99.761
2023-11-04T11:00:00;,99.205
2023-11-04T12:00:00;,99.312
2023-11-04T13:00:00;,99.554
2023-11-04T14:00:00;,99.145
2023-11-04T15:00:00;,99.564
2023-11-04T16:00:00;,99.811
2023-11-04T17:00:00;,99.867
2023-11-04T18:00:00;,99.602
2023-11-04T19:00:00;,99.442
2023-11-04T20:00:00;,99.807
2023-11-04T21:00:00;,98.976
2023-11-04T22:00:00;,98.635
2023-11-04T23:00:00;,98.942
2023-11-05T00:00:00;,98.825
2023-11-05T01:00:00;,98.13
2023-11-05T02:00:00;,98.72
2023-11-05T03:00:00;,98.9
2023-11-05T04:00:00;,98.765
2023-11-05T05:00:00;,98.868
2023-11-05T06:00:00;,98.695
2023-11-05T07:00:00;,99.528
2023-11-05T08:00:00;,99.056
2023-11-05T09:00:00;,99.327
2023-11-05T10:00:00;,99.824
2023-11-05T13:00:00;,98.972
2023-11-05T14:00:00;,98.798
2023-11-05T15:00:00;,99.012
2023-11-05T16:00:00;,99.016
2023-11-05T17:00:00;,97.827
2023-11-05T18:00:00;,97.735
2023-11-05T19:00:00;,97.331
2023-11-05T20:00:00;,96.87
2023-11-05T21:00:00;,96.83
2023-11-05T22:00:00;,96.672
2023-11-05T23:00:00;,96.128
2023-11-06T00:00:00;,97.119
2023-11-06T01:00:00;,97.137
2023-11-06T02:00:00;,96.81
2023-11-06T03:00:00;,97.052
2023-11-06T04:00:00;,96.656
2023-11-06T05:00:00;,96.351
2023-11-06T06:00:00;,96.557
2023-11-06T07:00:00;,96.654
2023-11-06T08:00:00;,95.52
2023-11-06T09:00:00;,95.647
2023-11-06T10:00:00;,95.478
2023-11-06T11:00:00;,96.405
2023-11-06T12:00:00;,96.97
2023-11-06T13:00:00;,97.518
2023-11-06T14:00:00;,97.117
2023-11-06T15:00:00;,96.772
2023-11-06T16:00:00;,96.031
2023-11-06T17:00:00;,96.529
2023-11-06T18:00:00;,96.123
2023-11-06T19:00:00;,96.586
2023-11-06T20:00:00;,97.382
2023-11-06T21:00:00;,97.407
2023-11-06T22:00:00;,96.429
2023-11-06T23:00:00;,96.511
2023-11-07T00:00:00;,96.432
2023-11-07T01:00:00;,96.843
2023-11-07T02:00:00;,96.597
2023-11-07T03:00:00;,96.811
2023-11-07T04:00:00;,97.034
2023-11-07T05:00:00;,97.113
2023-11-07T06:00:00;,97.148
2023-11-07T07:00:00;,96.968
2023-11-07T08:00:00;,97.032
2023-11-07T09:00:00;,96.985
2023-11-07T10:00:00;,96.683
2023-11-07T11:00:00;,96.713
2023-11-07T12:00:00;,96.769
2023-11-07T13:00:00;,97.119
2023-11-07T14:00:00;,96.742
2023-11-07T15:00:00;,96.836
2023-11-07T16:00:00;,97.139
2023-11-07T17:00:00;,97.279
2023-11-07T18:00:00;,97.26
2023-11-07T19:00:00;,97.147
2023-11-07T20:00:00;,96.759
2023-11-07T21:00:00;,97.855
2023-11-07T22:00:00;,97.51
2023-11-07T23:00:00;,97.297
2023-11-08T00:00:00;,96.53
2023-11-08T01:00:00;,96.484
2023-11-08T02:00:00;,96.538
2023-11-08T03:00:00;,96.145
2023-11-08T04:00:00;,96.53
2023-11-08T05:00:00;,96.406
2023-11-08T06:00:00;,96.894
2023-11-08T07:00:00;,96.703
2023-11-08T08:00:00;,96.615
2023-11-08T09:00:00;,97.444
2023-11-08T10:00:00;,96.804
2023-11-08T11:00:00;,96.985
2023-11-08T12:00:00;,97.173
2023-11-08T13:00:00;,96.777
2023-11-08T14:00:00;,97.448
2023-11-08T15:00:00;,97.297
2023-11-08T16:00:00;,97.747
2023-11-08T17:00:00;,97.298
2023-11-08T18:00:00;,97.351
2023-11-08T19:00:00;,97.444
2023-11-08T20:00:00;,96.72
2023-11-08T21:00:00;,97.302
2023-11-08T22:00:00;,96.993
2023-11-08T23:00:00;,96.775
2023-11-09T00:00:00;,97.437
2023-11-09T01:00:00;,97.3
2023-11-09T02:00:00;,97.198
2023-11-09T03:00:00;,97.116
2023-11-09T04:00:00;,96.789
2023-11-09T05:00:00;,96.783
2023-11-09T06:00:00;,97.226
2023-11-09T07:00:00;,97.315
2023-11-09T08:00:00;,96.529
2023-11-09T09:00:00;,97.354
2023-11-09T10:00:00;,97.137
2023-11-09T11:00:00;,97.735
2023-11-09T12:00:00;,97.289
2023-11-09T13:00:00;,97.682
2023-11-09T14:00:00;,97.826
2023-11-09T15:00:00;,97.682
2023-11-09T16:00:00;,97.55
2023-11-09T17:00:00;,97.129
2023-11-09T18:00:00;,96.83
2023-11-09T19:00:00;,96.967
2023-11-09T20:00:00;,97.279
2023-11-09T21:00:00;,97.257
2023-11-09T22:00:00;,97.08
2023-11-09T23:00:00;,96.971
2023-11-10T00:00:00;,97.2
2023-11-10T01:00:00;,97.327
2023-11-10T02:00:00;,97.394
2023-11-10T03:00:00;,97.275
2023-11-10T04:00:00;,97.142
2023-11-10T05:00:00;,96.874
2023-11-10T06:00:00;,97.06
2023-11-10T07:00:00;,97.551
2023-11-10T08:00:00;,97.397
2023-11-10T09:00:00;,96.805
2023-11-10T10:00:00;,97.604
2023-11-10T11:00:00;,97.487
2023-11-10T12:00:00;,97.553
2023-11-10T13:00:00;,97.917
2023-11-10T14:00:00;,97.971
2023-11-10T15:00:00;,97.767
2023-11-10T16:00:00;,97.784
2023-11-10T17:00:00;,97.364
2023-11-10T18:00:00;,97.513
2023-11-10T19:00:00;,97.786
2023-11-10T20:00:00;,97.844
2023-11-10T21:00:00;,97.653
2023-11-10T22:00:00;,97.5
2023-11-10T23:00:00;,97.837
2023-11-11T00:00:00;,97.806
2023-11-11T01:00:00;,98.054
2023-11-11T02:00:00;,97.962
2023-11-11T03:00:00;,98.255
2023-11-11T04:00:00;,97.962
2023-11-11T05:00:00;,97.713
2023-11-11T06:00:00;,97.745
2023-11-11T07:00:00;,98.48
2023-11-11T08:00:00;,97.915
2023-11-11T09:00:00;,97.852
2023-11-11T10:00:00;,98.394
2023-11-11T11:00:00;,97.682
2023-11-11T12:00:00;,97.95
2023-11-11T13:00:00;,98.558
2023-11-11T14:00:00;,98.668
2023-11-11T15:00:00;,98.89
2023-11-11T16:00:00;,98.572
2023-11-11T17:00:00;,98.136
2023-11-11T18:00:00;,98.961
2023-11-11T19:00:00;,98.519
2023-11-11T20:00:00;,97.91
2023-11-11T21:00:00;,97.789
2023-11-11T22:00:00;,98.287
2023-11-11T23:00:00;,98.073
2023-11-12T00:00:00;,97.789
2023-11-12T01:00:00;,98.254
2023-11-12T02:00:00;,98.085
2023-11-12T03:00:00;,98.314
2023-11-12T04:00:00;,98.388
2023-11-12T05:00:00;,98.326
2023-11-12T06:00:00;,97.557
2023-11-12T07:00:00;,98.165
2023-11-12T08:00:00;,97.722
2023-11-12T09:00:00;,97.498
2023-11-12T10:00:00;,97.665
2023-11-12T11:00:00;,98.145
2023-11-12T12:00:00;,98.519
2023-11-12T13:00:00;,98.532
2023-11-12T14:00:00;,98.435
2023-11-12T15:00:00;,97.928
2023-11-12T16:00:00;,97.974
2023-11-12T17:00:00;,98.618
2023-11-12T18:00:00;,97.164
2023-11-12T19:00:00;,98.419
2023-11-12T20:00:00;,97.286
2023-11-12T21:00:00;,97.123
2023-11-12T22:00:00;,97.177
2023-11-12T23:00:00;,97.734
2023-11-13T00:00:00;,97.739
2023-11-13T01:00:00;,97.113
2023-11-13T02:00:00;,97.388
2023-11-13T03:00:00;,97.319
2023-11-13T04:00:00;,97.318
2023-11-13T05:00:00;,97.587
2023-11-13T06:00:00;,97.844
2023-11-13T07:00:00;,97.801
2023-11-13T08:00:00;,98.099
2023-11-13T09:00:00;,98.053
2023-11-13T10:00:00;,98.442
2023-11-13T11:00:00;,98.191
2023-11-13T12:00:00;,98.321
2023-11-13T13:00:00;,97.952
2023-11-13T14:00:00;,98.259
2023-11-13T15:00:00;,97.852
2023-11-13T16:00:00;,97.388
2023-11-13T17:00:00;,96.914
2023-11-13T18:00:00;,96.895
2023-11-13T19:00:00;,96.67
2023-11-13T20:00:00;,97.241
2023-11-13T21:00:00;,96.887
2023-11-13T22:00:00;,96.114
2023-11-13T23:00:00;,96.596
2023-11-14T00:00:00;,96.828
2023-11-14T01:00:00;,97.213
2023-11-14T02:00:00;,97.387
2023-11-14T03:00:00;,97.268
2023-11-14T04:00:00;,97.125
2023-11-14T05:00:00;,97.447
2023-11-14T06:00:00;,98.329
2023-11-14T07:00:00;,97.111
2023-11-14T08:00:00;,97.141
2023-11-14T09:00:00;,97.362
2023-11-14T10:00:00;,97.869
2023-11-14T11:00:00;,97.759
2023-11-14T12:00:00;,98.005
2023-11-14T13:00:00;,97.673
2023-11-14T14:00:00;,98.202
2023-11-14T15:00:00;,97.936
2023-11-14T16:00:00;,97.716
2023-11-14T17:00:00;,97.591
2023-11-14T18:00:00;,97.599
2023-11-14T19:00:00;,97.621
2023-11-14T20:00:00;,97.899
2023-11-14T21:00:00;,97.966
2023-11-14T22:00:00;,97.815
2023-11-14T23:00:00;,97.947
2023-11-15T00:00:00;,97.718
2023-11-15T01:00:00;,97.807
2023-11-15T02:00:00;,97.688
2023-11-15T03:00:00;,97.728
2023-11-15T04:00:00;,97.98
2023-11-15T05:00:00;,97.908
2023-11-15T06:00:00;,98.343
2023-11-15T07:00:00;,97.29
2023-11-15T08:00:00;,98.242
2023-11-15T09:00:00;,97.739
2023-11-15T10:00:00;,98.14
2023-11-15T11:00:00;,98.068
2023-11-15T12:00:00;,98.07
2023-11-15T13:00:00;,98.07
2023-11-15T14:00:00;,98.335
2023-11-15T15:00:00;,98.813
2023-11-15T16:00:00;,97.841
2023-11-15T17:00:00;,97.997
2023-11-15T18:00:00;,98.023
2023-11-15T19:00:00;,98.148
2023-11-15T20:00:00;,98.146
2023-11-15T21:00:00;,98.064
2023-11-15T22:00:00;,98.055
2023-11-15T23:00:00;,97.497
2023-11-16T00:00:00;,97.918
2023-11-16T01:00:00;,97.697
2023-11-16T02:00:00;,97.454
2023-11-16T03:00:00;,98.113
2023-11-16T04:00:00;,98.391
2023-11-16T05:00:00;,98.595
2023-11-16T06:00:00;,98.702
2023-11-16T07:00:00;,98.501
2023-11-16T08:00:00;,98.84
2023-11-16T09:00:00;,99.158
2023-11-16T10:00:00;,99.771
2023-11-16T11:00:00;,98.686
2023-11-16T12:00:00;,99.687
2023-11-16T13:00:00;,99.862
2023-11-16T14:00:00;,99.79
2023-11-16T15:00:00;,99.509
2023-11-16T16:00:00;,99.299
2023-11-16T17:00:00;,98.848
2023-11-16T18:00:00;,99.126
2023-11-16T19:00:00;,98.52
2023-11-16T20:00:00;,98.755
2023-11-16T21:00:00;,98.884
2023-11-16T22:00:00;,98.936
2023-11-16T23:00:00;,98.89
2023-11-17T00:00:00;,98.625
2023-11-17T01:00:00;,98.881
2023-11-17T02:00:00;,98.797
2023-11-17T03:00:00;,99.662
2023-11-17T04:00:00;,99.739
2023-11-17T05:00:00;,99.33
2023-11-17T06:00:00;,99.554
2023-11-17T07:00:00;,99.824
2023-11-17T08:00:00;,99.748
2023-11-17T10:00:00;,99.846
2023-11-17T18:00:00;,99.967
2023-11-17T20:00:00;,99.74
2023-11-17T21:00:00;,99.928
2023-11-17T22:00:00;,99.65
2023-11-17T23:00:00;,99.585
2023-11-18T02:00:00;,99.97
2023-11-18T05:00:00;,99.954
2023-11-18T19:00:00;,99.817
2023-11-18T23:00:00;,99.733
2023-11-19T06:00:00;,99.925
2023-11-19T19:00:00;,99.759
2023-11-19T22:00:00;,99.908
2023-11-20T23:00:00;,99.911
2023-11-21T02:00:00;,99.746
2023-11-21T04:00:00;,99.674
2023-11-21T07:00:00;,99.656
2023-11-21T08:00:00;,99.903
2023-11-21T10:00:00;,99.159
2023-11-21T11:00:00;,99.425
2023-11-21T12:00:00;,98.907
2023-11-21T13:00:00;,99.607
2023-11-21T17:00:00;,99.78
2023-11-21T18:00:00;,99.471
2023-11-21T19:00:00;,99.997
2023-11-21T20:00:00;,99.55
2023-11-21T21:00:00;,99.27
2023-11-21T22:00:00;,99.961
2023-11-22T00:00:00;,99.824
2023-11-22T01:00:00;,99.678
2023-11-22T02:00:00;,98.877
2023-11-22T03:00:00;,98.922
2023-11-22T04:00:00;,99.048
2023-11-22T05:00:00;,98.97
2023-11-22T06:00:00;,99.185
2023-11-22T08:00:00;,99.664
2023-11-22T09:00:00;,99.461
2023-11-22T10:00:00;,99.454
2023-11-22T11:00:00;,99.613
2023-11-22T12:00:00;,99.665
2023-11-22T13:00:00;,99.755
2023-11-22T16:00:00;,99.603
2023-11-22T17:00:00;,99.574
2023-11-22T18:00:00;,99.757
2023-11-22T19:00:00;,99.662
2023-11-22T20:00:00;,99.923
2023-11-22T21:00:00;,99.191
2023-11-22T22:00:00;,99.022
2023-11-22T23:00:00;,99.327
2023-11-23T00:00:00;,99.46
2023-11-23T01:00:00;,98.717
2023-11-23T02:00:00;,99.139
2023-11-23T03:00:00;,99.528
2023-11-23T04:00:00;,99.386
2023-11-23T05:00:00;,99.807
2023-11-23T06:00:00;,99.752
2023-11-23T07:00:00;,99.813
2023-11-23T08:00:00;,99.843
2023-11-23T09:00:00;,99.953
2023-11-23T10:00:00;,99.649
2023-11-23T11:00:00;,99.386
2023-11-23T12:00:00;,99.481
2023-11-23T14:00:00;,99.878
2023-11-23T15:00:00;,99.697
2023-11-23T18:00:00;,99.821
2023-11-23T19:00:00;,99.79
2023-11-23T20:00:00;,99.638
2023-11-23T21:00:00;,99.046
2023-11-23T22:00:00;,99.263
2023-11-23T23:00:00;,99.471
2023-11-24T00:00:00;,99.428
2023-11-24T01:00:00;,99.779
2023-11-24T02:00:00;,99.482
2023-11-24T03:00:00;,99.789
2023-11-24T04:00:00;,99.983
2023-11-24T05:00:00;,99.61
2023-11-24T09:00:00;,99.969
2023-11-25T01:00:00;,99.91
2023-11-25T02:00:00;,99.726
2023-11-25T03:00:00;,99.899
2023-11-25T04:00:00;,99.113
2023-11-25T05:00:00;,98.768
2023-11-25T06:00:00;,98.557
2023-11-25T07:00:00;,98.683
2023-11-25T08:00:00;,98.091
2023-11-25T09:00:00;,98.197
2023-11-25T10:00:00;,97.521
2023-11-25T11:00:00;,96.703
2023-11-25T12:00:00;,96.782
2023-11-25T13:00:00;,95.643
2023-11-25T14:00:00;,96.314
2023-11-25T15:00:00;,97.078
2023-11-25T16:00:00;,97.124
2023-11-25T17:00:00;,96.921
2023-11-25T18:00:00;,97.629
2023-11-25T19:00:00;,97.494
2023-11-25T20:00:00;,96.92
2023-11-25T21:00:00;,96.966
2023-11-25T22:00:00;,96.214
2023-11-25T23:00:00;,96.628
2023-11-26T00:00:00;,96.719
2023-11-26T01:00:00;,96.942
2023-11-26T02:00:00;,96.755
2023-11-26T03:00:00;,97.128
2023-11-26T04:00:00;,97.178
2023-11-26T05:00:00;,97.471
2023-11-26T06:00:00;,96.925
2023-11-26T07:00:00;,97.237
2023-11-26T08:00:00;,97.064
2023-11-26T09:00:00;,97.151
2023-11-26T10:00:00;,97.133
2023-11-26T11:00:00;,97.671
2023-11-26T12:00:00;,97.498
2023-11-26T13:00:00;,97.971
2023-11-26T14:00:00;,98.152
2023-11-26T15:00:00;,97.96
2023-11-26T16:00:00;,98.354
2023-11-26T17:00:00;,98.048
2023-11-26T18:00:00;,98.398
2023-11-26T19:00:00;,98.734
2023-11-26T20:00:00;,98.301
2023-11-26T21:00:00;,98.507
2023-11-26T22:00:00;,98.493
2023-11-26T23:00:00;,97.544
2023-11-27T00:00:00;,97.279
2023-11-27T01:00:00;,97.168
2023-11-27T02:00:00;,97.979
2023-11-27T03:00:00;,98.823
2023-11-27T04:00:00;,97.778
2023-11-27T05:00:00;,98.192
2023-11-27T06:00:00;,98.33
2023-11-27T07:00:00;,98.487
2023-11-27T08:00:00;,97.736
2023-11-27T09:00:00;,97.535
2023-11-27T10:00:00;,98.266
2023-11-27T11:00:00;,97.858
2023-11-27T12:00:00;,97.909
2023-11-27T13:00:00;,97.773
2023-11-27T14:00:00;,97.565
2023-11-27T15:00:00;,97.987
2023-11-27T16:00:00;,97.496
2023-11-27T17:00:00;,98.453
2023-11-27T18:00:00;,98.511
2023-11-27T19:00:00;,98.826
2023-11-27T20:00:00;,98.578
2023-11-27T21:00:00;,98.409
2023-11-27T22:00:00;,97.374
2023-11-27T23:00:00;,97.802
2023-11-28T00:00:00;,98.244
2023-11-28T01:00:00;,97.643
2023-11-28T02:00:00;,97.308
2023-11-28T03:00:00;,97.274
2023-11-28T04:00:00;,97.492
2023-11-28T05:00:00;,97.261
2023-11-28T06:00:00;,97.896
2023-11-28T07:00:00;,97.613
2023-11-28T08:00:00;,97.784
2023-11-28T09:00:00;,97.214
2023-11-28T10:00:00;,97.56
2023-11-28T11:00:00;,96.995
2023-11-28T12:00:00;,97.316
2023-11-28T13:00:00;,97.32
2023-11-28T14:00:00;,97.397
2023-11-28T15:00:00;,97.505
2023-11-28T16:00:00;,97.366
2023-11-28T17:00:00;,97.323
2023-11-28T18:00:00;,97.206
2023-11-28T19:00:00;,98.127
2023-11-28T20:00:00;,97.411
2023-11-28T21:00:00;,97.168
2023-11-28T22:00:00;,97.725
2023-11-28T23:00:00;,97.427
2023-11-29T00:00:00;,97.259
2023-11-29T01:00:00;,97.756
2023-11-29T02:00:00;,97.412
2023-11-29T03:00:00;,98.076
2023-11-29T04:00:00;,97.777
2023-11-29T05:00:00;,97.62
2023-11-29T06:00:00;,97.232
2023-11-29T07:00:00;,97.533
2023-11-29T08:00:00;,98.334
2023-11-29T09:00:00;,97.745
2023-11-29T10:00:00;,97.773
2023-11-29T11:00:00;,97.872
2023-11-29T12:00:00;,97.513
2023-11-29T13:00:00;,97.726
2023-11-29T14:00:00;,97.84
2023-11-29T15:00:00;,98.094
2023-11-29T16:00:00;,97.815
2023-11-29T17:00:00;,97.72
2023-11-29T18:00:00;,97.76
2023-11-29T19:00:00;,98.271
2023-11-29T20:00:00;,98.413
2023-11-29T21:00:00;,98.502
2023-11-29T22:00:00;,97.797
2023-11-29T23:00:00;,98.328
2023-11-30T00:00:00;,97.622
2023-11-30T01:00:00;,97.637
2023-11-30T02:00:00;,97.617
2023-11-30T03:00:00;,97.858
2023-11-30T04:00:00;,98.099
2023-11-30T05:00:00;,97.994
2023-11-30T06:00:00;,97.922
2023-11-30T07:00:00;,98.233
2023-11-30T08:00:00;,97.642
2023-11-30T09:00:00;,98.062
2023-11-30T10:00:00;,97.792
2023-11-30T11:00:00;,97.62
2023-11-30T12:00:00;,97.82
2023-11-30T13:00:00;,97.876
2023-11-30T14:00:00;,98.475
2023-11-30T15:00:00;,97.809
2023-11-30T16:00:00;,98.091
2023-11-30T17:00:00;,97.824
2023-11-30T18:00:00;,97.835
2023-11-30T19:00:00;,98.026
2023-11-30T20:00:00;,98.148
2023-11-30T21:00:00;,97.755
2023-11-30T22:00:00;,97.497
2023-11-30T23:00:00;,97.594
2023-12-01T00:00:00;,97.67
2023-12-01T01:00:00;,98.245
2023-12-01T02:00:00;,98.256
2023-12-01T03:00:00;,97.65
2023-12-01T04:00:00;,97.029
2023-12-01T05:00:00;,97.42
2023-12-01T06:00:00;,97.231
2023-12-01T07:00:00;,97.377
2023-12-01T08:00:00;,97.48
2023-12-01T09:00:00;,97.521
2023-12-01T10:00:00;,97.808
2023-12-01T11:00:00;,97.694
2023-12-01T12:00:00;,96.297
2023-12-01T13:00:00;,96.492
2023-12-01T14:00:00;,96.344
2023-12-01T15:00:00;,96.12
2023-12-01T16:00:00;,96.339
2023-12-01T17:00:00;,96.143
2023-12-01T18:00:00;,95.718
2023-12-01T19:00:00;,95.588
2023-12-01T20:00:00;,96.632
2023-12-01T21:00:00;,95.977
2023-12-01T22:00:00;,95.375
2023-12-01T23:00:00;,94.456
2023-12-02T00:00:00;,94.698
2023-12-02T01:00:00;,94.597
2023-12-02T02:00:00;,95.552
2023-12-02T03:00:00;,94.411
2023-12-02T04:00:00;,95.246
2023-12-02T05:00:00;,95.003
2023-12-02T06:00:00;,95.025
2023-12-02T07:00:00;,94.863
2023-12-02T08:00:00;,94.553
2023-12-02T09:00:00;,94.913
2023-12-02T10:00:00;,94.978
2023-12-02T11:00:00;,94.52
2023-12-02T12:00:00;,94.134
2023-12-02T13:00:00;,93.223
2023-12-02T14:00:00;,93.34
2023-12-02T15:00:00;,93.543
2023-12-02T16:00:00;,94.47
2023-12-02T17:00:00;,94.063
2023-12-02T18:00:00;,95.043
2023-12-02T19:00:00;,95.223
2023-12-02T20:00:00;,96.175
2023-12-02T21:00:00;,97.255
2023-12-02T22:00:00;,97.225
2023-12-02T23:00:00;,97.61
2023-12-03T00:00:00;,97.332
2023-12-03T01:00:00;,97.519
2023-12-03T02:00:00;,97.211
2023-12-03T03:00:00;,97.734
2023-12-03T04:00:00;,97.884
2023-12-03T05:00:00;,96.886
2023-12-03T06:00:00;,97.454
2023-12-03T07:00:00;,97.777
2023-12-03T08:00:00;,97.333
2023-12-03T09:00:00;,97.359
2023-12-03T10:00:00;,97.771
2023-12-03T11:00:00;,97.283
2023-12-03T12:00:00;,97.758
2023-12-03T13:00:00;,98.137
2023-12-03T14:00:00;,97.536
2023-12-03T15:00:00;,97.748
2023-12-03T16:00:00;,98.156
2023-12-03T17:00:00;,98.03
2023-12-03T18:00:00;,96.988
2023-12-03T19:00:00;,97.733
2023-12-03T20:00:00;,97.255
2023-12-03T21:00:00;,97.085
2023-12-03T22:00:00;,97.096
2023-12-03T23:00:00;,97.231
2023-12-04T00:00:00;,97.127
2023-12-04T01:00:00;,97.11
2023-12-04T02:00:00;,97.568
2023-12-04T03:00:00;,97.341
2023-12-04T04:00:00;,98.306
2023-12-04T05:00:00;,97.839
2023-12-04T06:00:00;,97.53
2023-12-04T07:00:00;,98.193
2023-12-04T08:00:00;,98.789
2023-12-04T09:00:00;,98.779
2023-12-04T10:00:00;,98.162
2023-12-04T11:00:00;,98.184
2023-12-04T12:00:00;,98.983
2023-12-04T13:00:00;,98.799
2023-12-04T14:00:00;,97.841
2023-12-04T15:00:00;,97.481
2023-12-04T16:00:00;,97.456
2023-12-04T17:00:00;,97.877
2023-12-04T18:00:00;,97.767
2023-12-04T19:00:00;,97.667
2023-12-04T20:00:00;,97.655
2023-12-04T21:00:00;,97.783
2023-12-04T22:00:00;,97.724
2023-12-04T23:00:00;,97.812
2023-12-05T00:00:00;,97.07
2023-12-05T01:00:00;,96.919
2023-12-05T02:00:00;,96.585
2023-12-05T03:00:00;,96.552
2023-12-05T04:00:00;,97.188
2023-12-05T05:00:00;,97.159
2023-12-05T06:00:00;,96.502
2023-12-05T07:00:00;,97.611
2023-12-05T08:00:00;,98.148
2023-12-05T09:00:00;,98.589
2023-12-05T10:00:00;,98.644
2023-12-05T11:00:00;,98.484
2023-12-05T12:00:00;,99.126
2023-12-05T13:00:00;,98.835
2023-12-05T14:00:00;,98.554
2023-12-05T15:00:00;,99.177
2023-12-05T16:00:00;,98.419
2023-12-05T17:00:00;,98.835
2023-12-05T18:00:00;,98.556
2023-12-05T19:00:00;,98.324
2023-12-05T20:00:00;,98.717
2023-12-05T21:00:00;,98.127
2023-12-05T22:00:00;,98.441
2023-12-05T23:00:00;,98.871
2023-12-06T00:00:00;,98.982
2023-12-06T01:00:00;,98.253
2023-12-06T02:00:00;,98.339
2023-12-06T03:00:00;,98.536
2023-12-06T04:00:00;,98.65
2023-12-06T05:00:00;,98.887
2023-12-06T06:00:00;,98.73
2023-12-06T07:00:00;,98.513
2023-12-06T08:00:00;,99.409
2023-12-06T09:00:00;,99.143
2023-12-06T10:00:00;,99.093
2023-12-06T11:00:00;,99.193
2023-12-06T13:00:00;,99.101
2023-12-06T14:00:00;,99.464
2023-12-06T15:00:00;,99.956
2023-12-06T16:00:00;,99.346
2023-12-06T17:00:00;,99.462
2023-12-06T18:00:00;,99.054
2023-12-06T19:00:00;,99.377
2023-12-06T20:00:00;,99.103
2023-12-06T21:00:00;,99.237
2023-12-06T22:00:00;,98.834
2023-12-06T23:00:00;,99.071
2023-12-07T00:00:00;,99.218
2023-12-07T01:00:00;,99.014
2023-12-07T02:00:00;,98.587
2023-12-07T03:00:00;,98.605
2023-12-07T04:00:00;,98.426
2023-12-07T05:00:00;,99.477
2023-12-07T06:00:00;,99.02
2023-12-07T07:00:00;,99.285
2023-12-07T08:00:00;,99.561
2023-12-07T09:00:00;,99.868
2023-12-07T10:00:00;,99.741
2023-12-07T13:00:00;,99.892
2023-12-07T17:00:00;,99.979
2023-12-07T18:00:00;,99.202
2023-12-07T19:00:00;,98.827
2023-12-07T20:00:00;,99.773
2023-12-07T21:00:00;,99.593
2023-12-07T22:00:00;,99.675
2023-12-07T23:00:00;,99.73
2023-12-08T00:00:00;,99.213
2023-12-08T01:00:00;,99.375
2023-12-08T02:00:00;,99.333
2023-12-08T03:00:00;,99.241
2023-12-08T04:00:00;,99.546
2023-12-08T05:00:00;,99.569
2023-12-08T07:00:00;,99.193
2023-12-08T08:00:00;,99.72
2023-12-08T09:00:00;,99.155
2023-12-08T10:00:00;,99.27
2023-12-08T11:00:00;,99.786
2023-12-08T13:00:00;,99.91
2023-12-08T16:00:00;,99.685
2023-12-08T17:00:00;,99.925
2023-12-08T18:00:00;,99.689
2023-12-08T19:00:00;,99.114
2023-12-08T20:00:00;,99.6
2023-12-08T21:00:00;,99.764
2023-12-08T22:00:00;,99.665
2023-12-08T23:00:00;,99.281
2023-12-09T00:00:00;,99.323
2023-12-09T01:00:00;,98.494
2023-12-09T02:00:00;,99.019
2023-12-09T03:00:00;,99.511
2023-12-09T04:00:00;,98.905
2023-12-09T05:00:00;,99.014
2023-12-09T06:00:00;,99.537
2023-12-09T07:00:00;,99.861
2023-12-09T08:00:00;,99.61
2023-12-09T09:00:00;,99.615
2023-12-09T11:00:00;,99.779
2023-12-09T16:00:00;,99.916
2023-12-09T17:00:00;,99.918
2023-12-09T19:00:00;,99.469
2023-12-09T20:00:00;,99.258
2023-12-09T21:00:00;,99.651
2023-12-09T22:00:00;,99.228
2023-12-09T23:00:00;,98.991
2023-12-10T00:00:00;,98.89
2023-12-10T01:00:00;,98.967
2023-12-10T02:00:00;,98.859
2023-12-10T03:00:00;,99.177
2023-12-10T04:00:00;,99.177
2023-12-10T05:00:00;,99.324
2023-12-10T06:00:00;,99.317
2023-12-10T07:00:00;,99.906
2023-12-10T16:00:00;,99.617
2023-12-10T18:00:00;,99.81
2023-12-10T19:00:00;,99.675
2023-12-10T20:00:00;,99.793
2023-12-10T21:00:00;,99.309
2023-12-10T22:00:00;,99.193
2023-12-10T23:00:00;,99.24
2023-12-11T00:00:00;,98.946
2023-12-11T01:00:00;,98.852
2023-12-11T02:00:00;,98.833
2023-12-11T03:00:00;,99.058
2023-12-11T04:00:00;,98.636
2023-12-11T05:00:00;,98.691
2023-12-11T06:00:00;,99.016
2023-12-11T07:00:00;,98.941
2023-12-11T08:00:00;,99.416
2023-12-11T09:00:00;,99.786
2023-12-11T10:00:00;,99.807
2023-12-11T14:00:00;,99.864
2023-12-11T16:00:00;,99.864
2023-12-11T18:00:00;,99.908
2023-12-11T19:00:00;,99.505
2023-12-11T20:00:00;,99.689
2023-12-11T21:00:00;,99.519
2023-12-11T22:00:00;,99.012
2023-12-11T23:00:00;,98.707
2023-12-12T00:00:00;,98.533
2023-12-12T01:00:00;,99.051
2023-12-12T02:00:00;,99.181
2023-12-12T03:00:00;,98.879
2023-12-12T04:00:00;,99.395
2023-12-12T05:00:00;,99.519
2023-12-12T06:00:00;,98.928
2023-12-12T07:00:00;,99.15
2023-12-12T08:00:00;,98.591
2023-12-12T09:00:00;,98.944
2023-12-12T10:00:00;,99.271
2023-12-12T11:00:00;,98.901
2023-12-12T12:00:00;,98.793
2023-12-12T13:00:00;,97.975
2023-12-12T14:00:00;,98.082
2023-12-12T15:00:00;,97.972
2023-12-12T16:00:00;,98.569
2023-12-12T17:00:00;,97.985
2023-12-12T18:00:00;,98.249
2023-12-12T19:00:00;,98.761
2023-12-12T20:00:00;,98.693
2023-12-12T21:00:00;,98.477
2023-12-12T22:00:00;,98.776
2023-12-12T23:00:00;,98.708
2023-12-13T00:00:00;,98.912
2023-12-13T01:00:00;,97.725
2023-12-13T02:00:00;,97.997
2023-12-13T03:00:00;,98.378
2023-12-13T04:00:00;,97.8
2023-12-13T05:00:00;,98.041
2023-12-13T06:00:00;,98.349
2023-12-13T07:00:00;,97.906
2023-12-13T08:00:00;,97.525
2023-12-13T09:00:00;,98.262
2023-12-13T10:00:00;,98.007
2023-12-13T11:00:00;,97.854
2023-12-13T12:00:00;,98.721
2023-12-13T13:00:00;,98.636
2023-12-13T14:00:00;,98.409
2023-12-13T15:00:00;,97.954
2023-12-13T16:00:00;,98.031
2023-12-13T17:00:00;,98.483
2023-12-13T18:00:00;,98.178
2023-12-13T19:00:00;,98.599
2023-12-13T20:00:00;,98.501
2023-12-13T21:00:00;,98.184
2023-12-13T22:00:00;,98.212
2023-12-13T23:00:00;,97.536
2023-12-14T00:00:00;,97.824
2023-12-14T01:00:00;,97.682
2023-12-14T02:00:00;,97.681
2023-12-14T03:00:00;,98.034
2023-12-14T04:00:00;,98.019
2023-12-14T05:00:00;,98.485
2023-12-14T06:00:00;,98.301
2023-12-14T07:00:00;,97.915
2023-12-14T08:00:00;,98.373
2023-12-14T09:00:00;,97.614
2023-12-14T10:00:00;,97.748
2023-12-14T11:00:00;,97.667
2023-12-14T12:00:00;,97.727
2023-12-14T13:00:00;,97.138
2023-12-14T14:00:00;,97.277
2023-12-14T15:00:00;,97.454
2023-12-14T16:00:00;,97.451
2023-12-14T17:00:00;,97.406
2023-12-14T18:00:00;,96.701
2023-12-14T19:00:00;,97.525
2023-12-14T20:00:00;,97.461
2023-12-14T21:00:00;,97.193
2023-12-14T22:00:00;,97.454
2023-12-14T23:00:00;,97.585
2023-12-15T00:00:00;,97.171
2023-12-15T01:00:00;,97.149
2023-12-15T02:00:00;,97.007
2023-12-15T03:00:00;,97.998
2023-12-15T04:00:00;,97.376
2023-12-15T05:00:00;,98.254
2023-12-15T06:00:00;,97.82
2023-12-15T07:00:00;,97.347
2023-12-15T08:00:00;,98.08
2023-12-15T09:00:00;,97.601
2023-12-15T10:00:00;,98.201
2023-12-15T11:00:00;,98.477
2023-12-15T12:00:00;,98.134
2023-12-15T13:00:00;,98.468
2023-12-15T14:00:00;,99.043
2023-12-15T15:00:00;,98.031
2023-12-15T16:00:00;,98.09
2023-12-15T17:00:00;,97.966
2023-12-15T18:00:00;,98.374
2023-12-15T19:00:00;,96.923
2023-12-15T20:00:00;,97.519
2023-12-15T21:00:00;,97.211
2023-12-15T22:00:00;,97.103
2023-12-15T23:00:00;,97.091
2023-12-16T00:00:00;,96.866
2023-12-16T01:00:00;,96.783
2023-12-16T02:00:00;,96.977
2023-12-16T03:00:00;,97.021
2023-12-16T04:00:00;,97.102
2023-12-16T05:00:00;,96.598
2023-12-16T06:00:00;,96.806
2023-12-16T07:00:00;,96.566
2023-12-16T08:00:00;,96.825
2023-12-16T09:00:00;,96.784
2023-12-16T10:00:00;,97.24
2023-12-16T11:00:00;,97.193
2023-12-16T12:00:00;,97.113
2023-12-16T13:00:00;,97.457
2023-12-16T14:00:00;,97.139
2023-12-16T15:00:00;,97.259
2023-12-16T16:00:00;,97.159
2023-12-16T17:00:00;,97.229
2023-12-16T18:00:00;,97.377
2023-12-16T19:00:00;,97.35
2023-12-16T20:00:00;,96.357
2023-12-16T21:00:00;,96.851
2023-12-16T22:00:00;,96.698
2023-12-16T23:00:00;,96.981
2023-12-17T00:00:00;,97.066
2023-12-17T01:00:00;,97.45
2023-12-17T02:00:00;,97.261
2023-12-17T03:00:00;,97.42
2023-12-17T04:00:00;,97.279
2023-12-17T05:00:00;,97.328
2023-12-17T06:00:00;,97.211
2023-12-17T07:00:00;,97.529
2023-12-17T08:00:00;,97.225
2023-12-17T09:00:00;,97.426
2023-12-17T10:00:00;,97.436
2023-12-17T11:00:00;,97.459
2023-12-17T12:00:00;,96.661
2023-12-17T13:00:00;,96.436
2023-12-17T14:00:00;,96.89
2023-12-17T15:00:00;,96.908
2023-12-17T16:00:00;,97.04
2023-12-17T17:00:00;,96.233
2023-12-17T18:00:00;,96.275
2023-12-17T19:00:00;,96.199
2023-12-17T20:00:00;,96.362
2023-12-17T21:00:00;,96.579
2023-12-17T22:00:00;,95.762
2023-12-17T23:00:00;,94.879
2023-12-18T00:00:00;,94.267
2023-12-18T01:00:00;,94.81
2023-12-18T02:00:00;,94.377
2023-12-18T03:00:00;,94.889
2023-12-18T04:00:00;,94.675
2023-12-18T05:00:00;,95.019
2023-12-18T06:00:00;,94.736
2023-12-18T07:00:00;,94.168
2023-12-18T08:00:00;,94.737
2023-12-18T09:00:00;,95.291
2023-12-18T10:00:00;,95.865
2023-12-18T11:00:00;,96.107
2023-12-18T12:00:00;,96.333
2023-12-18T13:00:00;,95.789
2023-12-18T14:00:00;,96.21
2023-12-18T15:00:00;,95.944
2023-12-18T16:00:00;,95.489
2023-12-18T17:00:00;,95.516
2023-12-18T18:00:00;,95.588
2023-12-18T19:00:00;,95.706
2023-12-18T20:00:00;,95.021
2023-12-18T21:00:00;,95.531
2023-12-18T22:00:00;,95.499
2023-12-18T23:00:00;,95.257
2023-12-19T00:00:00;,95.887
2023-12-19T01:00:00;,95.521
2023-12-19T02:00:00;,95.712
2023-12-19T03:00:00;,96.032
2023-12-19T04:00:00;,95.452
2023-12-19T05:00:00;,96.082
2023-12-19T06:00:00;,96.568
2023-12-19T07:00:00;,96.833
2023-12-19T08:00:00;,97.016
2023-12-19T09:00:00;,97.33
2023-12-19T10:00:00;,97.903
2023-12-19T11:00:00;,97.279
2023-12-19T12:00:00;,97.864
2023-12-19T13:00:00;,97.373
2023-12-19T14:00:00;,97.24
2023-12-19T15:00:00;,97.452
2023-12-19T16:00:00;,97.363
2023-12-19T17:00:00;,96.784
2023-12-19T18:00:00;,96.03
2023-12-19T19:00:00;,96.033
2023-12-19T20:00:00;,95.69
2023-12-19T21:00:00;,96.017
2023-12-19T22:00:00;,95.846
2023-12-19T23:00:00;,95.773
2023-12-20T00:00:00;,96.465
2023-12-20T01:00:00;,96.991
2023-12-20T02:00:00;,96.791
2023-12-20T03:00:00;,96.282
2023-12-20T04:00:00;,96.516
2023-12-20T05:00:00;,96.48
2023-12-20T06:00:00;,96.72
2023-12-20T07:00:00;,96.567
2023-12-20T08:00:00;,96.914
2023-12-20T09:00:00;,97.245
2023-12-20T10:00:00;,97.24
2023-12-20T11:00:00;,97.647
2023-12-20T12:00:00;,97.544
2023-12-20T13:00:00;,97.72
2023-12-20T14:00:00;,97.541
2023-12-20T15:00:00;,97.761
2023-12-20T16:00:00;,97.75
2023-12-20T17:00:00;,98.174
2023-12-20T18:00:00;,97.587
2023-12-20T19:00:00;,97.969
2023-12-20T20:00:00;,97.593
2023-12-20T21:00:00;,97.262
2023-12-20T22:00:00;,97.491
2023-12-20T23:00:00;,97.503
2023-12-21T00:00:00;,97.738
2023-12-21T01:00:00;,97.577
2023-12-21T02:00:00;,97.368
2023-12-21T03:00:00;,97.386
2023-12-21T04:00:00;,97.641
2023-12-21T05:00:00;,97.583
2023-12-21T06:00:00;,97.561
2023-12-21T07:00:00;,97.707
2023-12-21T08:00:00;,97.653
2023-12-21T09:00:00;,97.604
2023-12-21T10:00:00;,98.327
2023-12-21T11:00:00;,98.332
2023-12-21T12:00:00;,98.349
2023-12-21T13:00:00;,98.622
2023-12-21T14:00:00;,98.804
2023-12-21T15:00:00;,98.643
2023-12-21T16:00:00;,98.634
2023-12-21T17:00:00;,98.837
2023-12-21T18:00:00;,98.648
2023-12-21T19:00:00;,98.517
2023-12-21T20:00:00;,98.429
2023-12-21T21:00:00;,98.191
2023-12-21T22:00:00;,98.221
2023-12-21T23:00:00;,98.363
2023-12-22T00:00:00;,97.249
2023-12-22T01:00:00;,97.368
2023-12-22T02:00:00;,97.521
2023-12-22T03:00:00;,97.485
2023-12-22T04:00:00;,97.446
2023-12-22T05:00:00;,97.837
2023-12-22T06:00:00;,97.997
2023-12-22T07:00:00;,98.089
2023-12-22T08:00:00;,98.495
2023-12-22T09:00:00;,98.661
2023-12-22T10:00:00;,98.971
2023-12-22T11:00:00;,99.173
2023-12-22T12:00:00;,98.771
2023-12-22T13:00:00;,98.924
2023-12-22T14:00:00;,98.722
2023-12-22T15:00:00;,98.886
2023-12-22T16:00:00;,98.832
2023-12-22T17:00:00;,98.961
2023-12-22T18:00:00;,98.844
2023-12-22T19:00:00;,98.268
2023-12-22T20:00:00;,97.654
2023-12-22T21:00:00;,97.761
2023-12-22T22:00:00;,97.444
2023-12-22T23:00:00;,97.879
2023-12-23T00:00:00;,97.033
2023-12-23T01:00:00;,97.787
2023-12-23T02:00:00;,97.748
2023-12-23T03:00:00;,97.877
2023-12-23T04:00:00;,97.33
2023-12-23T05:00:00;,98.227
2023-12-23T06:00:00;,97.948
2023-12-23T07:00:00;,98.754
2023-12-23T08:00:00;,98.707
2023-12-23T09:00:00;,98.97
2023-12-23T10:00:00;,98.99
2023-12-23T11:00:00;,99.434
2023-12-23T12:00:00;,98.924
2023-12-23T13:00:00;,99.435
2023-12-23T14:00:00;,99.042
2023-12-23T15:00:00;,99.215
2023-12-23T16:00:00;,98.999
2023-12-23T17:00:00;,98.968
2023-12-23T18:00:00;,99.024
2023-12-23T19:00:00;,98.649
2023-12-23T20:00:00;,99.017
2023-12-23T21:00:00;,98.586
2023-12-23T22:00:00;,98.586
2023-12-23T23:00:00;,98.517
2023-12-24T00:00:00;,98.28
2023-12-24T01:00:00;,98.296
2023-12-24T02:00:00;,98.192
2023-12-24T03:00:00;,98.166
2023-12-24T04:00:00;,98.575
2023-12-24T05:00:00;,98.695
2023-12-24T06:00:00;,98.651
2023-12-24T07:00:00;,98.652
2023-12-24T08:00:00;,98.682
2023-12-24T09:00:00;,98.871
2023-12-24T10:00:00;,99.446
2023-12-24T11:00:00;,99.255
2023-12-24T12:00:00;,99.098
2023-12-24T13:00:00;,99.134
2023-12-24T14:00:00;,99.173
2023-12-24T15:00:00;,99.171
2023-12-24T16:00:00;,98.638
2023-12-24T17:00:00;,98.803
2023-12-24T18:00:00;,99.259
2023-12-24T19:00:00;,99.144
2023-12-24T20:00:00;,98.687
2023-12-24T21:00:00;,98.726
2023-12-24T22:00:00;,98.274
2023-12-24T23:00:00;,98.146
2023-12-25T00:00:00;,98.042
2023-12-25T01:00:00;,97.722
2023-12-25T02:00:00;,98.367
2023-12-25T03:00:00;,98.607
2023-12-25T04:00:00;,98.566
2023-12-25T05:00:00;,98.514
2023-12-25T06:00:00;,98.939
2023-12-25T07:00:00;,98.816
2023-12-25T08:00:00;,99.262
2023-12-25T09:00:00;,99.134
2023-12-25T10:00:00;,98.821
2023-12-25T11:00:00;,98.848
2023-12-25T12:00:00;,99.046
2023-12-25T13:00:00;,99.318
2023-12-25T14:00:00;,99.366
2023-12-25T15:00:00;,99.216
2023-12-25T16:00:00;,99.187
2023-12-25T17:00:00;,99.14
2023-12-25T18:00:00;,98.979
2023-12-25T19:00:00;,98.836
2023-12-25T20:00:00;,98.804
2023-12-25T21:00:00;,99.261
2023-12-25T22:00:00;,99.349
2023-12-25T23:00:00;,99.008
2023-12-26T00:00:00;,98.886
2023-12-26T01:00:00;,98.393
2023-12-26T02:00:00;,98.877
2023-12-26T03:00:00;,98.257
2023-12-26T04:00:00;,98.81
2023-12-26T05:00:00;,98.451
2023-12-26T06:00:00;,98.405
2023-12-26T07:00:00;,99.325
2023-12-26T08:00:00;,99.168
2023-12-26T09:00:00;,99.007
2023-12-26T10:00:00;,99.065
2023-12-26T11:00:00;,99.254
2023-12-26T12:00:00;,99.814
2023-12-26T13:00:00;,99.059
2023-12-26T14:00:00;,98.869
2023-12-26T15:00:00;,98.948
2023-12-26T16:00:00;,99.342
2023-12-26T17:00:00;,98.881
2023-12-26T18:00:00;,99.046
2023-12-26T19:00:00;,98.842
2023-12-26T20:00:00;,98.979
2023-12-26T21:00:00;,98.747
2023-12-26T22:00:00;,99.079
2023-12-26T23:00:00;,98.695
2023-12-27T00:00:00;,98.945
2023-12-27T01:00:00;,98.364
2023-12-27T02:00:00;,98.752
2023-12-27T03:00:00;,98.751
2023-12-27T04:00:00;,98.728
2023-12-27T05:00:00;,98.622
2023-12-27T06:00:00;,98.987
2023-12-27T07:00:00;,99.085
2023-12-27T08:00:00;,99.336
2023-12-27T09:00:00;,99.967
2023-12-27T10:00:00;,99.552
2023-12-27T11:00:00;,99.422
2023-12-27T12:00:00;,99.394
2023-12-27T13:00:00;,99.867
2023-12-27T14:00:00;,99.361
2023-12-27T15:00:00;,99.3
2023-12-27T16:00:00;,99.446
2023-12-27T17:00:00;,98.96
2023-12-27T18:00:00;,99.299
2023-12-27T19:00:00;,98.637
2023-12-27T20:00:00;,98.305
2023-12-27T21:00:00;,97.738
2023-12-27T22:00:00;,97.544
2023-12-27T23:00:00;,96.534
2023-12-28T00:00:00;,96.906
2023-12-28T01:00:00;,96.303
2023-12-28T02:00:00;,96.545
2023-12-28T03:00:00;,96.525
2023-12-28T04:00:00;,96.732
2023-12-28T05:00:00;,96.748
2023-12-28T06:00:00;,96.891
2023-12-28T07:00:00;,97.038
2023-12-28T08:00:00;,97.729
2023-12-28T09:00:00;,97.651
2023-12-28T10:00:00;,98.338
2023-12-28T11:00:00;,98.955
2023-12-28T12:00:00;,99.142
2023-12-28T13:00:00;,98.739
2023-12-28T14:00:00;,99.083
2023-12-28T15:00:00;,98.748
2023-12-28T16:00:00;,98.21
2023-12-28T17:00:00;,97.724
2023-12-28T18:00:00;,96.76
2023-12-28T19:00:00;,96.408
2023-12-28T20:00:00;,96.39
2023-12-28T21:00:00;,96.367
2023-12-28T22:00:00;,96.024
2023-12-28T23:00:00;,96.143
2023-12-29T00:00:00;,96.583
2023-12-29T01:00:00;,96.726
2023-12-29T02:00:00;,96.745
2023-12-29T03:00:00;,97.199
2023-12-29T04:00:00;,96.893
2023-12-29T05:00:00;,96.204
2023-12-29T06:00:00;,96.484
2023-12-29T07:00:00;,96.388
2023-12-29T08:00:00;,96.532
2023-12-29T09:00:00;,97.522
2023-12-29T10:00:00;,97.338
2023-12-29T11:00:00;,97.164
2023-12-29T12:00:00;,97.117
2023-12-29T13:00:00;,97.57
2023-12-29T14:00:00;,97.744
2023-12-29T15:00:00;,97.355
2023-12-29T16:00:00;,96.854
2023-12-29T17:00:00;,97.07
2023-12-29T18:00:00;,97.426
2023-12-29T19:00:00;,97.052
2023-12-29T20:00:00;,96.741
2023-12-29T21:00:00;,96.965
2023-12-29T22:00:00;,96.841
2023-12-29T23:00:00;,97.506
2023-12-30T00:00:00;,97.061
2023-12-30T01:00:00;,97.359
2023-12-30T02:00:00;,97.253
2023-12-30T03:00:00;,96.638
2023-12-30T04:00:00;,96.357
2023-12-30T05:00:00;,96.733
2023-12-30T06:00:00;,97.156
2023-12-30T07:00:00;,96.599
2023-12-30T08:00:00;,96.899
2023-12-30T09:00:00;,96.661
2023-12-30T10:00:00;,97.137
2023-12-30T11:00:00;,96.964
2023-12-30T12:00:00;,97.3
2023-12-30T13:00:00;,97.196
2023-12-30T14:00:00;,97.393
2023-12-30T15:00:00;,97.655
2023-12-30T16:00:00;,97.269
2023-12-30T17:00:00;,97.002
2023-12-30T18:00:00;,97.746
2023-12-30T19:00:00;,97.379
2023-12-30T20:00:00;,97.66
2023-12-30T21:00:00;,97.545
2023-12-30T22:00:00;,97.306
2023-12-30T23:00:00;,97.432
2023-12-31T00:00:00;,97.185
2023-12-31T01:00:00;,97.112
2023-12-31T02:00:00;,97.206
2023-12-31T03:00:00;,97.146
2023-12-31T04:00:00;,97.21
2023-12-31T05:00:00;,97.462
2023-12-31T06:00:00;,97.224
2023-12-31T07:00:00;,97.477
2023-12-31T08:00:00;,97.257
2023-12-31T09:00:00;,97.579
2023-12-31T10:00:00;,97.409
2023-12-31T11:00:00;,97.082
2023-12-31T12:00:00;,97.468
2023-12-31T13:00:00;,97.687
2023-12-31T14:00:00;,97.502
2023-12-31T15:00:00;,97.213
2023-12-31T16:00:00;,97.47
2023-12-31T17:00:00;,97.672
2023-12-31T18:00:00;,97.959
2023-12-31T19:00:00;,97.611
2023-12-31T20:00:00;,97.652
2023-12-31T21:00:00;,98.21
2023-12-31T22:00:00;,97.959
2023-12-31T23:00:00;,97.194
