t,value
1776212381850,2.08
1776212210384,1.83
1776211972350,1.02
1776211519418,1.1
1776211461290,1.29
1776211269540,1.03
1776210816650,0.76
1776210608670,0.38
1776209866615,1.7
1776209737356,2.0
1776209463262,1.8
1776209200427,1.5
1776209064330,0.43
1776208722540,1.37
1776208700480,0.63
1776208676780,0.79
1776208538213,2.2
1776208497913,2.33
1776207549135,1.96
1776207251708,2.3
1776207239630,0.26
1776206959250,1.12
1776206754520,1.6
1776206641633,1.68
1776206351711,2.5
1776205942487,1.4
1776205865610,1.07
1776205516416,3.4
1776205491496,1.9
1776205015464,2.71
1776204869764,1.9
1776204362750,0.76
1776204284860,1.85
1776203220190,1.6
1776202682740,1.3
1776202184846,1.78
1776201689700,0.72
1776201210096,1.61
1776201095846,2.19
1776201062396,2.2
1776201031670,1.18
1776200689623,4.0
1776200448383,1.56
1776200411457,1.2
1776199831995,1.7
1776199504142,3.14
1776199053504,1.3
1776198529819,2.6
1776197627140,0.9
1776197400930,1.59
1776197179336,4.4
1776196997601,1.7
1776196315410,1.09
1776195041409,1.76
1776194906010,0.69
1776194478940,1.13
1776194337069,2.9
1776194046207,1.5
1776193936663,3.27
1776193520540,1.8
1776193281430,1.08
1776193151473,4.3
1776192711403,1.5
1776192602740,1.93
1776192547041,2.6
1776192523010,1.26
1776192091871,1.9
1776191930513,3.3
1776191363343,2.2
1776191310703,2.23
1776191121446,1.72
1776190087761,1.9
1776189989430,0.79
1776189965721,2.9
1776188834312,1.8
1776188061340,1.28
1776187804707,1.7
1776187775720,1.94
1776187559255,1.86
1776187213255,1.6
1776186732880,0.54
1776186224860,1.5
1776186210200,2.07
1776185696051,1.9
1776185685650,1.23
1776185343644,1.6
1776184945721,1.98
1776184643569,4.6
1776184602894,4.0
1776184311784,1.0
1776184118601,2.2
1776183696700,1.29
1776183014137,1.97
1776182568736,1.5
1776182164810,1.19
1776181894416,4.6
1776181529765,1.86
1776181069130,1.0
1776180942990,1.6
1776180751710,0.35
1776180399406,2.0
1776179950748,1.8
1776179295515,3.8
1776179031030,0.74
1776178848950,1.8
1776178363649,1.91
1776178052312,1.8
1776177553110,1.68
1776177250770,0.91
1776177073032,1.8
1776176934460,1.56
1776176667730,-0.01
1776176524020,0.58
1776176420240,1.0
1776176214667,2.06
1776175805020,0.93
1776175498200,1.77
1776175238417,2.1
1776175171298,2.3
1776175135547,1.8
1776175124700,1.21
1776175100550,1.48
1776174869880,1.05
1776174791950,0.32
1776174716872,0.8
1776174186785,1.6
1776174033680,1.01
1776173961760,0.75
1776173742658,1.5
1776173681687,3.2
1776173627040,1.96
1776173621740,1.3
1776173458900,1.26
1776173422373,1.7
1776172947480,1.6
1776172927180,1.48
1776172919427,2.1
1776172860494,4.4
1776172763951,2.09
1776172595485,2.2
1776172455850,1.03
1776172436893,2.5
1776171958460,1.66
1776171646063,1.51
1776171589464,1.9
1776171445862,2.3
1776170847373,1.1
1776170745688,4.7
1776170671794,1.8
1776170249083,2.0
1776170209500,2.49
1776170196080,-0.01
1776170009281,1.6
1776169552590,1.06
1776169534681,2.68
1776169509138,2.39
1776168890564,1.59
1776168798151,1.8
1776168698681,1.5
1776168678680,1.06
1776168545675,1.0
1776168328810,1.29
1776167819631,1.7
1776167814490,-0.44
1776167399610,0.14
1776167228044,1.8
1776167100155,0.6
1776167039870,0.9
1776166888470,1.94
1776166852509,1.8
1776166519115,4.5
1776166357712,1.61
1776165656760,-0.62
1776165640543,1.69
1776165110132,2.2
1776164621051,1.9
1776164373839,1.6
1776164206200,0.81
1776163817062,3.2
1776163538250,-1.19
1776162945772,3.3
1776162776260,0.55
1776162452421,1.8
1776162394350,0.68
1776162144853,1.51
1776161993534,4.5
1776161962470,0.11
1776161840480,1.56
1776161818270,-0.24
1776161791373,2.8
1776161760649,1.87
1776161596728,5.7
1776161568205,1.9
1776161557857,1.9
1776161316040,1.05
1776161109252,2.0
1776160738867,2.31
1776160646760,1.78
1776160602356,1.8
1776160494252,2.6
1776160063690,1.43
1776159952651,1.0
1776159474226,2.7
1776159357004,2.6
1776159207180,0.78
1776158956417,2.0
1776158841370,2.05
1776158768000,1.13
1776158759790,1.21
1776158677726,2.46
1776158358260,0.68
1776158348060,0.9
1776158217420,1.25
1776157992720,2.49
1776157591410,1.28
1776157525092,1.71
1776156803670,1.66
1776156790020,0.93
1776156426390,0.73
1776156240910,1.95
1776156174975,1.96
1776156063148,1.51
1776155945130,1.38
1776155567659,2.23
1776155280622,2.32
1776155193060,0.78
1776155084797,1.9
1776155012760,1.3
1776154823630,1.62
1776154677473,1.6
1776153893340,-0.65
1776153891660,1.88
1776153775790,1.52
1776153533960,2.43
1776153415820,1.04
1776153270990,0.93
1776153142100,0.72
1776153062621,1.58
1776153003042,1.79
1776152536058,1.65
1776152468990,-1.2
1776152367620,1.0
1776152280820,1.83
1776152109080,0.53
1776152042341,2.3
1776151794161,2.02
1776151420390,0.48
1776151257530,2.43
1776151230462,2.7
1776150978717,1.6
1776150862340,0.75
1776150694110,0.19
1776150249020,0.8
1776150232253,2.19
1776149582114,1.9
1776149467380,0.82
1776148739253,1.6
1776148683980,2.91
1776148622290,0.69
1776148564911,1.6
1776148555120,0.55
1776148414312,1.8
1776148123914,2.13
1776147958779,2.16
1776147917938,3.1
1776147835880,-0.06
1776147464650,1.83
1776147419890,0.62
1776147377620,1.83
1776147361556,1.64
1776147349450,0.74
1776147294758,0.4
1776147197890,1.32
1776147190710,0.71
1776147186379,1.68
1776147175330,1.02
1776146969080,0.93
1776146845800,3.63
1776146491482,1.96
1776146471126,1.86
1776145953555,1.7
1776145821120,3.83
1776145777470,1.7
1776145188757,2.18
1776144685578,1.5
1776144630816,1.71
1776144532870,2.7
1776143949921,1.5
1776143603767,1.61
1776143515618,1.53
1776143442762,1.52
1776143224507,3.3
1776143066162,2.2
1776142425249,3.6
1776142338015,1.58
1776142238408,2.1
1776142129774,2.13
1776142108416,1.6
1776142025950,1.08
1776141900422,3.92
1776141848322,2.08
1776141730390,1.62
1776141389821,1.75
1776141239660,2.0
1776140962498,1.52
1776140766313,2.77
1776140655671,1.96
1776140432800,-0.8
1776140346160,3.7
1776140184851,2.04
1776140182365,0.4
1776140081826,3.21
1776140009184,3.37
1776139952210,1.33
1776139943586,2.48
1776139549947,3.37
1776139546680,0.94
1776139476390,1.0
1776139450631,2.76
1776139231142,1.6
1776139173536,2.55
1776138960938,1.52
1776138886053,2.4
1776138825760,0.16
1776138580181,2.36
1776138345140,0.8
1776138333620,1.68
1776138211050,1.97
1776138139852,2.29
1776138019349,1.86
1776137895876,2.2
1776137817740,1.22
1776137677240,0.26
1776137659505,1.61
1776137565800,1.73
1776137532856,3.2
1776137404070,1.75
1776137166131,1.66
1776136919504,2.41
1776136631126,2.0
1776136450290,2.66
1776136420990,1.02
1776136171321,2.15
1776136031875,2.56
1776135861202,5.5
1776135617766,2.42
1776135231209,1.66
1776135108436,4.7
1776134992614,2.43
1776134967664,2.05
1776134916591,1.89
1776134773815,1.66
1776134718730,0.27
1776134533119,1.7
1776134405561,2.41
1776134348864,1.92
1776134257020,3.41
1776134251081,2.07
1776134196150,0.76
1776133930472,3.01
1776133847896,1.59
1776133699823,1.96
1776133609545,1.81
1776133599361,1.94
1776133429795,1.61
1776133348385,1.6
1776133288688,3.31
1776133241831,3.1
1776133180331,1.57
1776133131310,1.55
1776133027320,0.75
1776132928656,2.4
1776132917782,1.74
1776132842394,2.46
1776132828216,2.06
1776132744310,-1.17
1776132545550,0.08
1776132487081,2.39
1776132441590,1.63
1776132273913,3.58
1776132215986,2.12
1776132032645,2.13
1776131755179,1.91
1776131664305,2.32
1776131559653,3.02
1776131533882,2.79
1776131450798,2.68
1776131319317,1.97
1776131130830,0.77
1776131058729,2.77
1776130971996,2.51
1776130911059,2.65
1776130854253,2.5
1776130834257,2.0
1776130792910,3.01
1776130752377,3.17
1776130723820,1.05
1776130703280,0.02
1776130627033,3.2
1776130603228,3.24
1776130551800,2.77
1776130505402,2.99
1776130449127,3.25
1776130425318,2.85
1776130324831,3.63
1776130155050,1.75
1776130152123,5.68
1776129803840,1.32
1776129704580,1.09
1776128952770,0.47
1776128494020,1.74
1776128465290,1.13
1776128404310,3.5
1776128215260,0.86
1776128171153,1.9
1776128016485,2.1
1776127842180,1.08
1776127713520,-0.44
1776127464429,0.7
1776127219250,-0.2
1776126827406,2.68
1776126323840,-0.74
1776125875129,1.7
1776125684810,0.45
1776125555103,2.0
1776125195068,2.7
1776124900035,1.4
1776124505710,1.97
1776124092530,-0.27
1776123618700,0.76
1776123414594,2.1
1776122498871,1.9
1776122479160,0.72
1776122274376,1.6
1776122034460,-0.83
1776121897573,1.8
1776121893290,1.36
1776121445660,2.3
1776121301460,1.04
1776121225284,1.8
1776121042299,2.9
1776120944942,2.8
1776120314340,4.0
1776120281110,0.45
1776120213090,1.09
1776119445330,1.6
1776119284020,1.29
1776119222940,0.34
1776118944750,1.84
1776118630785,2.12
1776117963131,1.7
1776117792370,-0.12
1776117619870,0.88
1776117461950,-0.83
1776117436300,1.67
1776117406790,0.74
1776117172619,1.8
1776116644433,1.6
1776116205870,0.24
1776116063566,2.9
1776115426270,3.73
1776115320146,1.86
1776114383390,0.55
1776114064913,2.7
1776113462390,1.18
1776112847067,1.7
1776112604324,1.9
1776112276050,1.14
1776111760931,1.9
1776111453000,1.52
1776110850584,2.24
1776109960403,1.7
1776109662470,1.02
1776109574693,2.3
1776109453404,1.4
1776108753220,3.22
1776108459650,0.86
1776108122197,4.4
1776107770138,2.3
1776107159340,0.82
1776107073426,1.5
1776107007720,1.25
1776106560620,0.67
1776106462479,4.6
1776105773466,2.1
1776105734330,3.3
1776105380766,4.5
1776104443456,1.6
1776103766720,0.01
1776103682720,2.1
1776103014760,3.14
1776102828482,4.4
1776102762080,1.35
1776102660820,3.23
1776102406640,0.61
1776102029387,2.2
1776101027202,2.0
1776100964638,2.1
1776100774519,1.7
1776100649179,1.5
1776100304707,4.4
1776099662850,0.7
1776099186174,3.1
1776099177500,0.88
1776099002440,1.95
1776098944720,1.7
1776098399000,1.9
1776097869880,0.91
1776097838354,1.5
1776097788257,1.7
1776097719890,-0.78
1776097438330,1.02
1776097418001,1.2
1776096988193,2.4
1776096941204,1.51
1776096747900,1.22
1776096323149,1.6
1776096269337,1.7
1776096259390,0.81
1776096004703,1.8
1776095546210,0.53
1776095076154,1.9
1776094646640,0.76
1776094452890,0.65
1776093984844,4.2
1776093883060,1.71
1776093340064,2.1
1776093025430,0.28
1776092808610,0.35
1776092154577,1.5
1776091497209,4.4
1776091422280,2.24
1776091157000,1.04
1776091043840,1.05
1776090842890,-0.35
1776090723890,1.28
1776090306250,-0.12
1776090300276,2.6
1776089992700,0.75
1776089986044,1.7
1776089839597,2.6
1776089769793,1.5
1776089760840,1.06
1776089470717,1.7
1776089431550,1.3
1776088533162,1.9
1776088430170,1.04
1776087787770,0.33
1776087149093,2.3
1776086888104,3.3
1776086815064,3.3
1776086153595,2.7
1776085849980,0.68
1776085620630,0.84
1776085436700,-0.51
1776085040480,0.17
1776085019885,4.7
1776084825820,0.96
1776084676329,2.3
1776084651696,2.0
1776084214368,2.0
1776083358680,2.04
1776083225560,1.4
1776083142362,4.4
1776082908920,1.8
1776082514971,1.5
1776082512040,-0.09
1776081619890,0.3
1776081464524,1.8
1776080660417,2.6
1776080556920,0.67
1776080092348,2.0
1776079614944,1.5
1776079594388,1.3
1776079452732,1.7
1776079378780,1.91
1776078690861,2.4
1776078381020,1.06
1776078284720,1.22
1776078134319,4.4
1776076996870,0.33
1776076407460,2.2
1776076339710,1.97
1776075835080,0.53
1776075378790,2.36
1776074846970,2.45
1776074675140,3.28
1776074489160,0.75
1776074374490,0.99
1776073826490,1.69
1776073073431,4.2
1776072370270,0.26
1776071348550,-0.21
1776069820610,1.09
1776069812200,0.5
1776069590000,4.5
1776069416786,1.88
1776069204997,2.1
1776069090530,1.31
1776069065995,1.8
1776068752240,1.88
1776068646859,2.9
1776067735243,1.8
1776067504480,0.06
1776067240860,0.77
1776067091150,1.99
1776066358230,1.59
1776066156720,0.27
1776065835100,-0.66
1776065731713,1.7
1776065729890,0.82
1776065597780,0.62
1776065555919,0.8
1776065399324,1.6
1776065133070,2.89
1776064758352,2.0
1776064687630,0.79
1776063932008,1.8
1776063781773,1.8
1776063780840,-0.72
1776063583987,4.9
1776063501470,1.02
1776063497740,1.7
1776062533180,1.25
1776062407545,2.9
1776062149730,1.79
1776061825490,0.78
1776061604067,3.3
1776061402828,5.2
1776061299975,5.0
1776060954360,1.76
1776060586130,0.21
1776059990310,3.14
1776059404648,1.7
1776059314499,4.7
1776058927740,1.03
1776058260250,0.62
1776058100830,0.7
1776057745870,0.96
1776057440080,1.54
1776057395901,1.6
1776057384374,1.0
1776056987880,3.15
1776056884547,2.56
1776056029847,2.7
1776055543060,-0.82
1776055310235,1.6
1776054389080,1.95
1776054241092,1.62
1776053942190,1.4
1776053919800,1.42
1776053859960,1.34
1776053825260,0.73
1776053785132,2.82
1776053777180,1.32
1776053506430,0.68
1776053220540,1.1
1776052976801,1.5
1776052714910,0.75
1776052660141,1.4
1776052263456,1.5
1776052186433,1.5
1776051925363,2.0
1776051717560,2.09
1776051238643,1.9
1776051029676,1.5
1776050927924,1.7
1776050849890,1.15
1776050407760,-0.06
1776050385840,2.17
1776050149260,1.68
1776050094310,0.88
1776050045313,2.1
1776049859939,1.5
1776049763108,2.6
1776049760058,1.5
1776049650180,0.02
1776049510720,0.94
1776048961421,5.3
1776048598155,1.6
1776047680850,1.61
1776047493070,0.78
1776046816370,1.11
1776046782220,1.07
1776046679700,0.77
1776046603728,1.9
1776046501108,5.5
1776046056600,-0.18
1776045997200,4.16
1776045674088,1.4
1776045163012,1.9
1776044725631,1.7
1776044521801,2.4
1776044337890,4.5
1776044116017,1.9
1776043906020,-0.65
1776043231510,1.05
1776043151559,1.1
1776042909160,0.75
1776042848110,1.11
1776042336834,2.8
1776042073853,2.3
1776041922440,0.21
1776041813140,0.87
1776041708310,1.13
1776041686456,1.6
1776041628190,0.52
1776041612789,0.5
1776041424890,1.61
1776041312870,0.79
1776040040277,4.4
1776039924012,2.3
1776039504086,2.0
1776039158250,0.5
1776038960219,1.3
1776038914210,0.93
1776038594800,1.52
1776038515550,1.02
1776038210120,1.7
1776038064032,4.4
1776038040675,4.4
1776037980450,0.67
1776037572960,1.08
1776037554130,-0.95
1776037417920,1.24
1776037394820,1.9
1776036996540,0.5
1776036850223,1.6
1776036005290,0.73
1776035764280,0.26
1776034665381,0.6
1776034323000,0.68
1776034068610,1.08
1776033764480,0.76
1776033753030,0.59
1776033726290,0.57
1776032895180,0.58
1776032623762,1.0
1776032029960,-0.49
1776031969950,1.96
1776031608649,1.1
1776030610046,1.3
1776030519034,4.6
1776029474020,2.15
1776029215210,0.77
1776028149144,3.3
1776027637515,4.6
1776027134871,4.4
1776026864924,1.6
1776026667670,3.46
1776026603803,3.1
1776026477435,4.6
1776026320060,-0.09
1776026078010,1.6
1776026017550,-0.93
1776025566210,1.14
1776025500767,0.4
1776024850340,5.1
1776024672160,2.00140798311613
1776024538310,0.92
1776024528460,0.9
1776024418057,4.8
1776024306816,5.0
1776024138560,-1.21
1776023214916,2.4
1776023031602,4.5
1776022764649,1.63
1776022015460,-1.11
1776021759510,1.39
1776020580930,-1.03
1776020549033,4.0
1776020438540,1.63
1776019674000,2.45
1776019560539,4.6
1776019379550,1.0
1776018867720,1.18
1776018531850,1.32
1776018261660,1.01
1776017998530,1.33
1776017917803,2.04
1776017727190,0.68
1776017596880,1.85
1776017445550,0.35
1776017118360,0.57
1776017029382,1.6
1776016951560,1.32
1776016541510,1.05
1776016381630,1.18
1776015760500,-1.13
1776015424480,1.48
1776014888130,2.59
1776014827280,2.82
1776014793950,0.86
1776014699860,1.43
1776014158118,1.5
1776014076920,2.29
1776013484210,0.9
1776013341563,2.21
1776013174620,1.64
1776012954908,2.0
1776012936770,1.0
1776012408840,1.0
1776011996180,0.05
1776011938160,1.05
1776011851359,1.21
1776011590990,1.38
1776011290029,1.33
1776010523719,1.8
1776010363920,2.11
1776010336920,0.58
1776010174304,1.6
1776009898738,3.2
1776009885602,1.1
1776009325050,0.73
1776009278947,1.1
1776009165873,1.82
1776008931340,1.6
1776008648900,1.17
1776008532799,1.7
1776008356060,1.17
1776007982084,4.5
1776007903592,1.9
1776007616390,-0.93
1776006742050,1.48
1776006669959,1.3
1776006487784,2.6
1776006307780,1.31
1776006273180,4.1
1776006083981,3.4
1776005930612,2.1
1776005716220,-0.41
1776005635448,0.6
1776005512150,1.78
1776004590243,1.2
1776004282410,-0.74
1776003613050,0.84
1776003076126,3.0
1776002762430,0.33
1776002230123,3.8
1776001887430,0.91
1776001391066,1.8
1776001343890,1.08
1776001209040,0.51
1776000697270,0.84
1776000145432,2.7
1776000080766,1.7
1775999863183,2.5
1775999026230,0.74
1775998843320,4.6
1775998642100,2.55
1775998424146,2.8
1775997733180,2.0
1775997551280,1.83
1775997549179,1.06
1775997394530,-0.21
1775997365193,2.9
1775997316220,0.18
1775997187950,-0.64
1775996983110,2.03
1775996795193,2.15
1775996728563,3.6
1775996657530,0.87
1775996328540,2.06
1775996306610,0.35
1775996208620,1.28
1775995967894,1.4
1775995882520,0.59
1775995761620,0.36
1775995532631,3.1
1775995332589,1.6
1775994618300,4.8
1775994515146,4.2
1775994413941,2.6
1775994333500,1.3
1775994292420,1.6
1775993813878,2.2
1775993687420,1.14
1775993652420,0.72
1775992937573,1.0
1775992863377,4.1
1775992783580,0.8
1775992354060,2.5
1775992281020,1.02
1775992017227,4.3
1775991892235,1.8
1775991736440,3.01
1775990997130,1.57
1775990631043,0.7
1775990444290,-0.82
1775990298620,0.86
1775990146450,1.04
1775989606220,2.9
1775989379836,2.7
1775989123860,0.55
1775989078820,0.62
1775988428930,0.4
1775988070830,0.89
1775987952590,-0.73
1775987794220,0.71
1775987256847,3.7
1775987150702,1.3
1775987125831,2.2
1775986838780,0.25
1775986475913,1.7
1775986420923,2.0
1775985931872,0.7
1775985921960,1.81
1775985920180,2.33
1775985861170,0.95
1775985776956,2.0
1775985383540,1.27
1775985309174,0.1
1775985142010,4.1
1775985065690,1.0
1775984844403,2.9
1775984733730,3.6
1775984439971,0.9
1775984361172,3.0
1775983806230,0.94
1775983797845,0.8
1775983763009,2.9
1775983705177,0.7
1775983326500,0.77
1775983105300,1.05
1775983097357,3.1
1775983083250,1.58
1775983009320,2.59
1775982911510,-1.18
1775982799740,1.73
1775982741580,0.61
1775982721050,-1.09
1775982675827,2.0
1775982608047,3.0
1775982441850,1.5
1775982343923,1.3
1775982144010,1.1
1775981161890,0.07
1775981151400,-0.11
1775981117179,1.26
1775980902997,2.9
1775980714950,1.3
1775980506263,0.5
1775980254310,1.5
1775980251760,0.65
1775979667779,1.72
1775979645200,2.53
1775979177253,0.6
1775979040919,2.9
1775978308930,0.77
1775978302022,2.8
1775977837310,0.39
1775977297590,0.48
1775977264370,-0.23
1775977242440,1.85
1775977208163,2.1
1775976758300,0.62
1775976757784,3.8
1775976707483,1.7
1775976499980,1.98
1775975905820,3.22
1775975648910,0.75
1775975488444,1.8
1775975320300,1.22
1775975054770,0.19
1775974657840,0.84
1775973992440,-0.9
1775973639865,1.7
1775973537860,-1.14
1775973464830,-1.07
1775972980870,0.48
1775972258080,1.93
1775971973037,2.32
1775971835873,2.9
1775971770960,2.74
1775971674880,3.26
1775971590785,1.8
1775970108860,2.08
1775969498880,1.79
1775969092880,1.22
1775969052268,2.6
1775968378774,0.4
1775968093538,2.2
1775967691460,-0.92
1775967657670,1.6
1775967606670,1.38
1775967578710,0.3
1775967386180,-1.18
1775966716520,0.98
1775966252270,0.73
1775965522720,-0.36
1775965479000,0.85
1775965123711,1.1
1775964988311,1.0
1775964862750,0.42
1775964171182,1.3
1775963882010,-0.53
1775963685850,-0.73
1775963554240,1.65
1775962596160,0.47
1775962588430,-0.16
1775962522400,0.94
1775961950160,0.63
1775961831825,0.4
1775961777640,1.33
1775961636099,5.2
1775961538550,-0.7
1775961363260,3.17
1775960954653,0.5
1775959834653,0.7
1775959763411,0.2
1775959619120,0.66
1775959542570,0.04
1775959048515,2.2
1775958949790,0.12
1775958577220,1.36
1775958398203,2.6
1775958350250,1.33
1775958266850,1.84
1775958076643,2.2
1775958014540,0.98
1775957964060,1.52
1775957501780,0.76
1775957242990,1.1
1775957068128,2.8
1775957037709,2.1
1775956851700,0.01
1775956623280,0.8
1775956554695,1.5
1775956419630,0.94
1775956301330,-0.77
1775956182258,5.0
1775955848476,1.2
1775955647690,1.14
1775955394470,3.17
1775955041360,-1.05
1775954992670,1.57
1775954817191,1.53
1775954788570,-1.34
1775954661159,0.4
1775954268930,3.04
1775953977214,1.4
1775953044060,0.85
1775953028460,-0.34
1775951874985,1.9
1775951867780,-0.15
1775951812323,1.5
1775951311430,0.51
1775950603970,-1.02
1775950056440,2.17
1775949548535,1.8
1775949532170,1.21
1775949198860,1.17
1775949041700,1.32
1775948676928,1.7
1775948174347,1.7
1775947947220,4.6
1775947440570,0.38
1775947411130,1.91
1775947269356,4.3
1775945407290,1.47
1775945361290,0.1
1775945031760,-0.39
1775944982520,-0.27
1775944159490,2.64
1775944153830,2.52
1775942942110,0.03
1775942903390,0.38
1775942818520,-0.02
1775942792190,0.52
1775942774990,-0.54
1775942719180,0.58
1775942614360,0.73
1775942510332,4.5
1775942484130,2.0
1775942252060,-0.42
1775942232030,1.9
1775941754118,2.1
1775941401610,0.79
1775941235520,3.7
1775941077410,1.27
1775940165581,2.5
1775939619750,1.05
1775939477470,0.97
1775939366650,1.9
1775938760444,1.7
1775938733160,0.95
1775938504874,0.8
1775938358257,1.51
1775937845868,4.4
1775937556200,1.86
1775937442800,1.86
1775937305428,1.5
1775937285280,2.21
1775936920526,1.66
1775936868296,3.2
1775936502250,1.63
1775936493404,2.05
1775936229200,1.91
1775936179437,1.73
1775936044690,0.86
1775936015310,0.74
1775935710000,0.93
1775935564361,1.0
1775935258190,0.44
1775935042535,0.8
1775934963900,0.78
1775934195930,4.4
1775933934520,-0.99
1775933724090,1.3
1775933710480,1.21
1775933598250,1.6
1775932990049,1.8
1775932603250,0.96
1775932551440,1.71
1775931770548,2.6
1775931132700,3.23
1775930704084,1.8
1775930630084,0.8
1775930607630,1.78
1775930524793,4.4
1775929744210,-0.51
1775929594829,1.59
1775929177660,1.08
1775928892440,0.61
1775928861938,4.1
1775928383930,0.83
1775928358659,1.21
1775927477490,1.44
1775926661380,0.54
1775926417660,-0.22
1775925820710,1.1
1775925803740,1.25
1775925017200,0.55
1775924893180,1.5
1775924314630,1.3
1775924076233,1.3
1775923826508,2.0
1775923317461,1.6
1775923159830,2.75
1775922145252,2.5
1775922126600,0.88
1775921609982,1.51
1775921608240,1.39
1775921588190,2.29
1775921577600,1.27
1775921354718,1.8
1775921192155,2.2
1775921017785,2.9
1775920907320,3.37
1775920759384,4.4
1775920676470,0.71
1775920262350,1.27
1775919748238,1.5
1775919539062,1.7
1775919532180,1.73
1775919253830,1.29
1775918969300,1.88
1775918905710,1.44
1775918641697,1.8
1775918146620,1.32
1775917949511,2.2
1775917916448,4.7
1775917909560,1.29
1775917636840,2.24
1775917426230,1.47
1775917317410,3.31
1775916829650,-0.35
1775916599661,2.0
1775916374840,0.86
1775916162280,-0.51
1775916067980,1.23
1775915244456,2.5
1775915051786,4.8
1775914340940,0.75
1775913830410,-0.46
1775913231450,1.59
1775913127670,0.66
1775912973249,1.4
1775912465007,3.2
1775912388246,0.8
1775912080480,2.14
1775910748580,1.46
1775910270323,1.2
1775910243369,1.4
1775909911700,0.98
1775909157690,1.19
1775909054680,1.26
1775909013090,1.21
1775908844865,1.3
1775908707770,1.26
1775908521286,1.3
1775908005012,2.0
1775907877103,1.7
1775907069356,1.5
1775906692750,0.77
1775906571896,1.9
1775906432160,1.97
1775906133970,0.78
1775904973630,0.72
1775904886480,1.57
1775904701200,2.04
1775904627810,1.1
1775904603790,0.84
1775904522810,1.54
1775904173160,1.27
1775904148930,1.38
1775904010990,1.19
1775903711300,0.38
1775903597590,0.5
1775903360428,1.3
1775903275593,1.3
1775903011940,-0.24
1775902678530,2.83
1775902225690,0.98
1775902089290,4.0
1775902057591,3.9
1775901965380,2.09
1775901905180,0.77
1775901724869,0.5
1775900991545,5.4
1775900584090,1.16
1775900570760,1.21
1775900492330,1.25
1775900308670,0.02
1775900236410,1.07
1775900157170,1.88
1775900104562,2.7
1775899901490,1.09
1775899847250,3.49
1775899843320,0.99
1775899835100,1.37
1775899827080,1.53
1775899419990,1.82
1775899272950,0.43
1775899160180,2.35
1775898972748,4.3
1775898739460,0.75
1775898604765,4.3
1775898469640,0.93
1775897681840,1.2
1775897478938,1.5
1775897427033,1.0
1775897228680,2.23
1775897049610,1.21
1775897038139,1.2
1775896894959,4.5
1775896792620,2.2
1775896615120,0.93
1775896424680,1.89
1775896235640,0.73
1775896204326,1.1
1775896127580,1.59
1775895536400,0.79
1775895058750,-0.52
1775894709190,1.07
1775894691230,1.13
1775894479179,1.25
1775894203270,1.58
1775894072010,2.14
1775893736420,0.05
1775893277040,1.5
1775893098220,1.01
1775892655810,-0.37
1775892487500,1.08
1775892467970,1.02
1775892162920,1.76
1775891943010,0.78
1775891863989,1.5
1775891847430,1.11
1775891069940,0.34
1775890976020,2.0
1775890908400,1.14
1775890399000,3.44
1775890255740,-0.34
1775890100580,0.82
1775890098880,1.62
1775890076460,0.88
1775889786370,1.61
1775889551530,-1.02
1775889075180,0.89
1775888695370,0.76
1775888119400,1.4
1775887843180,-0.71
1775887703710,1.38
1775887602670,1.85
1775886940840,1.56
1775886699050,0.69
1775886369860,2.54
1775886347640,0.98
1775886245270,1.48
1775886012520,-0.45
1775885748861,0.5
1775884853010,1.9
1775884812020,1.34
1775884764870,1.32
1775883951650,1.58
1775883911710,0.79
1775883437470,0.75
1775883314610,0.68
1775883243750,-0.89
1775882901933,1.4
1775882284718,4.5
1775882098550,0.5
1775881999840,0.6900000000000001
1775881672591,1.7
1775881530660,0.73
1775881355970,-0.11
1775881083580,1.5
1775880973800,1.94
1775879688280,2.2
1775879450309,0.8
1775879016010,1.51
1775877701395,1.7
1775877667040,0.85
1775877390842,1.9
1775877324204,4.5
1775877258780,-0.26
1775876654070,1.63
1775875900560,0.81
1775875800900,1.1
1775875668860,-0.94
1775875327400,1.6
1775874846880,1.46
1775874192710,-0.29
1775873463050,2.55
1775873377510,1.61
1775873270450,1.74
1775872490310,3.11
1775871962044,1.1
1775871698936,1.2
1775871150680,1.6
1775870979330,0.75
1775870807490,-0.02
1775870722190,1.33
1775870355160,2.64
1775870059450,1.92
1775869219102,1.58
1775869101640,0.89
1775868997840,2.69
1775868588054,2.5
1775868501580,1.57
1775868475690,1.01
1775868053340,0.35
1775867993370,4.7
1775867426030,0.9
1775867295934,0.7
1775866945720,1.04
1775866385030,1.37
1775866202990,1.38
1775866025990,1.64
1775865985094,1.5
1775865927915,0.7
1775865499110,1.63
1775865091560,2.4
1775863815465,1.1
1775863755310,-1.22
1775863720720,1.67
1775863494492,0.6
1775863084757,1.5
1775863045640,-0.05
1775863045590,2.12
1775863042162,1.7
1775862979592,1.8
1775862807808,1.4
1775862728000,0.29
1775862650740,1.12
1775862640130,1.78
1775862630094,3.2
1775862445590,1.63
1775861589180,0.88
1775860883444,1.8
1775859585600,1.93
1775859395600,0.59
1775859291326,0.8
1775858608840,1.46
1775858419070,0.99
1775858246370,0.87
1775857833730,1.41
1775857609012,4.1
1775857436054,1.7
1775857314433,1.8
1775856734480,0.93
1775856550075,4.3
1775855924040,1.98
1775855701696,2.08
1775855570810,1.86
1775855462020,1.81
1775855000949,0.9
1775854855710,0.77
1775854804730,1.08
1775854086500,1.64
1775853760760,1.89
1775853662656,4.3
1775853216410,0.84
1775853054550,-0.01
1775852567380,2.5
1775852212682,1.5
1775852103520,2.15
1775851713940,0.22
1775851203550,4.6
1775850920914,1.4
1775850334190,2.12
1775850301522,1.3
1775850278530,1.26
1775850209940,1.15
1775850055382,1.2
1775849924750,1.15
1775849562472,1.6
1775849549850,-1.13
1775849484393,4.5
1775848609160,1.22
1775848563710,1.67
1775848561940,2.19
1775848271179,1.1
1775848237813,1.1
1775848135907,4.6
1775847851159,2.0
1775847838940,1.41
1775847784950,1.81
1775847715270,0.48
1775847310501,1.7
1775847000540,2.6
1775846539330,1.51
1775846389738,1.5
1775845970389,2.3
1775845755280,0.96
1775845746534,2.1
1775845746380,1.28
1775845352730,1.24
1775845055501,1.7
1775844953646,1.0
1775844914300,1.25
1775844793910,0.84
1775844747980,1.4
1775844475894,2.0
1775844402110,0.8
1775844265690,0.99
1775844124290,0.4
1775843996240,1.03
1775843971510,1.29
1775843564530,1.33
1775843524784,1.5
1775843389740,1.09
1775843150120,1.04
1775842286400,1.07
1775842283414,1.4
1775842276170,0.28
1775842220330,2.25
1775842197000,1.18
1775842168460,1.93
1775841738944,2.0
1775841111730,0.29
1775841080780,1.85
1775840946520,0.31
1775840627149,2.2
1775840346820,0.59
1775839826530,2.09
1775839720943,2.2
1775839396670,3.9
1775839048570,1.05
1775838801194,2.6
1775838220440,0.69
1775838044840,4.0
1775837978400,0.08
1775837766010,1.5
1775837449670,0.97
1775837296300,0.25
1775837106810,-0.3
1775836838200,1.12
1775836694069,1.9
1775836267886,4.5
1775836219150,0.8
1775835895987,1.6
1775835847750,0.27
1775835504460,0.3
1775835293954,2.0
1775835178080,0.44
1775834689580,1.39
1775834670451,3.9
1775834267120,0.78
1775833485540,-0.84
1775833368310,2.34
1775833253014,1.58
1775832991990,0.13
1775832159905,1.7
1775832049141,1.4
1775831605040,1.58
1775831332340,1.88
1775831139886,2.5
1775830956746,1.3
1775830897440,-1.14
1775830531530,4.6
1775830452333,2.3
1775830398750,1.02
1775830200750,0.03
1775830188210,1.09
1775829906042,1.5
1775829777160,1.75
1775829501600,-0.43
1775829178157,1.6
1775829035055,4.4
1775828834210,1.48
1775828806313,1.4
1775828598950,4.5
1775827767708,1.8
1775827111959,1.8
1775826936908,4.7
1775826862244,1.5
1775826596820,1.23
1775826303070,-0.35
1775826225810,0.64
1775826201083,1.5
1775826090487,2.5
1775825896890,1.02
1775825412044,4.9
1775825223086,1.6
1775824892310,-0.18
1775824848630,1.81
1775824627920,0.33
1775824591620,-0.93
1775824451060,0.72
1775824335413,1.9
1775824263380,-0.54
1775824114210,1.08
1775823378930,0.52
1775823132160,-1.19
1775823044692,1.7
1775822923066,5.0
1775822842984,0.6
1775822486850,0.83
1775822338729,1.7
1775822261719,1.5
1775822143440,1.79
1775821777665,4.2
1775821772550,1.22
1775821767280,1.6
1775821706041,2.2
1775821663077,1.6
1775821373850,1.15
1775821300124,1.8
1775821295280,0.9
1775821256740,2.17
1775820780070,0.66
1775820716320,1.46
1775819442130,0.89
1775819359770,0.76
1775819333559,5.1
1775819230659,1.7
1775818823064,1.5
1775818682020,-0.31
1775817810440,0.76
1775817709750,1.2
1775816994021,1.6
1775816470250,0.93
1775816369820,-1.26
1775816121770,1.88
1775815422738,1.2
1775815286154,1.9
1775814962620,0.45
1775814789390,0.19
1775814463331,1.3
1775814401967,2.0
1775814249321,2.6
1775813579017,0.9
1775813459930,0.92
1775812889460,1.02
1775812747910,1.25
1775812402770,0.66
1775812175398,0.6
1775811481648,2.8
1775811479170,0.69
1775811426670,0.34
1775811017210,0.53
1775810933094,4.3
1775810881870,1.18
1775810851750,0.93
1775810541690,2.9
1775810325510,1.29
1775809792480,-0.23
1775809654350,2.36
1775809652780,1.31
1775809438293,1.8
1775809399670,0.56
1775809173367,1.4
1775809033268,4.9
1775808869800,0.75
1775808797890,0.84
1775808744180,2.34
1775808547160,0.46
1775808096970,0.78
1775808019264,3.1
1775807876309,0.3
1775807780320,0.88
1775807501040,1.31
1775807159520,1.31
1775806921440,0.37
1775806809810,1.55
1775806096890,4.01
1775805704432,0.3
1775805444249,1.8
1775804996451,1.7
1775804442830,2.5
1775804394260,3.5
1775803511270,2.08
1775802726460,1.18
1775802353920,0.35
1775802074759,0.4
1775802006920,0.21
1775801881890,0.35
1775801731950,0.87
1775801471280,0.76
1775801362424,2.1
1775800698460,0.39
1775800692258,1.4
1775800548468,1.4
1775800097217,1.6
1775800062290,0.93
1775799920447,1.8
1775799646569,2.6
1775799522670,0.66
1775799472440,1.98
1775799366757,1.0
1775799339740,-0.8
1775799285650,0.39
1775798817430,1.75
1775798683100,0.38
1775798604789,2.9
1775798510620,0.44
1775797915184,2.4
1775797771420,1.75
1775797143490,1.4
1775797140950,1.9
1775797125270,1.43
1775796799378,1.7
1775796176260,0.78
1775796159092,1.5
1775795631622,1.6
1775795330190,-0.95
1775794777190,0.25
1775794570330,1.08
1775793665830,1.49
1775793401880,1.32
1775793267182,2.0
1775793212840,1.63
1775793169930,1.84
1775793020867,0.5
1775792768619,2.0
1775792609657,1.8
1775792584470,1.68
1775792421760,0.68
1775792411490,0.45
1775792013850,0.71
1775791847340,-0.91
1775791781710,1.23
1775791327135,4.5
1775791244290,0.36
1775791176690,1.93
1775790990898,1.7
1775790684050,1.89
1775790373650,1.08
1775790237320,0.66
1775790193160,1.94
1775790018720,1.84
1775789763209,1.3
1775789743220,1.89
1775788661880,2.0
1775787906080,2.22
1775787900600,1.86
1775787871120,4.6
1775787840230,1.15
1775787499970,1.23
1775787329170,0.42
1775787183740,1.36
1775786989400,1.0
1775786953600,4.4
1775786912900,2.08
1775786773480,2.74
1775786721150,-0.57
1775786410470,0.4
1775785747760,1.07
1775784537530,0.85
1775783951330,1.51
1775783851670,2.17
1775783623250,1.26
1775783446466,3.3
1775783322334,2.2
1775782573741,4.6
1775782573060,2.25
1775782388060,1.03
1775782017312,2.5
1775781969972,1.2
1775781806800,1.84
1775781359799,3.1
1775781358571,1.4
1775781096929,1.38
1775780985529,2.3
1775780908430,1.31
1775780885101,2.2
1775780420160,2.2
1775780151667,2.0
1775780014330,1.02
1775780010250,1.1
1775779722690,0.15
1775779666168,0.8
1775779068436,4.5
1775778621210,0.96
1775777571270,0.84
1775777536590,1.91
1775777466640,1.13
1775777332160,1.76
1775777195159,4.5
1775776329970,-0.61
1775776296310,1.62
1775776209466,2.4
1775775848870,1.54
1775775649780,0.92
1775774969198,4.2
1775774812410,2.24
1775774330510,0.65
1775774233630,0.73
1775774003630,0.8
1775773785120,-0.71
1775773520837,4.7
1775773261063,1.1
1775773176351,1.7
1775773093511,1.5
1775772933830,1.16
1775772571180,-1.25
1775772531920,-0.84
1775772438850,1.63
1775772418270,0.77
1775771960634,5.2
1775771708830,1.06
1775771379117,2.4
1775770642310,-1.37
1775770513429,1.8
1775770017568,2.2
1775769891935,0.2
1775769660430,0.74
1775769531147,2.2
1775768668459,1.72
1775768589786,2.0
1775768406790,0.8
1775767515512,1.8
1775767510273,1.6
1775767380040,1.35
1775767360766,4.9
1775767353530,2.15
1775767251790,2.3
1775767103850,1.31
1775766798633,2.8
1775766532720,1.48
1775766390050,1.09
1775766121310,2.1
1775766002610,4.5
1775765907684,4.4
1775765035820,2.51
1775764943361,4.2
1775764862510,1.08
1775764476441,1.8
1775763878663,1.7
1775763734830,1.78
1775763548180,0.21
1775763108090,1.87
1775762485970,0.19
1775762285870,1.09
1775761587111,4.4
1775761478490,2.4
1775761172217,2.5
1775761126729,4.4
1775760864963,5.1
1775760857450,0.06
1775760710270,2.95
1775760416990,0.39
1775760209020,2.61
1775760186240,2.06
1775760003942,1.9
1775759966105,1.8
1775759868850,1.17
1775759394315,2.2
1775759279509,1.63
1775758985810,0.75
1775758835613,2.1
1775758456235,1.5
1775758400570,1.54
1775758296140,2.7
1775758129410,1.83
1775757865600,1.21
1775757863660,2.35
1775757561904,3.4
1775757342660,0.97
1775756777575,1.7
1775756468180,-0.07
1775756182150,1.08
1775755638488,2.5
1775755397810,1.8
1775755043659,2.7
1775754120323,3.5
1775753844941,3.2
1775752883741,1.8
1775752698820,2.14
1775752645860,-0.25
1775752209450,0.81
1775752101903,2.5
1775752082720,-0.29
1775751585500,2.18
1775751368650,1.66
1775751331685,1.8
1775751322040,2.87
1775751320784,1.9
1775751201710,1.8
1775751105370,-1.5
1775750863500,1.24
1775750809348,1.6
1775750459990,1.84
1775750204170,0.57
1775750189390,1.1
1775749977500,1.05
1775749795785,4.9
1775749461825,2.6
1775748854820,1.8
1775748711496,1.9
1775748548628,2.5
1775748531816,2.0
1775748313282,4.9
1775748207370,0.9
1775748201453,2.6
1775747552219,1.8
1775747251432,4.7
1775747092674,1.7
1775747013792,2.1
1775746962820,0.0
1775746712370,2.4
1775746250816,0.9
1775745837827,1.7
1775745071597,1.9
1775744001485,1.5
1775743849460,1.28
1775743814690,1.11
1775743731963,1.9
1775743268850,-1.35
1775743202040,1.32
1775743162910,0.45
1775742551820,-0.49
1775742203450,1.78
1775742157886,1.7
1775740693960,0.73
1775740516070,1.6
1775740390890,0.78
1775740157205,3.0
1775739705930,2.05
1775739573240,0.76
1775739347020,1.08
1775739316120,-0.35
1775739285340,0.52
1775738839810,2.26
1775738832260,0.78
1775738469240,1.69
1775738297019,0.9
1775737930996,1.7
1775737772360,0.68
1775737728100,1.87
1775737655892,1.8
1775737655882,1.8
1775737293450,2.21
1775736993010,0.8
1775736673816,1.4
1775736639720,2.16
1775736584600,-0.93
1775736417900,-0.76
1775736085330,0.32
1775735870400,2.48
1775735541700,1.74
1775734379284,4.1
1775734246288,1.5
1775734144400,4.2
1775733985346,1.3
1775733984878,1.58
1775733959647,1.5
1775733513746,2.5
1775733483770,1.56
1775733231380,0.48
1775732657050,0.7
1775732558540,0.96
1775732540050,0.64
1775732248450,1.97
1775732242310,1.56
1775731936221,1.9
1775731879770,1.73
1775731523960,0.98
1775731066910,0.12
1775731026490,0.81
1775731001860,0.77
1775730720750,-0.01
1775730214092,1.8
1775729514439,1.9
1775729454140,2.33
1775729266119,0.7
1775729101304,4.2
1775728862846,2.5
1775728029856,1.7
1775727763090,0.78
1775727714780,1.08
1775727628789,1.7
1775727585440,1.43
1775727502190,-0.4
1775727474470,0.78
1775727453090,3.2
1775726342447,1.4
1775726166300,1.11
1775725978064,1.1
1775725591340,-0.41
1775725587219,1.6
1775725439640,0.29
1775725305158,1.7
1775725184799,1.29
1775724937515,2.2
1775724653620,0.9
1775723752850,0.17
1775723503850,1.97
1775723070780,-1.07
1775722857900,-1.14
1775722836250,1.9
1775722553940,0.85
1775722435680,-1.0
1775722042670,1.11
1775721931400,1.89
1775721857650,1.76
1775721795539,1.9
1775721744331,1.6
1775721312479,1.6
1775721232900,0.58
1775721019500,0.44
1775720709378,1.5
1775720583850,1.03
1775720565945,2.6
1775720283838,2.9
1775720182532,1.8
1775719941057,5.1
1775719599870,2.05
1775719582565,2.3
1775718981146,2.0
1775718704911,2.4
1775718671764,1.1
1775717979100,0.79
1775717291484,1.8
1775716955222,1.8
1775716929790,2.6
1775716799430,1.06
1775716788020,1.15
1775716712130,0.82
1775716648779,1.4
1775716364350,2.17
1775716205796,1.8
1775716110684,1.7
1775716057840,1.74
1775716034628,0.5
1775715322240,0.5
1775715219899,4.2
1775715036840,0.65
1775714794060,1.12
1775714301830,1.24
1775713737040,0.12
1775713417570,0.95
1775713207610,2.5
1775712900259,5.1
1775712763019,2.7
1775712590680,1.0
1775712571850,1.08
1775712359050,0.68
1775712276781,1.7
1775712151420,0.44
1775711829289,1.21
1775711781850,1.26
1775711491470,-0.95
1775710677290,0.7
1775710655540,0.35
1775710471480,1.9
1775710092540,0.87
1775710067671,2.4
1775710057200,0.49
1775710044430,1.87
1775709898590,1.67
1775709725798,1.7
1775709514131,1.7
1775709160834,2.1
1775709065200,0.75
1775708659006,1.9
1775708359553,1.4
1775708255020,1.25
1775708251070,0.11
1775707492750,-0.08
1775707422830,-0.61
1775707263780,1.79
1775707149320,-0.48
1775706876329,1.8
1775706578370,0.62
1775706305420,1.75
1775706165223,1.9
1775705657400,1.28
1775705494090,1.21
1775705218640,1.74
1775704881992,1.6
1775704726560,0.4
1775704662830,0.7
1775704516860,-0.28
1775704480560,3.73
1775703920910,0.53
1775703732940,2.93
1775703572220,-0.31
1775703462920,1.7
1775703427530,1.23
1775703367153,1.9
1775702966578,3.2
1775702381785,1.8
1775702302276,1.8
1775702206040,1.7
1775702188800,0.27
1775702074424,1.72
1775702048930,0.78
1775701455289,2.0
1775701390170,0.48
1775700910420,1.7
1775700315937,2.9
1775700315331,1.7
1775700286860,0.7
1775700281600,1.47
1775699948980,1.8
1775699343030,0.76
1775699270081,2.0
1775698781625,1.8
1775698465998,4.7
1775698260560,0.73
1775697710371,1.9
1775697501638,0.8
1775697400347,3.6
1775696891816,1.8
1775696606409,1.9
1775695326600,0.87
1775695088214,2.1
1775694860257,1.5
1775693973160,-0.56
1775693761664,4.9
1775693193342,2.7
1775693122604,3.9
1775691412510,0.44
1775691399110,1.34
1775691006045,2.0
1775690856730,1.54
1775690584196,4.8
1775690446267,1.9
1775690254296,2.1
1775689850280,0.84
1775689438700,0.33
1775689206690,0.67
1775688764134,1.8
1775688675350,0.77
1775688606670,0.39
1775688315318,1.6
1775688074990,1.52
1775687993740,2.89
1775687261820,0.9
1775687226270,1.3
1775687145790,2.11
1775686963693,1.5
1775686431402,4.6
1775686423455,1.2
1775685764590,0.69
1775685597820,0.42
1775684964520,0.18
1775684849260,1.95
1775684783270,1.34
1775684580020,0.98
1775684558611,2.1
1775684274432,2.3
1775684021870,0.99
1775683863840,1.74
1775683749128,4.5
1775683722114,2.0
1775683529805,1.9
1775683243980,1.58
1775683213746,2.7
1775682912220,1.92
1775682616950,0.89
1775681808724,1.5
1775681780158,1.7
1775681690360,0.52
1775681379839,1.5
1775680860951,0.9
1775680636150,1.14
1775680325864,2.4
1775680312210,0.75
1775680297090,1.5
1775680153244,0.4
1775680027700,1.2
1775679914570,0.81
1775679871190,1.2
1775679640170,1.15
1775679467020,1.32
1775678635200,1.72
1775678344509,1.43
1775677888583,1.7
1775677394310,1.04
1775676910240,1.77
1775676329198,1.5
1775676162832,1.9
1775675706819,0.5
1775675684547,4.6
1775675661220,1.11
1775674128423,1.7
1775673709200,0.93
1775673649340,-0.81
1775673327305,1.8
1775673114550,1.21
1775673100900,2.03
1775672905150,1.18
1775672515970,2.1
1775672352249,1.6
1775672178160,0.95
1775672020580,1.1
1775671841096,4.5
1775671615740,0.93
1775671449670,1.98
1775671132615,1.8
1775671026277,1.7
1775670883157,0.7
1775670683800,2.27
1775670643370,1.82
1775670106311,1.6
1775669950060,2.43
1775669373424,1.8
1775669291253,1.1
1775668912768,2.1
1775668584120,0.58
1775668478630,0.76
1775668388573,1.2
1775668036390,1.08
1775667967440,1.42
1775667764513,2.9
1775667728000,0.97
1775667548886,1.8
1775667245950,1.01
1775667201170,1.64
1775667157646,1.9
1775666092151,2.1
1775665532200,0.77
1775665520735,1.3
1775665387045,1.2
1775665132633,1.8
1775665066884,4.9
1775664716134,2.3
1775664635120,2.28
1775664410620,1.18
1775663353700,1.44
1775663159270,0.71
1775662926130,0.69
1775662528650,1.85
1775662159560,1.05
1775662140729,1.3
1775661957770,0.21
1775661928540,-0.67
1775661243918,5.0
1775660943120,-0.81
1775660854720,0.24
1775660459572,2.5
1775660408881,1.9
1775660159074,4.8
1775660002890,0.87
1775659829540,0.66
1775659330580,0.33
1775659131770,0.5
1775658882970,1.66
1775658685470,0.68
1775658602679,1.6
1775658410110,1.47
1775658045870,0.83
1775657974670,0.8
1775657509730,0.75
1775657302919,1.9
1775656377470,0.75
1775655443191,2.1
1775655408990,-0.39
1775655334940,-0.49
1775655225450,0.23
1775655219968,4.4
1775655168860,0.43
1775655107560,1.25
1775654558620,0.93
1775654236700,0.57
1775654234360,2.2
1775654225620,1.07
1775654223420,1.38
1775653610676,0.5
1775653573350,1.41
1775653187890,1.69
1775653043264,1.3
1775652988120,2.7
1775652443220,0.49
1775651589999,2.1
1775650485090,1.4
1775650177250,-0.56
1775649966390,0.58
1775649743235,3.4
1775649476260,0.63
1775649405560,2.11
1775649386860,3.08
1775648968680,0.68
1775648661730,-0.64
1775648097718,4.8
1775647712140,0.71
1775647192832,3.5
1775647048610,1.06
1775646784639,3.2
1775646567462,1.6
1775646510765,1.6
1775646409210,1.03
1775646234820,1.02
1775645965730,1.08
1775645948468,1.6
1775645610070,1.08
1775645416722,2.2
1775645343270,0.37
1775645326200,0.45
1775645063260,0.76
1775645000898,4.2
1775644760560,0.35
1775644443990,1.74
1775644179583,2.2
1775643440230,0.65
1775643320632,2.2
1775643257434,1.7
1775643176390,0.49
1775642756420,-0.82
1775642224080,1.23
1775642042880,0.4
1775641510386,2.6
1775641440300,0.45
1775641190000,0.88
1775641121150,1.88
1775640538730,1.81
1775640204790,0.7
1775640002043,2.1
1775639579970,1.57
1775639561880,-0.32
1775639136878,5.6
1775637985890,0.28
1775637902651,2.7
1775637196977,5.0
1775636976700,1.89
1775636569055,2.6
1775636517703,0.7
1775635828900,1.08
1775635307970,2.0
1775634835940,0.67
1775634826398,1.7
1775634670240,2.16
1775634559890,1.0
1775634473100,0.34
1775634455240,1.51
1775634409880,1.03
1775634255188,1.7
1775634075990,1.25
1775634008310,0.47
1775634002570,2.09
1775633496300,0.75
1775633083230,1.09
1775632321599,3.5
1775632199220,-1.06
1775631589619,1.49
1775631261709,4.4
1775630970670,0.17
1775630927047,4.7
1775630450545,1.5
1775630350052,1.7
1775629992160,1.6
1775629603950,0.82
1775629587375,1.5
1775629136677,3.5
1775629072045,2.5
1775629048271,0.9
1775628778343,1.8
1775628768363,1.6
1775628548710,0.84
1775628501170,2.06
1775628488290,1.58
1775628383243,2.0
1775628315000,1.09
1775627751080,0.51
1775627048807,1.2
1775626639765,1.6
1775626519584,1.7
1775626428300,1.7
1775626320840,1.05
1775625802573,0.3
1775624808089,1.8
1775624568780,0.42
1775623957031,1.8
1775623818710,2.3
1775623548155,2.0
1775622599724,1.8
1775622249844,1.7
1775622202818,1.8
1775621590240,1.69
1775621296340,0.99
1775621214942,1.0
1775621196230,0.36
1775621082960,1.41
1775621040850,2.69
1775620917420,1.8
1775620718940,0.8
1775620657440,0.46
1775620270530,0.92
1775619757168,1.6
1775619339393,1.4
1775619224958,2.9
1775619193098,2.0
1775618835264,4.0
1775618621020,0.92
1775618366690,1.27
1775618339600,2.06
1775618233760,1.5
1775617994390,0.1
1775617476070,0.06
1775617419310,1.06
1775616799990,0.68
1775616775850,0.9
1775616743200,0.37
1775616612820,1.83
1775616447220,0.22
1775616442410,2.5
1775616154380,2.24
1775616016739,1.3
1775615952810,0.79
1775615843199,1.28
1775615330124,1.9
1775615223690,0.75
1775615160320,0.9
1775615149080,1.17
1775615141610,0.66
1775615121360,0.19
1775614726122,2.0
1775614460000,1.8
1775613789752,0.7
1775613531062,4.3
1775613341960,1.07
1775613061150,1.57
1775612869230,0.8
1775612619450,1.5
1775612136670,1.46
1775612117870,0.94
1775612108040,0.43
1775611940065,4.0
1775611909995,1.83
1775611899197,1.8
1775611698110,0.9
1775611646933,1.7
1775611228940,0.52
1775610707068,3.3
1775610542980,1.8
1775610113270,1.29
1775609818080,1.56
1775609542190,-0.43
1775609206150,0.97
1775609175335,0.6
1775608984750,0.76
1775608947610,1.78
1775608798674,2.4
1775608744270,2.4
1775608588630,1.91
1775607676271,4.4
1775607606370,1.1
1775607196580,0.77
1775607087976,5.1
1775606819530,1.6
1775606748838,4.3
1775606258253,1.5
1775605905478,2.2
1775605775017,1.4
1775605686040,0.66
1775605460254,1.1
1775605409540,1.44
1775605263280,0.77
1775605257310,1.58
1775605241310,1.06
1775605216050,1.49
1775605177710,0.89
1775604796229,1.6
1775604662880,1.36
1775604078384,1.5
1775603970690,1.45
1775603890520,2.24
1775603711830,1.86
1775603440130,2.13
1775603255880,1.53
1775603252170,0.21
1775603115550,0.94
1775602957450,1.28
1775602912610,-1.15
1775602907450,1.2
1775602906230,0.29
1775602698450,1.71
1775602439570,1.33
1775602275760,1.83
1775602094720,1.76
1775602059520,2.32
1775602043000,1.53
1775601868090,1.86
1775601662440,0.93
1775601550130,1.39
1775601527130,1.37
1775601483320,1.02
1775600984751,1.7
1775600397080,1.09
1775600304021,2.3
1775600065710,2.09
1775599709590,0.14
1775599513390,1.67
1775599393388,1.7
1775598967166,1.7
1775598892511,1.6
1775598698420,1.35
1775598667210,0.68
1775598568689,1.6
1775598484650,1.37
1775598337189,1.77
1775598092980,2.31
1775597711500,1.06
1775597654551,4.4
1775597454890,1.08
1775596824740,0.54
1775596417590,1.01
1775595887760,2.27
1775595446515,1.3
1775595199260,1.06
1775595099652,1.2
1775594965919,4.0
1775594741679,1.52
1775594243568,1.7
1775594147970,1.01
1775593789577,1.3
1775593744518,1.9
1775593717440,4.7
1775593616270,0.47
1775593492980,2.44
1775593433110,2.13
1775593246100,0.6
1775593231430,1.74
1775592386947,2.3
1775592079430,0.44
1775591989110,0.59
1775591906216,2.8
1775591753663,2.5
1775591694008,1.7
1775591687940,1.52
1775591487825,2.0
1775591271630,0.4
1775590991226,1.7
1775589279936,1.9
1775588820910,1.34
1775588708400,-0.95
1775588706050,0.73
1775588607970,1.47
1775588554229,1.8
1775588127530,1.26
1775588019730,2.06
1775587768280,1.35
1775587294615,1.71
1775587201180,1.27
1775587154053,2.6
1775587067415,1.9
1775586938109,1.35
1775586895550,1.18
1775586630070,2.2
1775586258740,2.1
1775586204980,1.34
1775585511160,1.19
1775585369770,0.9
1775585098870,1.5
1775584997990,4.7
1775584084706,1.6
1775583272130,0.79
1775582853450,0.86
1775582785980,0.15
1775582711390,0.67
1775582632818,2.5
1775582079368,1.8
1775581862551,3.0
1775581793160,-0.84
1775581478042,1.7
1775581206278,1.8
1775580774810,1.1
1775580668878,1.6
1775580654000,0.68
1775580593780,1.03
1775580558470,0.97
1775579783719,1.49
1775579781858,4.6
1775579610426,1.6
1775579586180,1.44
1775579072679,2.0
1775579055080,1.31
1775578721420,1.74
1775578709023,0.4
1775578666867,1.5
1775578046507,4.5
1775577570670,0.52
1775577469730,1.16
1775577281550,0.04
1775577137210,0.41
1775576742421,1.9
1775576302990,1.03
1775576134680,-0.31
1775576079203,1.7
1775575846930,-1.04
1775575644547,2.2
1775575505390,0.76
1775575456900,1.82
1775575345010,1.52
1775575307729,4.4
1775575269460,0.87
1775575027316,4.4
1775574811992,4.6
1775574713780,1.02
1775574649160,-0.94
1775574500500,1.84
1775574331210,0.81
1775574194706,1.7
1775574052460,0.4
1775574043470,1.09
1775573913173,1.8
1775573507780,-0.84
1775572839250,2.35
1775572796280,1.8
1775572702160,1.52
1775572534646,1.7
1775572444720,0.73
1775572376220,1.13
1775571606310,1.51
1775571532270,1.59
1775571464410,1.88
1775571444620,1.85
1775570910157,1.6
1775570759100,1.8
1775570396620,0.92
1775570060470,0.81
1775569844950,1.58
1775569736255,3.1
1775569497740,1.88
1775569215182,5.0
1775569120000,1.4
1775568730610,1.12
1775568662322,1.1
1775568627520,1.45
1775567599519,2.3
1775567448862,3.0
1775567321520,0.79
1775567271390,-0.79
1775566854598,4.1
1775566647980,1.7
1775566268530,0.88
1775566213684,4.8
1775565779020,1.31
1775565772034,1.4
1775565674350,0.82
1775565352827,1.8
1775565281807,2.3
1775565173338,1.5
1775565133106,1.9
1775564789360,1.66
1775564671679,1.21
1775564426967,2.2
1775564425130,0.56
1775564416885,1.7
1775564261400,0.8
1775563332007,2.1
1775563287159,1.4
1775563133501,1.5
1775563029040,1.22
1775562621237,3.3
1775562605440,0.4
1775562523496,2.5
1775562409499,3.6
1775562346620,0.92
1775562062990,2.0
1775561934700,0.19
1775561519009,1.25
1775561283830,1.32
1775561275530,0.88
1775560882380,0.31
1775560683780,0.39
1775560500940,0.87
1775560404120,0.89
1775560251900,1.69
1775560190460,1.64
1775559977490,0.81
1775559195480,1.22
1775559165190,1.46
1775558707860,-1.04
1775558356820,1.07
1775557570258,2.1
1775557568506,1.9
1775557260054,2.3
1775557069370,2.36
1775556840930,0.93
1775556814860,1.08
1775554714910,-0.1
1775554660580,0.85
1775554514888,1.8
1775554430950,-0.69
1775554366960,1.51
1775554276106,1.5
1775554210790,0.38
1775553361574,2.5
1775553292030,0.7
1775552864598,5.2
1775552678120,1.93
1775552628780,1.22
1775552359050,1.14
1775551708686,4.9
1775551491670,0.93
1775551458461,1.6
1775551182910,1.6
1775551069520,1.02
1775550653736,3.2
1775550324870,-0.04
1775550004310,1.7
1775549196660,0.43
1775548863863,1.4
1775548818890,-1.05
1775548416100,0.79
1775548316017,4.5
1775548288549,1.6
1775547874489,1.6
1775547683093,1.8
1775547587560,1.05
1775547565466,4.3
1775547502690,1.11
1775547324090,0.58
1775547319630,3.74
1775547057100,1.35
1775546918030,-1.04
1775546588101,2.9
1775546494586,2.9
1775546431740,1.6
1775546131230,0.92
1775545174947,1.8
1775545127539,1.62
1775545001770,0.38
1775544961830,2.13
1775544848410,0.63
1775544752120,0.51
1775544619870,-0.94
1775544596899,0.57
1775544454259,2.6
1775544014707,1.6
1775543859320,0.62
1775543853941,2.1
1775543830212,1.4
1775543829070,0.65
1775543813080,0.37
1775543700280,0.47
1775543570122,2.9
1775543411675,1.7
1775543327470,-0.89
1775543033541,1.7
1775542957577,1.7
1775542781750,1.01
1775542126560,0.39
1775541766220,0.42
1775541401300,-1.78
1775541315878,4.6
1775541231600,0.29
1775541144787,0.9
1775541106584,1.0
1775541030570,0.63
1775540704114,4.2
1775540403410,1.78
1775540270180,1.22
1775540177850,1.05
1775540171026,1.6
1775539913957,1.6
1775539069492,2.0
1775538993740,0.71
1775538520369,1.9
1775538056429,0.82
1775537816974,1.5
1775537698570,2.1
1775537562202,1.9
1775537442269,1.57
1775536930390,-0.54
1775536400775,2.7
1775535979880,2.66
1775535884966,2.7
1775535763580,0.69
1775535566790,0.28
1775535199500,0.32
1775535030691,1.6
1775534402450,0.26
1775534347496,3.5
1775534209304,1.6
1775533865568,2.0
1775533695848,2.07
1775533567030,1.08
1775533389280,4.8
1775533135230,0.38
1775533091090,-0.54
1775532829690,0.97
1775532488831,1.7
1775532317080,0.72
1775532282602,2.6
1775532099640,1.7
1775531825371,1.5
1775531767140,1.26
1775531678590,-0.44
1775531158110,0.6
1775530945720,-0.51
1775530899200,0.95
1775530871472,3.7
1775530856751,1.7
1775530662341,1.8
1775529692799,1.7
1775529219221,0.3
1775529019690,1.79
1775528775847,1.2
1775528417310,0.33
1775528391354,1.7
1775528345415,1.1
1775528335422,4.8
1775528209873,2.1
1775527988611,1.5
1775527898058,1.1
1775527554361,1.9
1775527456806,2.7
1775526914121,4.3
1775526821962,1.4
1775526490772,1.5
1775526470582,0.8
1775526277092,1.9
1775526065170,0.69
1775525678414,1.7
1775525655400,1.46
1775525268336,0.6
1775525262293,1.7
1775525011810,0.99
1775524628493,1.8
1775524587300,2.7
1775523358369,3.9
1775523198280,1.28
1775523068721,4.3
1775522922870,-0.89
1775522548960,0.78
1775522193350,1.54
1775521824743,2.0
1775521763940,1.8
1775521744620,0.51
1775521730140,1.12
1775521561679,1.5
1775521512821,1.9
1775521491150,0.05
1775521255673,1.1
1775521078413,1.7
1775520730882,1.2
1775520567030,0.39
1775520040738,1.5
1775519992301,1.7
1775519917671,4.7
1775519906796,1.7
1775519459220,0.77
1775519387201,2.2
1775518723821,1.6
1775518536330,3.0
1775518477828,3.8
1775518285957,4.3
1775517948060,0.73
1775517930490,2.3
1775517677100,1.33
1775517506560,1.42
1775516543040,0.58
1775515397371,1.91
1775515000532,2.2
1775514521164,2.9
1775514387582,2.0
1775514360896,1.7
1775514150481,1.4
1775514123769,2.16
1775514058911,3.0
1775513765310,0.4
1775513748000,-0.47
1775513639913,1.0
1775513476690,0.09
1775513157507,2.7
1775513122243,1.5
1775513033869,1.24
1775512953920,1.81
1775512837830,0.3
1775512692038,1.66
1775512348911,1.6
1775511966580,0.03
1775511926440,1.28
1775511779638,1.9
1775511632295,1.8
1775511314205,1.6
1775510853778,1.1
1775510851830,-0.05
1775510692090,1.04
1775510375022,1.8
1775510121000,1.54
1775509679390,0.5
1775509593150,2.97
1775509252930,0.85
1775509107787,1.8
1775508763280,4.7
1775508599560,0.74
1775508517560,-1.19
1775508511836,1.52
1775507959361,1.6
1775507476855,2.2
1775507356830,0.97
1775507284480,0.49
1775506936435,1.4
1775506802330,0.79
1775506595816,1.9
1775505775460,1.08
1775505695706,4.4
1775505689170,1.37
1775505110500,1.84
1775504653600,0.94
1775504568591,2.6
1775503979538,3.3
1775503583170,-0.06
1775503260340,1.43
1775503171180,0.15
1775503061930,1.81
1775503030602,1.7
1775502980670,1.07
1775502447130,1.6
1775502350251,1.8
1775502143340,1.3
1775502127142,2.6
1775502060110,1.39
1775502051295,2.6
1775502044228,1.4
1775501904821,1.57
1775501871687,1.9
1775501404990,1.53
1775500904090,3.36
1775500844090,0.14
1775500825914,0.9
1775500492950,0.34
1775499882550,1.24
1775499724970,0.39
1775499136480,0.64
1775498073549,2.3
1775497736030,0.98
1775497441920,1.27
1775497304579,1.17
1775497062400,1.7
1775496810312,1.7
1775496275540,0.79
1775495849681,1.9
1775495640980,1.95
1775495069500,0.74
1775494463992,1.9
1775494458042,0.9
1775494441710,1.06
1775494033900,1.81
1775493897480,0.63
1775493645460,-1.18
1775493368320,0.95
1775493153750,2.11
1775493096750,1.19
1775492979670,1.45
1775492436219,1.6
1775492380210,0.43
1775492154501,1.3
1775492141810,1.37
1775492027480,0.42
1775492006540,0.6
1775491930740,0.29
1775491172248,3.0
1775490780823,2.5
1775490355330,1.51
1775489692390,0.95
1775489678460,1.34
1775489374746,1.2
1775489357170,0.26
1775489209034,1.5
1775489149647,1.7
1775488970282,0.9
1775488903460,-0.15
1775488310027,1.9
1775488192770,0.91
1775487968396,1.4
1775487761151,1.9
1775487267874,2.4
1775487020964,2.7
1775486977564,2.1
1775486968270,1.48
1775486610370,0.65
1775486593090,1.5
1775486199009,1.57
1775486049460,-0.47
1775485874709,1.8
1775485615332,1.4
1775485466960,2.3
1775485405401,1.7
1775484927450,1.77
1775484905750,1.02
1775484676100,-1.17
1775484637110,0.84
1775484538710,1.71
1775484454960,2.03
1775484392790,0.57
1775484257920,0.93
1775483554430,2.31
1775483475970,2.34
1775483450410,1.5
1775483345210,1.97
1775482624530,-0.02
1775482593142,1.7
1775481880470,0.69
1775481620110,3.41
1775481524350,1.04
1775481511466,2.0
1775481464202,2.5
1775481446348,1.6
1775481388316,1.6
1775481291680,4.6
1775481131590,1.15
1775481067839,1.77
1775480975100,1.14
1775480969354,4.9
1775480710927,1.8
1775480228310,2.35
1775480226210,0.6
1775480058902,2.5
1775479955800,0.41
1775479948247,1.8
1775479836290,0.72
1775479816280,1.04
1775479506100,0.1
1775478925422,1.8
1775478879984,1.7
1775478492120,-0.13
1775478335570,0.42
1775478200707,1.6
1775476836930,-0.68
1775476629276,2.9
1775475600250,1.47
1775475024173,1.6
1775474317401,5.9
1775474288456,1.5
1775474037606,1.8
1775474020970,0.52
1775473362720,0.89
1775473209780,0.56
1775472872864,1.0
1775472758360,0.68
1775472542641,2.4
1775472283990,1.38
1775471931560,0.5
1775471819250,1.13
1775471267352,1.5
1775471253396,2.2
1775471135960,0.57
1775470612280,-0.08
1775470429470,0.89
1775470219480,0.39
1775470010220,3.9
1775469858032,1.9
1775469595835,1.5
1775469551032,1.8
1775469454916,1.7
1775469173580,0.75
1775469114170,1.71
1775468706240,0.5
1775468705560,0.06
1775467221917,1.6
1775467156220,0.92
1775466929427,2.0
1775466925370,1.74
1775465733520,0.96
1775465537190,0.81
1775465351658,1.6
1775465302440,1.07
1775465062046,1.4
1775464935488,2.3
1775464795534,2.9
1775464648030,-0.39
1775464384230,1.29
1775464069004,4.8
1775464064760,0.97
1775463968221,2.0
1775463922372,1.6
1775463838630,-0.28
1775463712585,4.7
1775463592123,4.5
1775463404315,2.4
1775463110980,1.09
1775462986935,1.8
1775462968915,1.2
1775462912552,1.4
1775462791690,0.37
1775462541710,1.25
1775462317550,0.71
1775461935778,4.3
1775461711820,1.55
1775461419939,0.6
1775461335914,2.3
1775461193830,2.01
1775461069219,1.7
1775460826870,2.13
1775460785482,3.0
1775460592220,0.69
1775460194190,1.82
1775460162142,5.2
1775459841085,1.0
1775459621650,-0.7
1775459535420,0.51
1775458926339,0.82
1775458919181,1.58
1775458343290,1.48
1775458046276,0.9
1775457910543,4.9
1775457870657,2.4
1775457354540,2.98
1775457247170,0.5
1775456712906,0.8
1775456679500,-0.72
1775456405094,1.7
1775456125459,5.2
1775456018390,2.0
1775455698883,1.9
1775455247211,0.7
1775454736380,0.36
1775454339348,2.4
1775454291920,1.99
1775453914020,1.08
1775453879710,3.39
1775453740550,0.7
1775453531735,4.9
1775453490240,-0.85
1775453154411,2.3
1775453057950,0.38
1775452968291,2.0
1775452772940,3.39
1775452359433,2.1
1775452356710,1.27
1775452353232,2.41
1775452014940,0.76
1775452001360,2.47
1775451200013,2.2
1775450904500,-1.18
1775450729830,0.69
1775450726300,2.3
1775450521737,1.6
1775449641950,0.76
1775449629880,1.3
1775449586180,0.68
1775449290483,4.3
1775449250717,4.6
1775449058071,1.9
1775448748990,0.24
1775448742937,2.0
1775448732970,0.54
1775448694340,0.9
1775448313771,1.4
1775448244870,1.41
1775448237710,1.34
1775448010722,1.2
1775447980000,3.16
1775447945870,0.33
1775447684030,1.7
1775447568520,1.77
1775447267190,0.66
1775446967787,1.6
1775446869210,0.98
1775446577010,0.69
1775446478960,0.22
1775444449906,1.5
1775444082100,-0.84
1775443266710,1.84
1775442889690,1.72
1775442714310,1.78
1775442481360,0.55
1775442454200,2.34
1775442218340,0.94
1775441919472,3.1
1775441538849,0.5
1775441353345,1.6
1775441180680,0.97
1775441118890,1.72
1775441063126,1.9
1775440831220,1.13
1775440606796,4.8
1775439213360,0.36
1775439199000,0.74
1775439030300,2.15
1775438522745,1.5
1775438518700,1.88
1775438356460,1.44
1775438036554,1.7
1775437964800,-0.04
1775437692250,4.7
1775437161600,0.74
1775436760490,1.75
1775436647660,1.16
1775436585120,0.39
1775436166570,0.79
1775436146628,5.2
1775435849647,2.3
1775435598074,1.6
1775435277510,0.92
1775435211869,1.9
1775434885018,1.6
1775434166720,1.21
1775433676800,0.09
1775432279356,1.7
1775431879409,2.9
1775431239350,0.59
1775431154600,0.75
1775431132375,1.3
1775431108680,0.94
1775431066472,3.6
1775431057520,0.27
1775430890340,2.51
1775430762117,2.0
1775430679790,1.38
1775430677870,1.06
1775430566940,1.29
1775429874810,1.04
1775429789130,0.39
1775429766952,4.5
1775429732630,1.74
1775429669522,2.6
1775428009340,-1.11
1775427918680,0.26
1775427714259,2.0
1775427708255,1.8
1775427679772,1.2
1775427482062,4.6
1775427152040,-1.02
1775427051070,2.4
1775426619546,1.9
1775426343870,0.84
1775426308660,-1.1
1775425313570,3.97
1775425000850,1.08
1775424727110,1.06
1775424568363,1.9
1775424488900,1.84
1775424311640,-0.05
1775424300580,2.69
1775424105640,-1.47
1775423461091,1.8
1775423157980,2.05
1775422380830,0.21
1775422331120,0.34
1775422216411,1.4
1775422044680,0.37
1775421520640,0.64
1775421369980,0.92
1775421205540,2.55
1775421056450,2.25
1775420365620,0.13
1775420078970,1.63
1775419891300,-0.89
1775419746920,0.91
1775419491210,-0.49
1775419075571,0.5
1775418896200,1.83
1775418832715,1.7
1775418751700,0.0
1775418701640,1.2
1775418180160,0.89
1775418061570,2.0
1775417820020,-0.38
1775417000090,1.0
1775415893660,1.82
1775415867198,1.8
1775415506090,1.3
1775415303213,4.5
1775414912590,1.08
1775414793900,2.29
1775414754400,1.1
1775414728629,1.21
1775414105170,1.59
1775413921804,4.2
1775413791110,1.07
1775412941030,2.25
1775412582750,0.69
1775412568423,4.2
1775412421690,0.89
1775412232210,2.66
1775411934320,0.41
1775411613750,1.28
1775411435020,1.28
1775411299980,2.78
1775411089657,4.5
1775410946909,1.1
1775410822146,4.2
1775409855060,0.34
1775409647491,5.4
1775409591822,5.2
1775409318030,0.74
1775409173312,1.7
1775409169880,1.02
1775409093660,0.69
1775409067450,0.42
1775409041726,5.1
1775408488360,0.17
1775408221910,1.61
1775408160362,1.4
1775407579056,1.4
1775407267240,0.74
1775407177870,0.6
1775406934550,-0.82
1775406868720,0.42
1775406352270,0.26
1775405934440,2.9
1775405415960,0.19
1775405308694,3.0
1775405018049,1.43
1775404838890,0.02
1775404644930,1.68
1775404021950,0.38
1775403810060,0.94
1775403702240,-0.33
1775403646440,1.49
1775403299800,0.47
1775403241749,4.6
1775403185432,1.5
1775403141307,1.2
1775402938943,1.6
1775402186620,1.75
1775401761340,1.58
1775401661397,1.8
1775401590710,0.67
1775401565690,0.92
1775400820369,1.2
1775400711930,1.67
1775400502060,1.72
1775400313880,0.05
1775400233580,0.48
1775400086739,1.8
1775399935050,1.72
1775399790420,-0.48
1775399697310,1.73
1775399496620,1.51
1775399432403,3.1
1775399042820,1.29
1775398961620,1.08
1775398739450,1.38
1775398536893,4.4
1775398335866,1.9
1775398239340,1.75
1775398202886,1.6
1775398159880,1.81
1775398062995,2.0
1775397661110,0.82
1775397623125,1.7
1775397544470,0.72
1775397510040,-0.34
1775397455420,1.61
1775397329390,1.6
1775397227680,2.13
1775397134964,1.6
1775396983840,1.98
1775396187901,2.0
1775395997760,-1.27
1775395956310,0.54
1775395737600,-0.48
1775395470692,4.9
1775395353650,1.78
1775395335957,5.5
1775394683932,1.4
1775394650803,3.1
1775394586261,1.5
1775394427960,2.09
1775393969097,1.4
1775393921600,-0.16
1775393382643,0.6
1775393289480,1.25
1775393064930,2.8
1775393025456,0.5
1775392827130,0.74
1775392674810,1.58
1775392638460,1.09
1775392329750,1.08
1775392178342,1.6
1775391773080,1.5
1775391420420,1.86
1775391416207,1.6
1775391220480,2.4
1775390766179,0.92
1775390660201,2.0
1775390544890,1.15
1775390506940,0.48
1775390438049,0.96
1775390400450,3.1
1775389929210,0.77
1775389636958,2.5
1775389549230,0.75
1775389520429,2.7
1775389498810,0.23
1775389317744,1.3
1775389070070,1.9
1775387354263,4.6
1775387335365,2.6
1775387239970,-0.98
1775387172580,0.13
1775387098220,1.63
1775386787478,1.8
1775386618430,1.73
1775386441400,-0.02
1775386249329,1.02
1775386020220,0.17
1775385939470,0.16
1775385860047,1.8
1775385611030,1.13
1775385157497,2.3
1775385138550,0.13
1775384894120,0.62
1775384755730,0.6
1775384122919,0.4
1775383590100,-0.27
1775383554646,1.7
1775383098617,2.97
1775382959448,2.8
1775382634390,0.79
1775382618455,3.0
1775382189474,1.6
1775381996590,0.28
1775381253823,1.66
1775380778046,4.6
1775380457298,3.9
1775380334020,1.96
1775380059839,2.4
1775379701570,3.2
1775379677273,1.5
1775379416464,1.7
1775379390550,0.69
1775379078020,1.54
1775379039910,1.75
1775378975480,0.25
1775378908629,1.02
1775378825811,2.3
1775378641472,2.5
1775378283313,0.2
1775378129376,3.6
1775377453959,4.7
1775376730847,2.0
1775375389560,1.75
1775375152043,2.4
1775374994140,2.17
1775374611867,1.51
1775374220078,1.9
1775374009790,1.5
1775373929290,2.2
1775373771640,2.1
1775373439760,-0.31
1775373437941,1.9
1775372987390,-0.1
1775372780209,1.8
1775372296783,1.9
1775372097064,3.2
1775372068830,1.21
1775371838630,2.12
1775371785250,1.44
1775371552020,0.62
1775371470740,1.34
1775371423063,1.8
1775371296890,2.91
1775371282260,0.68
1775371216686,2.8
1775371139469,1.17
1775371136851,2.8
1775370738030,0.49
1775370519097,1.6
1775370402170,1.18
1775369933290,-0.09
1775369774142,2.1
1775369664246,0.5
1775369591940,1.06
1775369145440,1.5
1775368673230,-0.97
1775368290921,2.0
1775368105090,2.25
1775367799548,1.5
1775367414913,1.6
1775367266200,1.83
1775366649720,0.05
1775366563671,2.4
1775366450515,1.6
1775366226070,0.51
1775366192330,1.72
1775365993160,0.91
1775365982950,0.67
1775365726790,0.92
1775365631950,0.62
1775365058790,0.74
1775364864160,0.98
1775364623110,-1.13
1775364561530,0.43
1775364547299,0.94
1775364390248,4.7
1775364240360,0.57
1775364207638,0.7
1775364175610,0.75
1775364122137,0.8
1775363737215,1.3
1775363682280,1.7
1775363463510,3.8
1775363136109,0.85
1775363111232,1.7
1775362674660,1.6
1775362511069,4.4
1775362406920,0.35
1775362394080,0.88
1775362235449,1.6
1775362209780,0.86
1775362041110,0.91
1775361906980,0.94
1775361849317,1.5
1775361675014,2.7
1775361656710,1.84
1775360896492,1.9
1775360799279,2.3
1775360631520,1.83
1775360552070,1.84
1775360215760,0.66
1775359776415,1.7
1775359645240,0.89
1775358909123,1.8
1775358740724,1.7
1775358379870,-0.08
1775357646030,0.02
1775357644658,1.6
1775357619250,0.63
1775357612480,-1.25
1775356843410,-0.56
1775356807629,0.9
1775356466300,0.83
1775356391160,2.52
1775356234570,0.72
1775356000304,2.9
1775355939720,0.47
1775355852200,-1.37
1775355713910,4.6
1775355482073,5.1
1775354720530,0.73
1775354672460,1.72
1775354453184,2.7
1775354327331,4.4
1775352779420,0.6
1775352728920,0.58
1775352609420,1.8
1775352415982,2.3
1775352154299,1.33
1775351534046,4.6
1775351433110,0.99
1775351122108,1.8
1775350988193,1.7
1775350662340,1.3
1775350326953,3.6
1775350120053,1.6
1775350037948,2.7
1775349868960,-0.91
1775349777394,1.6
1775349312980,1.34
1775349153114,1.7
1775349095146,0.5
1775348854740,2.62
1775348202190,1.91
1775348182300,0.3
1775347830350,2.54
1775347260678,2.4
1775347223570,1.74
1775346989449,0.8
1775346936920,0.37
1775346520200,0.57
1775346370666,2.1
1775346121580,0.71
1775345875030,3.08
1775345754019,1.8
1775345013412,1.8
1775344964474,1.7
1775344871640,0.31
1775344810860,1.52
1775344146210,1.37
1775344138679,2.4
1775343466640,0.88
1775343423842,2.0
1775342980930,2.03
1775342782081,1.8
1775342270166,4.5
1775342116266,1.8
1775342026640,1.22
1775341880621,5.0
1775341447390,1.07
1775341444340,1.76
1775341199690,0.37
1775340997150,0.01
1775340681600,1.51
1775340370897,1.9
1775340319579,1.3
1775340278745,2.5
1775340253085,2.0
1775340197370,-0.07
1775340195330,1.03
1775340046551,0.7
1775340018810,0.65
1775339912989,1.5
1775339865884,1.5
1775339694070,-1.03
1775338723741,1.6
1775338386530,1.23
1775338203892,1.9
1775337839497,4.4
1775337542507,1.8
1775337302990,0.11
1775336829506,1.1
1775336578950,0.87
1775336553170,1.26
1775336474000,0.43
1775336188340,-0.12
1775335983010,1.03
1775335869131,1.2
1775335530964,1.8
1775335465780,1.57
1775335330498,2.7
1775335206820,1.53
1775334946551,1.6
1775334937570,0.98
1775334822880,-0.3
1775334734012,1.7
1775334569510,-0.41
1775334417784,1.7
1775333923670,-0.95
1775333786490,4.8
1775333549500,0.91
1775333487939,4.6
1775333174419,2.17
1775333134530,3.19
1775333030320,1.06
1775332931505,3.7
1775332779040,1.7
1775332741250,1.78
1775332133340,1.72
1775332039980,0.87
1775331892210,-0.45
1775331658050,0.72
1775331224225,2.2
1775331181080,2.12
1775330567590,1.67
1775330412300,-0.44
1775329153772,4.7
1775329067103,0.8
1775327991983,2.3
1775327580040,0.79
1775327435329,0.5
1775327173834,5.5
1775327067514,1.1
1775326740592,1.9
1775326194090,0.73
1775325964150,1.43
1775325922990,-0.27
1775325882220,0.7
1775325790690,1.25
1775325329460,2.6
1775325005650,1.28
1775324602804,2.0
1775324232870,1.99
1775324137190,1.88
1775323415390,2.11
1775323269296,2.6
1775322898646,5.2
1775322895520,0.87
1775322720776,1.3
1775322551440,0.37
1775322431486,1.9
1775322323080,-0.45
1775322260950,-0.67
1775322260449,2.3
1775322118310,1.09
1775322018090,0.56
1775321944087,2.3
1775321914080,0.22
1775321817990,1.1
1775321767360,0.9
1775321613488,0.5
1775321554250,0.68
1775321068160,-0.3
1775321013865,1.7
1775320791780,1.03
1775320642834,4.6
1775320582260,1.51
1775320471200,1.3
1775320372688,1.7
1775320138440,0.87
1775319957380,1.3
1775319862657,4.1
1775319787684,5.2
1775319711610,2.26
1775319600658,1.7
1775319522150,1.33
1775319457821,1.88
1775319253452,4.6
1775319207560,1.26
1775318603160,1.18
1775318537506,2.0
1775318069323,1.8
1775317842870,1.52
1775317717316,4.5
1775317639780,0.33
1775317612245,1.9
1775317489110,1.62
1775317423763,4.6
1775317190118,2.3
1775316840800,0.71
1775316746430,-0.01
1775316663840,1.9
1775316580211,1.6
1775316364940,-1.35
1775316035385,1.9
1775315885193,4.0
1775315511304,1.7
1775315387331,2.0
1775315306352,1.7
1775315230166,2.1
1775315083030,1.12
1775314741050,1.26
1775314567019,1.7
1775314524020,1.82
1775314370329,1.8
1775313969195,1.7
1775313872549,2.8
1775313355620,0.23
1775313111445,1.6
1775312600670,1.55
1775312558810,2.59
1775312476600,1.65
1775312158120,0.79
1775312152560,0.7
1775311729420,1.07
1775311458290,1.75
1775311158800,0.88
1775311135332,2.6
1775311135242,2.5
1775310948390,0.4
1775310908150,-0.45
1775310386060,1.06
1775310183230,2.09
1775310082664,1.6
1775309329720,0.45
1775308766050,0.85
1775308657210,0.94
1775308449751,1.9
1775308384060,-0.73
1775308033270,0.82
1775307967032,2.4
1775307923540,1.02
1775307723170,1.48
1775307682017,1.7
1775307666950,1.72
1775307444830,1.24
1775307091560,1.45
1775307055800,1.15
1775306714584,1.5
1775306578400,-0.11
1775306526930,1.51
1775305995704,1.9
1775305705704,0.9
1775305551660,1.97
1775305514299,2.2
1775305408453,4.9
1775305395039,1.3
1775305341830,0.84
1775305335630,0.7
1775305178290,0.51
1775304703280,1.51
1775304535540,0.59
1775304457080,1.88
1775303851690,2.58
1775303733315,2.0
1775303685180,0.76
1775303510570,2.3
1775303421080,0.86
1775303392356,2.7
1775302979646,1.9
1775302858730,1.09
1775302801890,1.16
1775302571320,1.79
1775302258560,0.55
1775302236350,0.58
1775302025860,1.79
1775301908530,0.97
1775301857962,2.2
1775301672368,5.2
1775301502390,1.37
1775301205820,3.29
1775301185920,1.32
1775300542120,0.41
1775300095710,1.55
1775300033690,-0.59
1775299723631,4.9
1775299707110,0.76
1775299533210,1.14
1775299443660,0.93
1775299413890,0.03
1775299268320,-0.04
1775299044400,0.51
1775299006191,5.0
1775298923690,1.11
1775298871609,6.0
1775298581340,1.18
1775298557417,1.9
1775298337420,0.79
1775298233250,1.77
1775298201559,1.0
1775298141450,-0.26
1775297815356,1.6
1775297662010,3.43
1775297515230,1.22
1775297470468,2.1
1775297331820,1.07
1775297328030,1.12
1775297313000,3.45
1775297289820,0.61
1775297163390,0.76
1775297117560,-0.31
1775296919400,0.87
1775296676160,1.29
1775296630490,0.93
1775296608490,0.75
1775296550430,0.76
1775296469350,0.65
1775296245896,1.5
1775295858400,0.65
1775295826970,0.65
1775295734150,1.8
1775295604952,1.6
1775295592975,4.5
1775295510900,-0.4
1775295314010,-0.3
1775295281160,1.72
1775295271540,1.1
1775295222040,1.4
1775295171050,0.44
1775294946738,1.8
1775294849877,1.8
1775294660940,2.56
1775294555370,4.8
1775294354250,-0.07
1775294337230,1.33
1775294133390,0.75
1775294032610,1.32
1775293985840,1.07
1775293810950,0.76
1775293796760,0.57
1775293676650,2.68
1775293568400,0.35
1775293109330,0.3
1775292160880,0.59
1775291854130,0.25
1775291770210,1.02
1775291628978,4.6
1775291507460,2.2
1775291156259,0.9
1775290947337,1.8
1775290849007,1.8
1775290371492,5.0
1775290038870,1.5
1775289912240,1.18
1775289805170,0.34
1775289721300,1.16
1775289688540,-0.58
1775289144030,0.84
1775288951560,3.41
1775288935520,1.6
1775288732355,3.1
1775288231264,0.5
1775288228708,1.5
1775288199330,1.08
1775288081601,3.1
1775288052028,1.6
1775287754590,0.4
1775287747233,1.5
1775287594509,1.1
1775287236890,0.76
1775287211080,1.1
1775287067430,2.36
1775287047010,2.6
1775287017266,4.3
1775285896825,1.7
1775285493616,1.1
1775284892920,0.8
1775284752910,2.1
1775284276300,1.09
1775284203290,1.07
1775284134023,2.0
1775283981606,1.7
1775283948043,2.1
1775283935509,1.51
1775283888080,0.76
1775283533060,0.72
1775283511094,0.8
1775283187180,0.9
1775282909347,2.1
1775282704390,0.5
1775282417843,1.8
1775282337050,1.38
1775282165446,1.6
1775282062102,1.6
1775281962749,5.1
1775281801222,0.6
1775281278455,1.6
1775281244440,1.31
1775280910041,3.1
1775280644040,-0.22
1775280312641,1.6
1775280032160,0.44
1775279810730,1.5
1775279767461,2.0
1775278532105,5.5
1775278512400,3.19
1775278502420,0.68
1775278275720,1.48
1775277744400,-0.52
1775277618850,1.4
1775277563629,2.1
1775277545960,1.81
1775277182773,1.7
1775276998209,2.5
1775276899070,3.4
1775276736113,1.6
1775276455196,2.8
1775275935660,1.14
1775275428790,1.54
1775275226418,1.5
1775274722984,1.2
1775274628840,0.93
1775274267450,0.74
1775274211553,2.2
1775274104410,0.45
1775273985557,0.4
1775273713602,1.5
1775273578503,1.5
1775273360940,0.6
1775273303070,1.03
1775272730708,2.35
1775272508210,0.64
1775272110779,1.3
1775271480440,1.5
1775271244820,2.26
1775271191192,4.9
1775270661745,1.7
1775270312870,1.1
1775270074337,2.0
1775270009810,1.7
1775269981160,3.0
1775269673525,4.0
1775269555786,1.8
1775269525810,1.08
1775269305366,1.8
1775268562610,0.45
1775268262810,3.17
1775268012510,0.52
1775267929140,1.95
1775267403430,1.14
1775267380550,-0.75
1775266644780,0.79
1775266576018,2.01
1775266500602,5.9
1775266172727,2.7
1775265823064,2.8
1775265770030,0.98
1775265660440,3.14
1775265660167,1.8
1775265397930,-0.16
1775265381410,1.1
1775265273074,4.4
1775265114204,2.4
1775264527910,1.1
1775264268870,0.71
1775263988483,1.7
1775263937955,1.5
1775263937350,-0.35
1775263760870,1.5
1775263678429,1.8
1775263350150,0.15
1775263079268,1.1
1775263041790,1.85
1775262820590,2.0
1775262798784,1.5
1775262541101,3.1
1775261461360,0.76
1775260667300,3.43
1775260477120,0.37
1775260131480,0.39
1775260022985,2.4
1775259676730,1.07
1775259153790,-0.84
1775258886390,0.96
1775258831320,0.46
1775258685220,1.4
1775258142470,1.85
1775257452167,4.2
1775257363037,4.3
1775257351449,1.7
1775257025441,1.54
1775256842420,0.6
1775256735425,2.49
1775256696599,1.1
1775256589734,4.7
1775256343060,0.65
1775256089513,1.7
1775256017110,1.9
1775255738463,2.3
1775255580128,4.5
1775255250630,0.64
1775255180212,1.64
1775254588156,0.8
1775254493876,1.9
1775254415970,1.68
1775254385536,3.5
1775254107130,0.89
1775253953380,1.01
1775253821650,1.56
1775253719748,1.6
1775253684110,0.46
1775253375582,2.5
1775253374440,0.95
1775253197818,2.8
1775252964640,2.5
1775252827080,1.64
1775252717100,1.76
1775252590119,1.6
1775252445790,0.42
1775252055190,1.73
1775251906420,2.2
1775251860890,1.78
1775251797730,0.42
1775251472880,-0.06
1775251146281,5.1
1775250487740,1.52
1775249934720,0.72
1775249704920,4.2
1775249332173,2.0
1775249134640,0.34
1775248980980,0.65
1775248605407,4.2
1775248540020,0.95
1775248536382,1.8
1775248484492,2.5
1775248317520,1.29
1775248162804,2.0
1775248007060,1.06
1775247728420,0.65
1775247533676,0.7
1775247469516,0.4
1775247352700,2.22
1775247070720,1.71
1775246911769,2.7
1775246473559,1.9
1775246454100,2.25
1775246342140,1.49
1775246330539,1.35
1775246183480,2.2
1775245808430,1.86
1775245677710,1.7
1775245632720,-0.66
1775245384760,1.67
1775245333810,1.71
1775245287000,0.04
1775245098850,-0.46
1775244908953,1.7
1775244779410,1.22
1775244395000,1.19
1775243671780,0.71
1775243333040,1.52
1775243202580,1.59
1775242740189,1.5
1775242716490,3.12
1775242702810,1.45
1775242503278,1.7
1775242099290,0.17
1775242007200,0.93
1775241922844,1.6
1775241889630,1.56
1775241868020,-1.09
1775241861250,-0.26
1775241651780,0.74
1775241225070,1.6
1775241117840,0.78
1775241106860,2.6
1775240540040,-0.07
1775240536700,0.9
1775240397110,0.06
1775240300740,0.16
1775240253940,1.79
1775240184279,1.3
1775240027220,1.3
1775239393030,1.7
1775239168199,2.1
1775238663100,0.41
1775238656718,2.0
1775238545140,1.05
1775238516150,1.32
1775238336782,1.9
1775237980744,2.04
1775237891710,-1.05
1775237766360,1.22
1775237627044,1.1
1775237372680,0.49
1775237339470,0.42
1775237040318,1.5
1775236958177,2.8
1775236397280,-0.79
1775236048840,0.99
1775235971260,1.3
1775235288480,0.8
1775235230500,1.73
1775235211360,2.1
1775235040107,1.8
1775234672949,1.6
1775234505081,1.6
1775234335490,-0.57
1775233925950,1.4
1775233909774,1.7
1775233863497,2.1
1775233853400,0.38
1775233838380,0.31
1775233729660,1.27
1775233701540,1.05
1775233236840,-1.08
1775232778037,5.8
1775232473253,1.5
1775232070890,1.49
1775231929338,1.1
1775231909640,-1.05
1775231691570,1.8
1775231503410,1.49
1775231341695,1.5
1775231325060,-0.68
1775231179500,2.91
1775231050560,-0.8
1775230277149,1.26
1775230045120,-0.3
1775229848060,0.3
1775229812730,-0.18
1775229706740,-0.6
1775229465187,3.1
1775229230860,-0.69
1775229080872,1.8
1775228756923,2.5
1775228600101,1.7
1775228297570,1.36
1775228287480,-0.56
1775228095259,1.64
1775228051120,1.95
1775227585580,1.66
1775227147560,0.93
1775227145645,2.1
1775226905770,0.21
1775226458340,0.84
1775226201570,2.04
1775226136236,0.6
1775225255033,4.6
1775224140142,2.7
1775223995160,1.88
1775223615290,2.08
1775222822895,0.6
1775222459765,1.5
1775221625240,2.25
1775220859260,1.82
1775220576790,1.61
1775220534699,1.5
1775220484710,0.86
1775220275270,1.45
1775220192500,1.06
1775219919230,1.65
1775219851170,0.51
1775219688090,0.02
1775219548410,1.49
1775219323760,1.75
1775217528530,-0.86
1775217274840,3.26
1775217002700,1.5
1775216979302,4.2
1775216969040,0.15
1775216848473,2.6
1775216560298,1.55
1775216496300,1.85
1775216083135,1.7
1775216003720,1.03
1775215928130,1.38
1775215922470,1.87
1775215901645,1.2
1775215882200,-0.79
1775215177620,1.6
1775214737120,1.22
1775214720510,1.37
1775214609410,1.1
1775214205160,-0.67
1775213947488,5.1
1775213664000,1.1
1775213200364,1.9
1775213163370,3.25
1775213047890,1.63
1775212618560,0.16
1775212002802,5.5
1775211931725,1.9
1775211700448,0.4
1775211255773,1.5
1775211183340,0.21
1775211065323,2.97
1775210723820,-0.19
1775210696410,-1.31
1775210593729,1.7
1775210395040,0.5
1775210366860,1.32
1775210354267,1.9
1775210287647,2.8
1775210251708,2.1
1775210088660,1.75
1775210066710,0.33
1775209988749,4.3
1775209787960,2.5
1775209557400,1.23
1775209319551,1.5
1775209176970,1.7
1775209068660,0.21
1775208847543,1.5
1775208721070,0.76
1775208662670,0.86
1775208247550,4.9
1775208081890,1.02
1775208080392,4.0
1775208079230,0.9
1775207907860,1.03
1775207805650,1.92
1775207689344,2.2
1775207610570,0.34
1775207476680,1.93
1775207311320,1.6
1775207029080,-0.23
1775206705780,0.86
1775206662760,3.04
1775206599841,1.8
1775206392664,2.43
1775206358003,0.9
1775206309368,4.4
1775206277500,0.34
1775206167070,-0.52
1775206152030,0.87
1775205753600,-0.1
1775205706294,1.6
1775204971770,0.38
1775204691390,1.22
1775204528857,5.1
1775204446479,1.15
1775204392099,4.3
1775203678027,2.3
1775203286320,0.67
1775203094700,0.2
1775203086570,0.71
1775203057450,0.69
1775203052130,0.53
1775203023104,1.7
1775202996650,1.3
1775202911470,1.86
1775202846300,1.05
1775202749970,0.88
1775202691570,2.65
1775202384600,-0.14
1775201383720,0.51
1775201113360,1.51
1775200824360,1.18
1775200812120,-0.64
1775200650680,0.4
1775200444410,2.77
1775200280420,1.97
1775200264541,2.11
1775200229570,2.27
1775200157150,1.31
1775200005078,4.5
1775199703580,0.51
1775199637490,1.93
1775199485830,0.28
1775199123554,1.8
1775199076193,4.3
1775198653140,0.92
1775198641300,1.8
1775197605730,0.78
1775197502369,1.5
1775197437600,0.39
1775197251100,1.32
1775196754350,0.67
1775196336345,1.6
1775196204513,1.8
1775195636670,0.77
1775195586620,0.16
1775195555280,0.78
1775195551772,1.6
1775195153245,1.6
1775194999486,2.5
1775194948550,0.9
1775194932190,3.37
1775194582052,1.5
1775194067739,1.5
1775193488510,1.7
1775192745280,0.91
1775192429420,1.81
1775192145844,4.5
1775192038540,0.57
1775191551330,1.56
1775191325125,5.2
1775191276529,2.4
1775190761610,0.55
1775190567400,-0.72
1775190479613,4.0
1775190075800,0.66
1775190046040,0.72
1775189950400,0.59
1775189569616,2.7
1775189283623,4.2
1775189066530,1.08
1775188941170,0.99
1775188556230,1.65
1775188016170,0.02
1775188004200,0.43
1775187735570,1.05
1775187650333,1.6
1775187436087,5.4
1775187402640,3.34
1775187115300,0.12
1775187100071,0.9
1775186796650,1.0
1775186695054,1.4
1775186649454,2.3
1775185923930,1.05
1775185846205,0.9
1775185797044,1.52
1775185625880,0.77
1775185542360,2.98
1775185136479,2.49
1775185032843,1.7
1775184744150,1.82
1775184649260,1.68
1775184612090,4.8
1775184585850,1.47
1775184227430,0.42
1775184224608,1.5
1775183724550,1.18
1775183698647,2.4
1775183673490,3.4
1775183629551,5.0
1775183322327,4.9
1775183029997,4.6
1775182811590,1.71
1775182734250,1.41
1775182535760,0.67
1775182253447,5.1
1775182107880,1.64
1775182024114,1.6
1775182020580,2.09
1775182001410,1.7
1775181968660,0.69
1775181954838,4.8
1775181891570,0.3
1775181874090,2.22
1775181607210,0.73
1775181479150,4.7
1775181368020,1.26
1775181146745,1.8
1775180653538,5.3
1775180526200,1.03
1775180370850,1.17
1775180087723,1.2
1775179904137,4.5
1775179857320,1.7
1775179101950,1.57
1775179015267,4.2
1775179013096,1.5
1775178925922,1.9
1775178873950,2.5
1775178829832,4.2
1775178598786,0.5
1775178460830,0.58
1775178159395,4.6
1775177877390,0.72
1775177832900,2.76
1775177753640,1.07
1775177556589,2.5
1775177501240,-0.02
1775177365180,0.48
1775177355576,4.3
1775176493750,1.23
1775176377016,5.3
1775176299130,2.26
1775175887866,2.2
1775175740421,5.6
1775175587060,-0.36
1775175232163,2.0
1775174968520,1.17
1775174698465,2.1
1775174533060,1.1
1775173915720,1.5
1775173409270,2.54
1775173046250,-0.17
1775172937591,1.9
1775172835030,0.0
1775172502580,1.41
1775172134773,5.4
1775172058000,2.1
1775171992720,1.29
1775171950100,1.13
1775171718220,1.6
1775171357030,3.35
1775171254992,2.4
1775171215770,0.47
1775170919280,2.6
1775170534966,1.5
1775170509980,1.16
1775170169409,1.2
1775169966140,-0.6
1775169457880,0.2
1775169284079,1.5
1775169155091,2.2
1775168926470,0.61
1775168804601,1.6
1775168728649,1.7
1775168487044,2.4
1775167920140,2.5
1775167583820,3.23
1775167385430,-0.12
1775167016360,1.46
1775166722193,4.6
1775166615690,1.5
1775166402029,2.4
1775166291649,4.6
1775166178970,0.69
1775166047867,1.2
1775165721360,3.66
1775165396710,0.28
1775164823670,0.71
1775164783370,0.37
1775164088670,0.67
1775163099250,1.46
1775162599480,0.99
1775162510973,2.0
1775162260374,2.6
1775161775040,2.1
1775161693950,1.8
1775161642440,1.34
1775161525610,0.95
1775161349005,4.9
1775161317490,1.56
1775161025400,0.7
1775160735129,2.2
1775159952210,1.7
1775159798980,1.15
1775159777510,3.75
1775159761440,0.71
1775159716250,0.75
1775159531933,4.6
1775159291651,4.3
1775158944633,4.3
1775158610128,1.5
1775158515875,4.3
1775158328635,4.5
1775158296018,4.8
1775158046388,2.2
1775157925523,1.1
1775157380516,4.4
1775156905304,2.2
1775156882410,4.9
1775156444270,0.43
1775156234050,1.48
1775155922740,0.72
1775155878264,4.3
1775155731827,4.3
1775155571883,5.0
1775155430910,1.78
1775155251716,1.9
1775155208439,1.18
1775154948842,1.6
1775154776560,-1.01
1775154288500,2.16
1775154171853,4.2
1775154057343,2.4
1775153918312,2.2
1775153800800,3.31
1775153580690,1.37
1775153573396,4.5
1775153359520,2.33
1775153210190,0.89
1775153136830,0.37
1775153058172,4.4
1775152724260,4.3
1775152470060,0.55
1775152467660,0.38
1775152450240,0.89
1775152151868,1.4
1775152032915,4.5
1775151977610,1.52
1775151338010,0.45
1775151318550,0.38
1775151306710,0.92
1775151304487,4.3
1775151126702,4.2
1775150768026,1.76
1775150734280,0.86
1775150518400,0.61
1775150031670,0.72
1775149885196,4.4
1775149517331,2.1
1775149249870,1.23
1775149189540,0.74
1775148496640,1.76
1775148450180,0.58
1775148221930,1.07
1775147780195,1.6
1775147766500,0.53
1775147690962,3.8
1775147648900,1.08
1775147485780,0.76
1775147010500,2.41
1775146920410,0.66
1775146556310,1.58
1775146226585,5.1
1775145972330,1.82
1775145341767,1.59
1775145010699,1.6
1775145004480,0.82
1775144893564,1.52
1775144386313,1.9
1775144224140,0.6
1775144196646,5.3
1775144063732,5.1
1775143920990,3.36
1775143410345,2.6
1775143246040,1.01
1775143095220,0.62
1775143083880,3.42
1775142862305,3.1
1775142616940,1.87
1775142288839,2.2
1775142018510,1.92
1775141802230,0.79
1775141693760,3.19
1775141664724,2.4
1775141356360,0.72
1775141337874,3.5
1775141115062,2.3
1775140821317,1.7
1775140807797,1.6
1775140776072,2.18
1775140722820,0.39
1775140499320,5.8
1775140085440,-0.4
1775140009577,2.2
1775139233470,3.43
1775139229201,5.9
1775139220880,1.45
1775139002318,2.7
1775138668770,1.13
1775138634250,1.45
1775137836600,3.34
1775137381942,1.8
1775137215860,0.86
1775137140030,0.85
1775136712800,1.65
1775136636460,0.84
1775136357950,3.41
1775135817742,1.5
1775135625690,2.46
1775135607320,3.36
1775134984811,4.9
1775134155149,2.7
1775134112650,0.32
1775134033510,0.81
1775133975341,4.5
1775133878830,0.41
1775133749900,3.24
1775133565818,2.8
1775133516305,0.6
1775133442650,1.68
1775133410130,2.71
1775133328830,3.89
1775133196648,4.7
1775133169090,0.86
1775133027110,1.27
1775132980200,3.03
1775132734250,0.72
1775132685273,0.9
1775132523630,1.01
1775132488510,3.23
1775131772530,4.27
1775131305320,1.06
1775130879990,0.95
1775130643831,1.7
1775130354540,0.87
1775130237560,0.79
1775130035060,1.09
1775129949165,3.2
1775129868730,0.71
1775129735014,5.2
1775129643630,1.9
1775129545652,1.6
1775129249732,1.2
1775129141780,1.6
1775128880869,1.2
1775128785160,0.39
1775128724010,0.6900000000000001
1775128722599,4.9
1775128152478,1.8
1775127815830,0.41
1775127449610,0.88
1775127417370,0.37
1775126346360,1.69
1775126010470,0.36
1775125868543,1.2
1775125722880,1.75
1775125647380,3.42
1775125290842,4.8
1775125284136,4.8
1775124621983,4.8
1775124212027,1.6
1775124119868,2.1
1775122978050,0.96
1775122936520,1.45
1775122517890,1.2
1775122428050,0.83
1775122198580,-0.59
1775122103750,1.07
1775121450630,1.2
1775121365897,1.8
1775121085900,0.98
1775120929009,1.6
1775120759490,1.07
1775120754559,4.6
1775120542000,4.6
1775120451310,0.77
1775119926726,5.0
1775119325250,-0.68
1775119285520,4.59
1775119139044,5.1
1775118997132,1.2
1775118682220,-1.11
1775118427820,4.3
1775118375947,4.5
1775118068608,1.6
1775117880049,1.6
1775117705868,4.2
1775117550790,1.71
1775117391336,2.3
1775117262040,0.79
1775117199089,1.5
1775117164178,4.2
1775117071615,1.8
1775116821420,0.88
1775116764770,0.39
1775116556036,4.2
1775116539133,1.7
1775116525290,0.62
1775116342850,2.48
1775116242018,1.6
1775116183680,0.61
1775116137220,0.85
1775116048910,1.52
1775115613250,1.09
1775115610533,1.7
1775115551287,5.1
1775115291213,1.7
1775115030380,0.88
1775114701220,3.0
1775114585980,1.16
1775114155039,4.6
1775114013629,4.1
1775113574556,4.8
1775113463139,1.5
1775113454591,5.2
1775113374751,4.3
1775113070600,2.33
1775112972850,1.22
1775112694835,4.6
1775112238630,-0.31
1775112163361,4.4
1775112080950,1.36
1775111837894,4.4
1775111795789,2.1
1775111724267,0.4
1775111644674,3.0
1775111330011,2.4
1775111247840,1.77
1775111132610,1.61
1775111038217,4.4
1775110924705,4.4
1775110645020,1.82
1775110424700,5.2
1775110333602,4.4
1775110246152,1.2
1775110210591,4.5
1775110207390,0.97
1775110192700,1.42
1775109935806,2.8
1775109905900,1.41
1775109905021,1.7
1775109859663,4.3
1775109821246,4.4
1775109550330,1.52
1775109325640,0.62
1775109206110,2.6
1775109142430,4.5
1775109116245,4.5
1775109003715,2.7
1775108738229,3.0
1775108500983,5.0
1775108243105,5.0
1775108031170,-0.17
1775108022930,0.02
1775107736710,1.23
1775107616945,4.5
1775107531503,4.4
1775107427463,4.4
1775107378420,1.92
1775107305410,3.25
1775107233930,-0.47
1775107163270,3.35
1775107061780,3.07
1775107027400,1.85
1775106908280,3.07
1775106843181,4.2
1775106832856,2.8
1775106667282,4.4
1775106647860,4.3
1775106634615,4.1
1775106604884,1.5
1775106364640,-1.16
1775105536948,1.9
1775105425170,2.0
1775105237740,0.85
1775105227582,2.6
1775105216949,4.3
1775105152820,3.44
1775104925238,4.6
1775104847926,4.4
1775104708400,0.76
1775104594620,4.4
1775104500596,4.1
1775104079195,4.4
1775104039014,4.3
1775103853076,4.5
1775103843450,1.38
1775103653214,4.5
1775103515474,1.6
1775103326260,3.41
1775103206928,1.6
1775103156839,2.5
1775103098280,0.9
1775103077185,1.7
1775102916478,4.4
1775102884550,-0.54
1775102834994,4.3
1775102739630,1.27
1775102704043,0.5
1775102543620,1.8
1775102288476,4.4
1775102275897,1.8
1775101773783,4.7
1775101683337,4.4
1775101624260,0.52
1775101147360,1.07
1775101146069,4.5
1775100872181,4.4
1775100741514,4.5
1775100233872,6.2
1775099997109,2.1
1775099997018,2.1
1775099873328,5.7
1775099763420,0.65
1775099677416,5.0
1775099530910,1.1
1775099385185,4.2
1775099257088,4.2
1775099124350,0.87
1775099100660,2.24
1775098955600,3.07
1775098753238,2.2
1775098684671,4.5
1775098590540,1.2
1775098455217,2.3
1775098351701,4.2
1775098212140,0.98
1775098124259,3.8
1775097998290,0.84
1775097745590,1.99
1775097463760,2.94
1775097390066,4.3
1775097302924,4.4
1775097213660,1.26
1775097099636,4.6
1775097058400,0.41
1775097014717,4.1
1775096871724,4.2
1775096790164,1.6
1775096622770,4.9
1775096529339,4.8
1775096501982,1.5
1775096411433,4.0
1775096362928,2.0
1775096204110,1.7
1775096055407,4.5
1775095857938,5.2
1775095823374,4.2
1775095771589,4.2
1775095607360,1.0
1775095588400,0.65
1775095579790,0.98
1775095439340,0.81
1775095035473,4.6
1775094479990,4.1
1775094383250,-0.12
1775094364823,4.3
1775094268880,0.93
1775094154801,4.3
1775093804080,0.12
1775093735765,4.1
1775093673224,3.5
1775093600490,0.71
1775093364111,2.3
1775093359279,4.4
1775092805334,4.4
1775092410631,4.3
1775092191527,4.1
1775091818067,4.3
1775091497000,0.3
1775091172373,5.0
1775091016350,1.88
1775090756409,1.34
1775090229136,1.8
1775090163492,4.7
1775090037911,4.4
1775089824080,2.91
1775089710206,2.5
1775089664490,0.3
1775089521120,1.62
1775088919902,5.1
1775088563030,0.28
1775088426381,2.0
1775087699470,5.1
1775087682400,1.77
1775087672590,1.6
1775087533187,2.1
1775087134320,1.76
1775087074818,4.9
1775086469570,3.6
1775086235810,1.15
1775086050442,4.2
1775086044729,2.1
1775085522820,2.1
1775085209354,5.4
1775084914897,2.4
1775084843967,5.5
1775084460300,0.42
1775084176940,1.08
1775083693172,7.4
1775083622550,1.53
1775083256309,1.1
1775083249830,-0.96
1775083142610,0.46
1775082977810,0.92
1775082973772,1.0
1775082955110,1.06
1775082870079,1.6
1775082653700,0.93
1775082049880,0.31
1775081704440,1.24
1775081492600,0.58
1775081215776,1.56
1775080935520,0.88
1775080908350,1.2
1775080815740,-0.04
1775080681360,1.13
1775080580130,-0.91
1775080480460,0.75
1775080364882,2.0
1775080259720,1.08
1775079559760,1.27
1775079546830,1.51
1775079350794,2.6
1775079332440,0.55
1775079289030,0.59
1775079045473,3.3
1775079015110,1.62
1775078937060,2.04
1775078835145,0.8
1775078789190,0.42
1775077823390,0.86
1775077787921,4.6
1775077747670,0.7
1775077723390,0.12
1775077609910,1.92
1775077299291,4.9
1775077043890,0.33
1775076947280,0.63
1775076927170,0.8
1775076907940,0.71
1775076599650,1.36
1775076082010,0.58
1775075761300,-0.63
1775075462999,1.8
1775075334770,0.37
1775075286000,0.53
1775075172439,1.47
1775074929985,0.7
1775074910640,1.14
1775074823360,1.21
1775074463446,4.4
1775074292810,0.1
1775073852580,1.92
1775073677500,0.5
1775073660430,1.31
1775073633150,0.09
1775073550440,0.85
1775073192330,-0.79
1775072986890,1.1
1775072762334,4.3
1775072731311,1.8
1775072573490,0.78
1775072495170,1.57
1775072245900,0.99
1775072226480,0.02
1775071511310,0.4
1775071491923,2.3
1775070591770,1.89
1775070515180,0.81
1775070510190,1.08
1775070341531,4.4
1775070171317,2.0
1775070128670,1.5
1775069978410,0.36
1775069766380,1.04
1775069655144,1.6
1775069539760,0.83
1775069073346,2.3
1775069047419,1.26
1775068999377,3.4
1775068839240,0.87
1775068723200,1.14
1775068642800,0.88
1775068597580,0.37
1775068526670,0.76
1775068157320,-0.92
1775067542480,0.06
1775067523630,0.67
1775067418462,3.4
1775067407180,1.2
1775067237450,3.26
1775066396441,1.8
1775065982720,0.54
1775065833410,-0.86
1775065678420,1.66
1775065613980,1.4
1775065310170,1.25
1775065262135,1.7
1775065185740,1.36
1775064948084,2.0
1775064823890,0.37
1775064694670,0.72
1775064260000,1.55
1775064235140,2.3
1775064222828,1.2
1775063894877,1.9
1775063810091,2.1
1775063574750,1.14
1775063493446,4.6
1775063290070,-0.62
1775063249820,1.7
1775063172363,1.3
1775062653441,1.1
1775062547356,1.2
1775062514170,4.5
1775061678480,0.58
1775061541176,1.8
1775061394051,4.4
1775061347604,1.2
1775061047910,3.92682187187508
1775060809630,0.46
1775060799080,0.7
1775060470060,1.7538352012634275
1775060409724,0.7
1775060189340,3.16
1775059998560,0.31
1775059868370,0.88
1775059855110,0.96
1775059666070,0.31
1775059022020,0.44
1775058748670,1.33
1775058630280,1.04
1775058612480,1.04
1775058607637,2.3
1775058063542,0.5
1775058017550,0.77
1775057620199,1.0
1775057594428,1.8
1775055882759,4.4
1775055806280,0.43
1775055578808,1.9
1775055541760,1.92
1775054846350,0.21
1775054601470,1.64
1775054158470,1.9
1775054140070,-0.98
1775053936403,2.0
1775053926250,1.38
1775053554230,1.31
1775053460489,1.5
1775053349940,0.18
1775053338915,1.5
1775053245078,1.8
1775052697200,0.48
1775052347961,1.8
1775052194120,-1.1
1775052145730,4.5
1775050686219,2.31
1775050562204,1.6
1775050033380,3.36
1775049681550,0.32
1775049667600,1.04
1775049627740,-0.98
1775049290369,1.5
1775049207425,4.7
1775049076246,1.5
1775048503030,0.77
1775048291280,2.17
1775048218565,4.1
1775048072510,0.81
1775047500643,1.6
1775046616180,2.29
1775045640608,5.3
1775045339383,1.9
1775045329990,1.06
1775044971079,1.5
1775044685260,1.93
1775043992900,1.57
1775043946580,2.1
1775043892170,-0.93
1775043803970,0.77
1775043798740,1.63
1775043368940,1.24
1775043006690,0.23
1775042921330,1.0
1775042835061,1.7
1775042680399,1.8
1775042527820,2.36
1775042455157,2.0
1775042427357,6.0
1775042285570,0.75
1775042245800,1.17
1775042208910,1.5
1775039888958,1.7
1775039743570,1.88
1775039661450,2.13
1775039434090,0.6
1775038957020,3.09
1775038884280,0.95
1775038534000,0.72
1775038006620,3.37
1775037507749,2.2
1775036706550,0.87
1775036659585,1.3
1775036652077,4.5
1775036456917,1.9
1775036431030,1.49
1775036055970,3.83
1775035314130,0.28
1775035264900,0.94
1775035037101,4.2
1775034964585,2.0
1775034919340,0.44
1775034853250,1.74
1775034769980,0.83
1775034321493,1.8
1775034319370,0.8
1775034129920,1.07
1775034091200,2.8
1775034087983,1.4
1775033979160,1.72
1775033763231,2.1
1775033685910,0.6
1775033521933,2.3
1775033419614,1.4
1775033290490,0.99
1775033242460,0.56
1775032976507,4.9
1775032570903,0.6
1775032570620,0.6
1775032503513,1.2
1775032295575,2.3
1775032285770,0.88
1775031841268,1.7
1775031780150,0.24
1775031752194,0.6
1775031609240,3.23
1775031365760,0.67
1775031179650,1.23
1775030987597,2.3
1775030739048,1.4
1775030692180,1.31
1775030681940,1.68
1775030648000,2.15
1775030548250,1.4
1775030216293,1.2
1775029976960,1.3
1775029579170,1.03
1775029548630,0.3
1775029169004,2.9
1775029042569,1.3
1775028966700,0.7
1775028368058,1.4
1775027802510,1.27
1775027771990,0.47
1775027478190,0.74
1775027430136,1.5
1775027389740,0.18
1775027259464,1.6
1775027249680,2.96
1775027043620,-0.01
1775026832264,2.12
1775026783798,2.3
1775026634046,1.8
1775026447280,1.57
1775026183741,2.0
1775026056440,0.3
1775025506947,1.9
1775025365310,0.74
1775025293774,1.9
1775024970084,1.9
1775024628148,2.0
1775024232170,1.32
1775023774110,3.24
1775023706257,5.7
1775023696461,3.1
1775023522400,3.1
1775023196240,0.41
1775022851890,0.73
1775022510031,1.6
1775022456654,1.81
1775022355890,-1.24
1775022295200,1.58
1775022269120,2.49
1775022258160,1.2
1775021867418,1.7
1775021824530,1.94
1775021255060,3.11
1775021217870,1.36
1775021151010,3.31
1775020967676,2.9
1775020888090,0.76
1775020772930,0.48
1775020717550,3.3
1775020467270,3.0
1775019979120,1.18
1775019854830,0.85
1775019694310,0.99
1775019536850,3.88
1775019488270,3.1
1775019477470,0.77
1775019296676,4.6
1775018661090,3.35
1775018622960,0.57
1775018565350,4.1
1775018158630,0.74
1775018088550,3.33
1775017799540,3.43
1775017728917,0.8
1775017630934,1.9
1775017617960,1.38
1775017581330,0.44
1775017222030,0.72
1775017197820,1.33
1775017160690,0.96
1775017078626,2.0
1775017010936,1.7
1775016897270,0.23
1775016838225,2.3
1775016665760,3.06
1775016021659,1.4
1775015510550,0.7
1775015509120,0.58
1775015310300,0.44
1775015176030,1.0
1775014918833,2.3
1775014871590,0.47
1775014537400,1.53
1775014455450,3.42
1775014374529,1.4
1775014358200,1.56
1775014127524,0.5
1775013626058,2.8
1775013562150,0.92
1775013518980,1.7
1775013356910,0.32
1775013144405,2.4
1775013102620,0.48
1775012740325,3.3
1775012477833,1.7
1775012430050,0.79
1775012418678,2.4
1775012187700,1.05
1775012153550,-1.13
1775012022209,1.6
1775011733920,0.53
1775011680660,3.43
1775011597635,1.79
1775011527530,1.32
1775011077760,3.12
1775010995390,0.7
1775010894890,1.19
1775010736390,0.71
1775010620807,4.4
1775010606600,0.58
1775010012946,4.0
1775009834482,1.6
1775009813570,-0.55
1775009506449,2.2
1775009448407,2.0
1775009135850,1.6
1775008924173,1.8
1775008463190,0.62
1775008311828,1.98
1775008103940,0.36
1775007554520,1.47
1775007477260,0.95
1775007446585,1.7
1775007256767,2.1
1775006997491,2.0
1775006792660,3.37
1775006658650,1.56
1775006585830,1.05
1775006576080,1.9
1775006335625,2.2
1775006241140,0.16
1775006224660,3.33
1775005858450,0.08
1775005607189,3.0
1775005603350,0.83
1775005578554,4.9
1775005354940,3.29
1775005185231,2.4
1775004947225,2.9
1775004817080,-0.49
1775004575280,2.3
1775004413902,1.8
1775004215873,4.3
1775004107380,1.3
1775003984579,1.9
1775003974870,0.39
1775003855552,1.5
1775003554784,0.4
1775003468880,1.95
1775003421076,1.7
1775003287960,0.72
1775003092570,3.9
1775003006381,4.2
1775002819540,-0.07
1775002782270,3.44
1775002219500,-0.65
1775002171129,2.2
1775002033010,3.02
1775002018827,1.6
1775001700762,1.7
1775001630980,1.11
1775001594450,1.24
1775001089456,4.0
1775000762829,1.2
1775000449277,4.1
1775000432495,2.8
1775000386190,2.81
1775000217810,1.9
1775000098977,1.9
1774999947590,0.64
1774999789071,4.4
1774999717460,1.11
1774999450924,1.6
1774999111017,2.0
1774998965216,2.0
1774998841000,0.46
1774998672390,1.4
1774998638670,-0.1
1774998458020,3.18
1774998272930,1.23
1774997637380,0.89
1774997604850,3.37
1774997461700,2.73
1774997406243,1.8
1774997144410,3.21
1774996843430,3.51
1774996564760,3.45
1774996475290,1.81
1774996352010,3.32
1774996268290,1.31
1774996253915,1.9
1774996130410,1.9
1774996037870,1.2
1774995980390,0.63
1774995944510,0.82
1774995565790,1.87
1774995526126,1.7
1774995057630,3.38
1774995032750,0.84
1774994874980,1.69
1774994497687,0.9
1774994410429,1.6
1774994283880,2.67
1774994230200,2.19
1774994220998,1.9
1774994193940,5.0
1774993982593,1.5
1774993435847,2.0
1774993111620,3.87
1774993042166,1.8
1774992959270,3.16
1774992757680,3.6
1774992738410,0.28
1774992642320,0.84
1774992533348,1.2
1774992462070,0.7
1774992413460,0.87
1774992338510,2.69
1774992274005,1.4
1774992212270,2.94
1774992102070,3.06
1774992068239,1.9
1774992064909,1.65
1774991987420,3.41
1774991910670,3.19
1774991890868,1.4
1774991738200,4.9
1774991697880,2.02
1774990776115,1.5
1774990773325,1.6
1774990582350,0.35
1774990438753,2.4
1774990390760,1.48
1774990068874,1.9
1774990012460,0.78
1774989841110,2.2
1774989562700,0.72
1774989459210,1.48
1774988696753,2.01
1774988518430,1.92
1774988458850,0.95
1774987670226,1.69
1774987551800,3.13
1774987395595,1.7
1774987330940,0.5
1774987256634,4.0
1774987215850,1.06
1774987178840,1.41
1774987085540,2.97
1774987000980,2.69
1774986984980,-1.13
1774986953199,4.2
1774986887190,3.74
1774986507300,3.79
1774986461609,1.33
1774986066707,2.1
1774985746183,2.58
1774985583810,3.26
1774985095868,5.7
1774985072410,1.98
1774985001600,1.29
1774985000940,0.69
1774984948890,0.92
1774984559770,0.5
1774984420050,0.73
1774983900720,1.7
1774983806091,2.0
1774983592130,3.06
1774982583636,3.4
1774982409590,1.87
1774982361240,1.78
1774981958380,1.0
1774981598260,1.06
1774980901950,0.14
1774980499704,2.2
1774980290878,1.7
1774980240540,1.09
1774980139768,0.7
1774979782710,0.65
1774979605010,0.21
1774979569537,2.5
1774979157454,1.3
1774979010306,0.7
1774978853379,1.8
1774978485242,1.4
1774978072342,2.1
1774977923379,1.6
1774977582144,1.4
1774977162739,1.6
1774977119066,2.2
1774976942846,4.7
1774976911650,1.19
1774976046640,0.5
1774975731250,0.47
1774975697562,2.6
1774975251280,-0.14
1774974884040,0.74
1774974815840,1.04
1774974287460,1.03
1774973907280,1.72
1774973685210,1.02
1774973541870,-0.07
1774972953990,1.26
1774972917430,3.77
1774972777470,1.47
1774972706460,0.26
1774972301420,1.35
1774971935750,4.4
1774971868038,4.1
1774971857310,1.59
1774971528865,4.5
1774971481130,-0.13
1774971107915,1.8
1774970877348,1.5
1774970503300,0.69
1774970448930,0.25
1774970068593,1.4
1774969983810,0.56
1774969930760,0.58
1774969922850,0.21
1774969733414,2.0
1774969627036,2.3
1774969301371,2.2
1774969113361,2.7
1774968686341,2.7
1774968626839,1.38
1774968522760,0.33
1774968218426,2.0
1774967886870,0.89
1774967781760,0.78
1774967286296,1.6
1774967088240,1.18
1774967080450,1.64
1774966948653,1.3
1774966426440,0.41
1774966419847,1.7
1774966363670,0.5
1774965892900,2.5
1774965633710,0.29
1774965148230,1.76
1774965100595,4.5
1774965003345,1.6
1774964892840,1.09
1774964606380,0.23
1774964507812,4.4
1774964155290,0.47
1774963687400,1.24
1774963541470,1.5
1774963236865,4.3
1774963104588,1.2
1774962932939,2.3
1774962472815,2.7
1774961601497,1.2
1774961045720,3.53
1774961012943,1.5
1774960996980,0.98
1774960891400,1.07
1774960872436,1.8
1774960731740,4.16
1774960355270,0.88
1774960133580,1.04
1774959672045,2.3
1774959543840,0.76
1774958945530,0.68
1774958544670,1.17
1774958367480,0.61
1774958292260,0.68
1774958252970,0.21
1774958252900,3.92
1774958134790,0.84
1774958116751,3.8
1774957815424,1.6
1774957617070,1.27
1774956828060,1.54
1774956826573,1.1
1774956724080,3.4
1774956317130,0.99
1774956267840,1.31
1774956219828,1.2
1774956117490,1.33
1774955664054,5.1
1774955660510,3.94
1774955496090,2.46
1774955123232,2.4
1774954999184,1.8
1774954730660,-1.04
1774954400700,1.01
1774954385811,1.8
1774954326410,1.27
1774954272421,3.2
1774953881660,1.6
1774953746578,2.1
1774953698025,1.8
1774953340468,1.8
1774953268770,-0.18
1774953021635,2.9
1774952725866,2.5
1774952497474,2.3
1774952225819,2.4
1774952036660,2.07
1774951524142,1.5
1774951428641,4.9
1774951376921,2.5
1774951106260,4.2
1774951081140,2.55
1774951077927,1.8
1774950920388,3.2
1774950552322,3.0
1774950312350,4.12
1774950182550,2.3
1774950138880,-0.93
1774950030350,-0.13
1774949761635,2.9
1774949576271,4.6
1774949549710,1.49
1774949350501,2.0
1774949314130,3.97
1774948957700,5.0
1774948487193,2.4
1774947335230,0.53
1774947228348,1.5
1774947171030,1.51
1774947046820,0.9
1774946688771,1.3
1774946219266,2.9
1774946089130,0.77
1774946084610,1.51
1774945942805,2.0
1774945785088,2.3
1774945694380,0.62
1774945411337,4.4
1774945305690,0.21
1774945255530,0.4
1774945237240,-0.42
1774945194570,0.58
1774944999550,1.0
1774944982850,1.9
1774944875330,0.18
1774944355770,0.43
1774944345950,0.91
1774943893027,1.3
1774943830512,2.9
1774943815100,3.93
1774943551710,0.92
1774943393020,0.85
1774943309020,3.55
1774943289590,0.49
1774943093246,1.7
1774943033280,0.52
1774942773240,3.98
1774942488170,0.68
1774942467551,1.8
1774941857450,2.3
1774941818950,1.68
1774941253620,0.53
1774941077754,2.4
1774940135478,1.5
1774940059570,0.66
1774939921930,0.68
1774939631223,2.4
1774939543180,0.75
1774939527650,3.43
1774939442331,1.6
1774939247970,-1.59
1774939210161,1.4
1774938903019,1.1
1774938825570,2.0
1774938717128,1.8
1774938693678,1.8
1774938323970,0.83
1774937678134,1.4
1774937573340,0.27
1774937519049,4.7
1774937493930,1.55
1774937419930,0.08
1774936943280,0.34
1774936929360,0.89
1774936419810,2.21
1774936171278,1.8
1774935678092,1.1
1774935088179,1.5
1774934876110,0.74
1774934730483,1.6
1774934127456,3.0
1774933872600,1.37
1774933378853,2.5
1774933287589,1.35
1774933281300,2.27
1774933009670,1.75
1774932983617,0.9
1774932933260,-0.53
1774932842910,0.8
1774932560124,1.6
1774932557788,2.4
1774932502570,1.34
1774932094538,1.6
1774931943977,4.3
1774931895100,0.38
1774931649320,0.36
1774931327140,1.0
1774931305623,1.9
1774931216998,1.9
1774931207253,2.2
1774931060349,1.9
1774930578332,2.0
1774930346070,1.3
1774929647246,2.4
1774929547084,3.4
1774929543690,2.2
1774929103870,1.78
1774929006051,1.7
1774928275253,4.7
1774928189250,0.73
1774927919500,0.4
1774927839370,0.74
1774927620910,1.71
1774927528480,-0.35
1774927318560,0.51
1774926919795,4.6
1774926734134,4.9
1774926071370,1.51
1774925111539,1.12
1774924442700,0.6
1774924390170,1.74
1774924284337,2.0
1774924154049,2.4
1774923612110,1.02
1774923249971,1.4
1774923198230,0.8
1774922998010,1.01
1774922776500,1.0
1774922353380,1.39
1774922253521,2.0
1774922246340,0.56
1774922152874,1.0
1774922152450,1.17
1774921911710,1.41
1774921809803,2.9
1774921233690,0.84
1774921006390,0.72
1774920413934,2.0
1774920287230,0.0
1774920284743,1.5
1774920270080,0.86
1774919764820,1.94
1774919571977,2.2
1774919480070,0.45
1774919157690,1.08
1774918495790,-0.14
1774917398560,1.57
1774917038470,1.0
1774916949129,1.0
1774916940030,0.53
1774916066660,1.45
1774915491749,2.8
1774915015166,2.4
1774914752460,1.51
1774914185657,1.8
1774913975576,1.6
1774913909274,2.9
1774913903180,1.47
1774913790710,0.75
1774913768482,1.6
1774913413330,1.18
1774913193060,1.27
1774912836859,2.4
1774912778110,3.44
1774912487491,1.77
1774911968580,0.72
1774911928670,1.47
1774911875606,3.6
1774911774619,1.7
1774911542380,0.79
1774911286690,2.46
1774911088720,2.82
1774910646918,1.6
1774910214050,0.75
1774910200680,0.81
1774910133785,4.1
1774910115260,0.77
1774910083840,0.76
1774910054148,1.65
1774909851416,2.6
1774909805520,0.32
1774909357075,1.4
1774908580650,0.77
1774908562991,2.4
1774908551281,4.0
1774907947842,1.3
1774907939272,1.2
1774907447284,2.3
1774907101175,2.3
1774906936364,1.3
1774906689851,2.5
1774906433157,1.81
1774906012210,1.46
1774905559218,2.3
1774905417254,2.0
1774905117630,1.64
1774904765478,1.9
1774904614322,1.8
1774904596240,1.18
1774904535570,0.8
1774904430020,0.75
1774904403490,1.13
1774904283550,0.95
1774904182480,0.46
1774904042039,1.6
1774903790098,2.0
1774903441601,1.5
1774903388560,2.05
1774903367140,0.41
1774903280740,0.27
1774903139526,1.86
1774902979600,0.53
1774902851360,1.84
1774902507820,0.38
1774902425154,1.8
1774902211196,3.1
1774902106228,1.7
1774901858760,2.3
1774901790790,1.46
1774901724958,1.7
1774901486730,1.15
1774901461648,1.7
1774901194885,1.4
1774901180710,1.5
1774901078890,0.44
1774900875453,1.5
1774900705574,4.2
1774900633450,0.54
1774900549910,0.8
1774900497342,2.9
1774900397855,2.4
1774900227561,4.8
1774900165070,1.88
1774900092083,4.1
1774899777740,1.6
1774899299180,0.54
1774898951240,0.75
1774898944780,1.15
1774898688270,2.03
1774898619830,0.47
1774898585602,3.9
1774898562600,4.3
1774898340120,3.28
1774898062498,3.7
1774897803730,1.6
1774897681799,2.0
1774897549575,4.4
1774897032637,1.7
1774896940880,0.76
1774896781920,1.14
1774896675630,1.04
1774896663350,1.5
1774896418290,1.3
1774896403758,2.0
1774896374150,1.42
1774896204396,4.3
1774896125975,1.6
1774895958220,1.42
1774895753555,2.0
1774894927480,0.9
1774894516160,0.8
1774894286960,2.03
1774894285097,2.9
1774894147720,2.23
1774894141040,3.22
1774894132220,0.69
1774893953240,2.28
1774893666512,1.4
1774893317680,1.08
1774893216987,3.2
1774893050373,2.7
1774892606950,0.44
1774892553961,2.4
1774892547390,1.3
1774892198123,2.0
1774892077575,1.1
1774891862810,1.75
1774891204190,2.31
1774890923150,0.44
1774890878390,0.33
1774890693643,1.8
1774890388850,1.56
1774890165704,1.6
1774890090720,1.79
1774889998540,0.08
1774889952240,0.29
1774889926630,0.78
1774889879530,0.38
1774889715439,1.34
1774889626100,1.5
1774889605620,0.9
1774889256970,1.12
1774889069240,1.78
1774889015075,1.5
1774888879490,1.4
1774888388715,1.8
1774888002340,0.98
1774887978684,2.5
1774887894648,1.6
1774887872600,0.39
1774887710517,2.1
1774887567900,0.54
1774887124180,2.3
1774887117168,1.7
1774886921770,0.6
1774886727635,1.7
1774886444380,1.8
1774886118660,2.14
1774885811010,2.7
1774885494740,0.85
1774885325970,1.14
1774884500393,1.8
1774884156603,0.6
1774884154665,4.8
1774884094090,3.3
1774884056187,2.2
1774884049559,4.4
1774883959856,1.6
1774883749967,3.0
1774883406150,0.62
1774883233810,1.9
1774882904130,2.46
1774882807758,1.1
1774882657740,2.95
1774882543010,1.17
1774881937737,1.8
1774881812466,5.2
1774881656034,1.7
1774881456960,0.21
1774881260481,4.5
1774881009710,0.95
1774880790204,4.5
1774880479310,1.7
1774880262850,1.2
1774880104130,1.23
1774879501870,0.24
1774879485810,0.54
1774879310750,-0.04
1774879287940,0.7
1774879201086,2.2
1774878729373,1.0
1774878672800,1.3
1774878463340,1.12
1774878327277,1.7
1774878113210,1.17
1774878043958,2.3
1774877678800,1.4
1774877525893,2.0
1774877400790,1.2
1774877304252,1.6
1774876872520,0.78
1774876745486,1.5
1774876557104,1.7
1774875872890,0.7
1774875294210,1.7
1774875170652,1.8
1774875162840,0.62
1774874253180,1.4
1774874115710,0.41
1774873510780,1.15
1774873355303,1.6
1774873269765,1.3
1774873211933,1.5
1774873185060,0.9
1774872926517,1.9
1774872849016,0.8
1774872538369,2.7
1774872101400,1.58
1774871764335,1.4
1774871129419,4.4
1774870857333,1.8
1774870745940,1.64
1774870651222,2.1
1774870336390,1.08
1774870264703,2.3
1774870197910,1.04
1774869974730,1.25
1774869880284,1.8
1774869166672,3.1
1774869050579,1.42
1774868956920,2.8
1774868872670,0.93
1774868791860,1.01
1774868734120,0.45
1774868716011,1.4
1774868673400,0.33
1774868555520,1.86
1774868176689,1.5
1774868121705,1.9
1774867649935,1.1
1774867407685,1.9
1774867169294,0.7
1774867132170,0.62
1774867074590,0.38
1774867032324,2.1
1774866486942,1.5
1774866267449,2.0
1774865969863,1.7
1774865962439,2.9
1774865934437,1.5
1774865760120,0.62
1774865751490,0.99
1774865659409,5.1
1774865464747,1.1
1774865335969,1.3
1774865263340,1.0
1774865070377,1.2
1774864959479,2.4
1774864903051,1.4
1774864894458,4.5
1774864705075,2.4
1774863767357,1.1
1774863427792,1.9
1774863408416,2.1
1774863146046,1.4
1774863127080,2.9
1774863050853,1.9
1774863009796,2.1
1774862914050,1.39
1774862796900,3.01
1774862696856,3.1
1774862675278,2.4
1774862373390,3.94
1774861845672,1.1
1774861751307,1.2
1774861731030,1.02
1774861516953,1.6
1774861352124,5.0
1774860357394,2.4
1774860253823,7.3
1774860247642,5.4
1774860108451,1.6
1774859806490,1.02
1774859557690,1.01
1774859489390,0.59
1774859198340,0.49
1774859140113,4.1
1774859112430,1.22
1774858852580,1.43
1774858721520,0.5
1774858549880,0.96
1774858489470,0.61
1774858443380,0.26
1774858308480,1.84
1774858247500,1.15
1774858242810,1.9
1774858019890,0.69
1774857975210,1.71
1774857953545,1.6
1774857847280,0.65
1774857842780,0.52
1774857477680,1.69
1774857338100,0.78
1774857058410,0.32
1774856927940,0.75
1774856819029,4.5
1774856811269,1.8
1774856567007,2.4
1774856205142,1.6
1774856083150,0.56
1774856024550,1.9
1774855910200,0.52
1774855846157,3.1
1774855828018,5.4
1774855657775,1.7
1774855587200,1.36
1774855582365,0.7
1774855446000,1.01
1774855365329,0.86
1774855215486,1.6
1774854741390,-1.04
1774854732600,1.7
1774854630467,1.4
1774854147860,1.04
1774854111540,0.43
1774853495040,1.36
1774853442620,0.4
1774853321990,0.76
1774853187781,2.3
1774853118485,1.3
1774853103105,1.5
1774853081646,1.1
1774853040662,0.9
1774852912180,0.02
1774852519660,1.2
1774852454870,0.7
1774852168033,1.5
1774851823439,1.6
1774851779830,1.84
1774851465996,1.5
1774851422756,2.8
1774851309540,0.34
1774850632912,1.2
1774850430645,1.4
1774850205025,1.0
1774849458220,1.1
1774849152650,1.14
1774849084971,1.9
1774849078060,1.8
1774848689622,1.0
1774848577858,1.4
1774848415743,1.2
1774848387000,0.75
1774847727722,4.6
1774847583670,-1.13
1774847445433,2.1
1774847363940,1.18
1774847299300,0.7
1774847293497,2.2
1774847178113,3.8
1774847058190,0.98
1774846889631,2.5
1774846718829,1.2
1774846481968,1.0
1774846189428,2.3
1774845943685,2.4
1774845912990,1.22
1774845798180,0.31
1774845794601,1.56
1774845748640,0.85
1774845342170,0.95
1774845288776,2.6
1774844989510,3.42
1774844935034,3.0
1774844840015,1.7
1774844788288,3.6
1774844531203,1.5
1774844428140,-0.1
1774844299763,3.1
1774843736620,1.85
1774843458116,0.5
1774843451234,4.7
1774843223658,4.9
1774842917310,0.93
1774842900990,1.04
1774842277275,2.2
1774842256570,1.65
1774842211267,1.5
1774842209300,0.35
1774842185970,0.38
1774841988034,2.3
1774841926426,2.6
1774841765843,1.7
1774841635826,1.7
1774841478179,4.7
1774841201079,1.3
1774841092009,1.2
1774840924340,1.1
1774840155362,1.2
1774840111309,1.1
1774840060939,1.01
1774839684805,1.3
1774839524648,1.6
1774839408547,2.1
1774839371850,0.31
1774839315050,1.7
1774839270052,1.6
1774839270028,1.6
1774839123467,1.2
1774839009550,-0.23
1774838762330,-0.88
1774838267690,1.2
1774838117970,0.54
1774838110366,1.0
1774837604755,1.8
1774837367156,3.9
1774837353305,1.5
1774837171420,1.3
1774837129861,1.1
1774837060027,2.1
1774836978412,1.5
1774836764937,4.6
1774836635268,3.2
1774836395822,1.2
1774836338720,0.94
1774836308588,1.5
1774836032956,1.7
1774835999840,2.03
1774835825706,2.1
1774835820380,0.85
1774835755053,1.4
1774835520971,1.4
1774835486342,1.4
1774835384245,1.7
1774835273374,2.2
1774835190315,2.1
1774835118863,1.7
1774835115650,1.08
1774835064945,1.6
1774834915440,1.9
1774834887131,1.6
1774834861092,1.0
1774834787790,1.73
1774834619866,1.5
1774834378775,1.8
1774834310915,2.1
1774834147432,4.4
1774834042906,3.7
1774834039530,-0.2
1774833711349,1.2
1774833633130,1.77
1774833352540,-0.16
1774833328340,0.02
1774833170435,1.0
1774833150840,5.1
1774832784428,2.1
1774832678167,1.3
1774832501514,0.8
1774832489075,2.7
1774831714652,1.6
1774831626915,2.0
1774831595480,1.08
1774831137430,2.0
1774831064913,1.4
1774830836670,2.2
1774830722030,0.75
1774830545003,1.7
1774830235075,4.6
1774829892320,0.4
1774829621036,1.2
1774829482510,1.46
1774829335670,1.89
1774829252980,1.1
1774829142910,2.56
1774829069400,0.7
1774828725036,1.7
1774828716317,0.7
1774828434240,1.03
1774828361193,1.7
1774828136700,1.43
1774827980873,1.4
1774827952460,-1.34
1774827913919,5.2
1774827723310,0.54
1774827685132,2.3
1774827647037,1.0
1774827624450,1.1
1774826773960,1.94
1774826356177,1.6
1774826331501,1.8
1774826253480,1.08
1774826184870,0.96
1774826000533,1.8
1774825821856,1.0
1774825692960,-0.73
1774825654246,2.1
1774825365790,-1.01
1774825142790,0.86
1774825124180,1.77
1774825123541,4.3
1774824758814,1.5
1774824644230,1.73
1774824517630,1.76
1774823994090,0.55
1774823631733,1.6
1774823483191,1.7
1774823431610,1.26
1774823392518,1.7
1774823288310,0.56
1774823253170,0.71
1774823134150,1.23
1774822755690,-0.92
1774822566069,1.5
1774822444870,0.55
1774822159632,1.4
1774822030750,1.99
1774821842817,2.5
1774821810190,2.5
1774820905217,2.0
1774820724756,2.5
1774820213500,1.09
1774820174360,0.8
1774819951220,1.24
1774819931184,1.6
1774819910540,1.08
1774819695230,0.77
1774819637360,1.07
1774819617790,2.6
1774819387700,0.83
1774819369630,1.93
1774819300700,1.83
1774819257293,1.6
1774819183090,2.49
1774817949402,1.9
1774817934570,0.63
1774817835990,1.9
1774817760410,1.08
1774817717960,-0.59
1774817624400,1.09
1774817621160,0.32
1774817567690,1.24
1774817547510,1.48
1774817543560,3.16
1774817324053,1.5
1774817213712,1.3
1774817188330,1.67
1774816664670,1.7
1774815968790,1.07
1774815600370,0.83
1774815424140,1.95
1774815408905,1.6
1774815158750,1.24
1774814958240,0.47
1774814751640,1.07
1774814492864,1.2
1774813831290,-1.01
1774813606140,1.01
1774813430338,0.8
1774813266540,1.3
1774813104760,0.72
1774812561301,1.7
1774812316110,-0.05
1774812292140,0.75
1774811917950,-0.91
1774811587030,1.38
1774811555160,1.1
1774811475060,0.45
1774811371920,1.2
1774811319760,1.07
1774811121020,1.0
1774810400600,0.14
1774810167240,1.63
1774810018609,1.2
1774810011126,4.6
1774809984460,1.6
1774809940580,0.15
1774809799360,1.01
1774809669298,1.9
1774808998016,2.1
1774808917385,0.8
1774808849464,0.5
1774808666865,1.8
1774808089870,1.27
1774807961004,2.92
1774807796156,5.4
1774807640844,3.1
1774807353180,-0.83
1774806959700,4.3
1774806808328,2.1
1774806619319,4.2
1774806609210,1.08
1774806514440,0.21
1774806318984,1.1
1774806318900,1.8
1774806189170,2.6
1774805952250,1.16
1774805379801,1.9
1774805215580,1.22
1774805199070,1.17
1774805100050,2.72
1774805044536,1.5
1774804884940,0.92
1774803751795,2.8
1774803605015,1.3
1774803593830,1.04
1774803473750,0.69
1774803025810,0.33
1774802947190,0.5
1774802914300,0.92
1774802640300,0.32
1774801935630,1.3
1774801906860,-0.66
1774801806754,2.0
1774801797930,1.85
1774801744250,1.31
1774801477500,0.83
1774801435040,1.43
1774801308120,0.8
1774801280450,1.02
1774800763980,1.9
1774800612980,1.39
1774800407020,-1.27
1774800348355,1.9
1774800179030,0.22
1774800153270,0.18
1774799771834,1.5
1774799055240,1.84
1774798466120,0.28
1774798432560,2.3
1774798422190,3.69
1774798361580,2.07
1774798149273,1.5
1774798135524,2.1
1774797564840,-1.06
1774797377770,0.04
1774797165450,0.84
1774796907770,0.79
1774796786560,4.5
1774796779720,0.22
1774796767298,0.8
1774796700750,0.43
1774796368262,3.0
1774796231530,0.61
1774796107730,2.34
1774795887264,1.5
1774795748540,0.36
1774795275640,1.44
1774795056830,1.78
1774794596220,-0.23
1774794495400,2.15
1774793759090,-0.86
1774793755872,2.0
1774793636290,3.35
1774793558270,-0.73
1774793222310,0.79
1774792803919,2.2
1774792490750,0.61
1774792180240,-1.05
1774792111260,-0.64
1774791522600,0.95
1774791478510,-0.04
1774790614434,1.6
1774790373442,2.2
1774790220920,1.12
1774789271700,1.02
1774788954960,0.75
1774788867280,1.7
1774788786080,1.92
1774788688886,4.1
1774788501240,2.35
1774788463563,4.4
1774787769160,0.96
1774787409650,1.39
1774787199950,0.71
1774787177880,-0.21
1774786914580,1.12
1774786907750,1.45
1774786794250,1.11
1774786784323,1.3
1774786462590,-0.47
1774786285980,0.98
1774786026589,1.8
1774785957632,1.7
1774785818620,1.0
1774785767820,1.05
1774785743798,1.4
1774785606130,0.15
1774785117120,1.93
1774784599180,0.9
1774784373700,1.25
1774784343748,2.3
1774784255511,3.3
1774784019734,1.4
1774783923540,0.91
1774783884450,1.98
1774783728470,1.81
1774783432730,0.86
1774783390930,1.66
1774783208080,0.51
1774783100351,1.6
1774783059610,1.04
1774783003406,1.5
1774782851133,1.7
1774782583070,1.0
1774782498190,0.63
1774782258220,-1.14
1774782132792,2.8
1774782033510,0.91
1774782000260,1.06
1774781854034,2.6
1774781658900,0.85
1774780987078,2.4
1774780922760,0.54
1774780513490,0.04
1774780423110,0.4
1774780344918,1.2
1774780243410,1.93
1774780226890,0.94
1774780024120,1.7
1774779244970,-0.98
1774779081020,0.13
1774778829543,1.64
1774778810450,0.27
1774778772890,0.2
1774778629020,1.11
1774778261070,1.62
1774777898360,0.78
1774777409860,1.03
1774777273320,1.37
1774777261495,1.4
1774777237510,0.79
1774777045610,-0.03
1774777032810,0.75
1774776956800,1.11
1774776920480,0.88
1774776879150,-0.77
1774776802450,1.17
1774776753970,1.87
1774776514240,0.34
1774776484960,0.09
1774776312383,4.3
1774776264560,-0.42
1774776129090,1.3
1774775172036,1.8
1774774749340,0.84
1774774715340,0.62
1774774594530,0.53
1774774576690,3.23
1774774209045,1.8
1774773449350,0.49
1774773192140,1.24
1774772953490,0.39
1774772750182,2.4
1774772747900,0.66
1774772425124,1.2
1774772308620,0.26
1774771517060,2.0
1774771492830,0.88
1774771453702,1.5
1774771104960,1.39
1774771054440,1.51
1774770696160,1.02
1774769136297,2.3
1774768941694,1.6
1774768853548,4.5
1774768571105,1.5
1774768496030,0.51
1774768435480,1.73
1774768388675,1.6
1774768356911,1.2
1774768305100,1.86
1774768074905,1.9
1774768074743,5.1
1774767950106,1.9
1774767942101,4.1
1774767833052,4.7
1774767636660,1.28
1774767460380,1.53
1774766782570,0.82
1774766685440,1.14
1774766431520,0.22
1774766252020,1.06
1774766185710,0.62
1774766069170,0.4
1774766007722,2.0
1774765896211,1.6
1774765866120,4.6
1774765731869,2.2
1774765504070,1.8
1774765246787,2.2
1774765092787,2.5
1774764475040,0.93
1774764334633,1.5
1774763962639,2.4
1774763868080,1.84
1774763756790,1.77
1774763718020,1.82
1774763662370,1.77
1774763596340,0.71
1774763540900,1.66
1774763468320,2.48
1774763429501,3.3
1774763384490,0.76
1774763261510,2.21
1774763067090,2.03
1774763058640,-0.43
1774762891870,1.6
1774762875591,3.4
1774762650360,1.95
1774762628723,1.4
1774762493498,1.4
1774762389270,-1.31
1774762288480,1.43
1774762020439,2.9
1774761862120,4.4
1774761802650,0.73
1774761250380,0.62
1774761057267,1.8
1774760942450,1.12
1774760901670,0.29
1774760702460,1.06
1774760274600,0.2
1774759977231,1.8
1774759770927,4.4
1774759759260,1.88
1774759109238,1.6
1774759055987,2.0
1774758694674,3.2
1774758575448,4.0
1774758571450,0.11
1774758300561,2.8
1774757935460,1.72
1774757866288,1.8
1774757617980,-1.1
1774757152660,3.06
1774756547950,0.89
1774755574987,3.3
1774755358460,3.56
1774755135490,1.6
1774755094704,2.1
1774755052210,0.31
1774754844240,-0.2
1774754765740,0.52
1774754469379,1.6
1774754186430,0.31
1774754078812,4.5
1774753937712,4.6
1774753807609,1.2
1774753711090,-0.46
1774753318010,4.5
1774753306394,3.6
1774753226670,2.9
1774753222580,-1.19
1774753075480,1.7
1774752912788,2.2
1774752895913,1.5
1774752353512,1.8
1774752242020,1.47
1774752144532,1.2
1774752101720,0.82
1774752009760,0.79
1774751953962,1.9
1774751848109,0.5
1774751743520,0.36
1774751257130,1.79
1774751200711,2.5
1774751200270,0.92
1774751071280,0.82
1774750922473,2.4
1774750416440,2.5
1774750329830,0.84
1774749763360,0.37
1774749163889,1.6
1774749156485,4.4
1774748954566,1.9
1774748908430,0.53
1774748815980,1.66
1774748615119,2.8
1774748512100,1.6
1774748279282,3.3
1774748153790,0.34
1774748064120,1.01
1774747505650,1.1
1774747092720,1.28
1774747056060,-0.29
1774746222366,2.3
1774746170929,2.0
1774745812759,2.4
1774745513430,1.29
1774744911200,-0.37
1774744339780,1.75
1774744261485,1.7
1774744181243,1.5
1774743964070,0.28
1774743744780,3.3
1774743018200,-0.53
1774742156220,1.16
1774741907546,1.5
1774741454960,0.92
1774741280669,4.3
1774741251920,0.92
1774740907701,1.6
1774740738240,-0.39
1774740606656,4.6
1774740598670,2.4
1774740453500,1.31
1774740448580,1.36
1774740375286,2.3
1774740366980,0.71
1774740020830,1.75
1774740012020,1.99
1774739717657,2.4
1774739670310,1.38
1774739298480,1.8
1774739122837,1.4
1774739065828,1.4
1774738908144,2.0
1774738847428,2.2
1774738584579,2.5
1774738377534,3.1
1774738357504,1.6
1774738234530,-0.38
1774737877710,0.7
1774737741721,0.8
1774737575055,2.1
1774737137203,1.7
1774737116900,-0.44
1774736928650,0.06
1774736918590,3.94
1774736728590,0.34
1774736477800,0.92
1774736429361,3.2
1774736049521,2.1
1774735867330,0.58
1774735832026,1.5
1774735222985,2.7
1774735159550,0.2
1774734517451,4.5
1774734091510,0.7
1774733566180,1.89
1774733250550,1.3
1774732781170,1.34
1774732594486,1.8
1774732448187,1.5
1774732435224,2.27
1774731730010,0.29
1774731437949,1.7
1774731430200,0.75
1774730878123,1.4
1774730849457,1.9
1774730488867,1.9
1774730268370,1.27
1774730029001,1.3
1774729918108,3.1
1774729537670,1.08
1774729180161,1.6
1774728989875,1.6
1774728839520,0.88
1774728510960,0.53
1774728224350,0.77
1774727923500,2.48
1774727906360,-1.09
1774727804510,1.6
1774727543899,4.2
1774727323240,0.67
1774727070590,0.06
1774726912994,1.7
1774726475780,3.43
1774726143670,-1.06
1774726095560,1.56
1774726037390,0.37
1774725836590,0.08
1774725779820,1.3
1774725004410,1.24
1774724941330,0.92
1774724916100,0.96
1774724051390,1.69
1774724003590,0.09
1774723969180,1.03
1774723641830,1.05
1774723507585,3.2
1774723455299,0.9
1774723376311,2.5
1774723243212,2.2
1774723223433,1.4
1774723221150,0.4
1774723109292,5.8
1774722310499,1.7
1774722305790,0.79
1774721779645,0.9
1774721766720,1.09
1774721266920,0.24
1774720977969,1.26
1774720798788,2.0
1774720779946,4.2
1774720709923,1.9
1774720284860,0.53
1774720004800,0.53
1774719901390,1.37
1774719489679,0.86
1774718872810,-0.42
1774718742250,3.0
1774718706834,1.7
1774717959420,2.0
1774717760201,0.8
1774717255274,1.7
1774717069410,1.02
1774716842449,2.5
1774716659936,2.3
1774716558130,0.33
1774716478600,1.03
1774716025401,2.3
1774715490800,0.65
1774715485020,1.5
1774715235080,-1.12
1774714840250,2.1
1774714501035,1.3
1774714332950,0.23
1774714210170,1.1
1774714202332,1.8
1774714129552,4.2
1774713851330,0.81
1774713548560,4.7
1774713487356,1.7
1774713470150,1.07
1774712846290,1.32
1774712839518,1.7
1774712579281,1.6
1774712194365,4.4
1774712125140,0.51
1774711705810,3.95
1774711493889,1.5
1774711315160,0.88
1774711293970,1.08
1774711026100,0.26
1774710585201,2.5
1774710130052,4.9
1774709692784,1.0
1774709676400,1.69
1774709045440,2.0
1774708845223,1.0
1774708519579,0.91
1774708454030,0.37
1774708328700,2.81
1774707572932,1.1
1774707570242,1.9
1774707304600,0.68
1774707048515,2.1
1774706425800,1.05
1774706228195,1.5
1774706174746,1.6
1774706054186,1.9
1774705787020,0.35
1774705732905,2.9
1774705647440,-0.16
1774705329577,2.2
1774705244460,1.43
1774704748320,1.4
1774704652939,1.19
1774704552340,1.99
1774704097724,0.9
1774703991750,1.76
1774703904250,2.65
1774703800190,0.4
1774703485420,0.89
1774703284900,3.6
1774703231700,1.84
1774703220890,0.27
1774703204590,1.82
1774703137460,1.07
1774703072280,0.51
1774702673114,5.1
1774702310575,1.9
1774702201009,2.0
1774702059760,1.4
1774701982070,2.69
1774701572071,4.5
1774700955026,4.7
1774700158290,0.32
1774700054120,1.3
1774699900994,2.2
1774699682940,3.34
1774699291582,2.5
1774699280757,4.4
1774699256619,1.7
1774698753990,2.35
1774698743542,4.6
1774698428337,2.6
1774698320440,0.54
1774698143066,1.76
1774698139050,1.91
1774697659480,0.64
1774697601390,0.9
1774697584656,1.8
1774697415730,1.7
1774697233640,1.4
1774697136674,1.5
1774697133440,-0.87
1774697126231,4.3
1774696858450,1.09
1774696722110,1.1
1774696620460,0.74
1774696565920,1.72
1774696292429,1.0
1774695646997,2.1
1774695634670,0.64
1774695513430,1.5
1774695402260,1.71
1774694785170,2.7
1774694180715,4.1
1774694170964,4.3
1774693728760,1.49
1774693265680,1.16
1774693085070,0.94
1774693050280,0.76
1774693015060,4.8
1774692871720,0.37
1774692758202,1.5
1774692443690,0.97
1774692190217,3.0
1774691938160,0.97
1774691839991,1.6
1774691312240,0.96
1774690537440,1.7
1774689384071,1.7
1774689029165,2.3
1774688983286,1.5
1774688961600,-0.91
1774688937691,1.4
1774688325634,1.6
1774688321648,4.2
1774688295350,1.98
1774688199490,0.83
1774687954257,2.7
1774687876867,4.3
1774687848062,0.8
1774687768255,2.8
1774687705895,1.7
1774687393590,0.18
1774687366730,0.52
1774686446686,1.6
1774686304190,0.61
1774686273055,1.4
1774685729420,0.99
1774685700890,0.75
1774685221564,2.1
1774684425683,1.6
1774684414940,0.34
1774684376760,0.41
1774684296700,1.78
1774684050079,1.6
1774684035091,1.7
1774684001640,0.49
1774683653287,4.8
1774683529110,0.58
1774683528525,1.5
1774683346612,5.2
1774683300752,0.8
1774683125996,1.4
1774682943500,0.64
1774682906490,1.44
1774682708820,1.81
1774682613590,0.41
1774682577990,0.66
1774682316839,1.8
1774682109090,0.16
1774682009000,1.58
1774681909790,0.83
1774681748047,4.4
1774681323480,1.48
1774681026400,0.94
1774680704940,1.27
1774680671629,2.0
1774680521582,1.9
1774680321990,1.05
1774680012940,1.96
1774679908880,2.34
1774679655955,1.9
1774679355139,4.5
1774679155340,1.13
1774679110540,2.1
1774678926790,1.11
1774678910000,1.48
1774678860579,1.6
1774678771812,4.3
1774678434060,0.2
1774678422400,-0.95
1774678220072,2.2
1774678171205,1.94
1774678146720,3.14
1774678122510,1.94
1774677933872,4.0
1774677767550,0.84
1774677320365,1.7
1774677270960,-1.07
1774676799332,1.6
1774676787009,4.2
1774676651129,0.9
1774676312340,0.74
1774676288870,2.5
1774676188755,1.8
1774676135560,0.69
1774676055871,4.7
1774676044610,1.92
1774675987874,1.6
1774675834080,2.01
1774675672108,1.1
1774675442113,1.5
1774675168260,0.99
1774675107866,1.9
1774675096910,0.6
1774674987798,1.6
1774674493235,1.6
1774673892570,2.09
1774673840152,1.6
1774673551745,0.3
1774673354730,-0.41
1774673303023,2.9
1774673091080,0.24
1774672953507,1.1
1774672534890,2.34
1774672253916,1.8
1774672225710,4.3
1774672213082,2.0
1774672088592,2.5
1774672025873,4.6
1774672002789,1.8
1774671205822,1.1
1774671076662,4.3
1774670878642,1.6
1774670811730,1.4
1774670750080,0.01
1774670271760,0.37
1774669923770,-0.49
1774668837947,4.6
1774668665000,1.47
1774668624370,0.68
1774668444230,0.35
1774668442220,0.81
1774668435810,1.56
1774667423200,0.22
1774667032029,1.6
1774666942780,2.07
1774666917300,0.22
1774666748700,2.0
1774666300980,0.79
1774666095930,3.4
1774665931090,0.82
1774665592188,1.5
1774665451569,1.2
1774665350680,2.35
1774665136160,0.21
1774664836190,1.51
1774664362830,0.08
1774664333227,4.5
1774664277240,1.41
1774663519888,2.9
1774663370400,1.28
1774663158710,1.86
1774662849987,2.1
1774662725607,3.1
1774662518067,1.1
1774662277910,0.49
1774662175451,2.2
1774662050143,4.2
1774661830380,0.08
1774661694410,0.63
1774660829660,1.38
1774660823420,2.6
1774660801982,4.5
1774660693800,1.83
1774660535383,4.5
1774660442970,-0.83
1774660232222,1.0
1774660161880,0.05
1774659981720,-0.13
1774659861640,1.14
1774659528410,1.11
1774659340655,1.6
1774659275720,0.72
1774659217182,1.6
1774658188920,0.25
1774657405822,1.7
1774657355380,0.99
1774656939370,0.64
1774656902125,0.9
1774656866607,1.0
1774656691680,2.24
1774656186763,1.7
1774655146277,1.3
1774654952314,1.4
1774654946347,2.18
1774654827961,1.4
1774654518410,2.02
1774654509558,5.4
1774654248370,-0.62
1774653630110,0.67
1774653403620,1.9
1774652778191,4.5
1774652477600,0.32
1774652282330,1.21
1774651575300,1.04
1774651313196,2.8
1774651063230,-0.82
1774650765190,1.51
1774650646340,2.03
1774650636990,0.54
1774650574715,0.9
1774650504850,2.01
1774650460890,1.13
1774650287570,3.0
1774650209650,1.42
1774650199860,1.9
1774650015308,2.7
1774649807710,1.17
1774649798310,1.71
1774649594860,4.10931310269304
1774649550550,0.78
1774649415240,-0.1
1774649348090,1.74
1774649104310,-0.27
1774648965448,1.5
1774648937850,0.47
1774648917950,0.94
1774648857840,0.62
1774648834630,0.36
1774648736320,-0.22
1774648708790,0.56
1774647828830,0.44
1774647686360,0.44
1774647569410,1.25
1774647429897,2.1
1774647405940,-0.42
1774647343290,0.87
1774647169150,-0.57
1774646771843,3.2
1774646766680,4.23
1774646707520,-0.57
1774646441520,0.02
1774646271860,1.05
1774646100611,3.1
1774646074324,1.5
1774645675800,1.24
1774645561300,1.05
1774645182110,0.68
1774645106070,0.86
1774644586620,1.92
1774644245334,1.2
1774643940095,1.7
1774643928150,0.69
1774643855987,2.6
1774643695657,1.2
1774643630500,0.23
1774643415040,1.2
1774643275783,1.3
1774643039780,0.79
1774642565100,2.94
1774642429307,2.4
1774642243571,4.7
1774641893040,0.5
1774641862820,-0.27
1774641573180,1.23
1774641406310,0.92
1774641388394,1.5
1774641267420,1.33
1774641230429,1.7
1774641208502,1.64
1774641071902,2.1
1774640535110,1.42
1774640094628,1.5
1774639401830,0.96
1774639222050,0.9
1774638921010,1.96
1774638763550,0.51
1774638436620,-0.06
1774638395410,0.67
1774638244500,1.65
1774637890231,3.7
1774637704013,4.4
1774637539411,3.3
1774637361583,2.8
1774636474520,0.51
1774636371790,0.31
1774636088212,1.59
1774636084010,-0.43
1774635944612,4.1
1774635852951,1.7
1774635693860,-0.19
1774635514683,1.6
1774634914220,0.37
1774634770220,1.9
1774634572649,1.6
1774634482230,1.17
1774634432350,0.97
1774634355448,2.3
1774634222233,1.6
1774633878878,1.8
1774633760661,1.5
1774633116395,1.6
1774632859260,1.21
1774632143630,2.15
1774631955094,4.2
1774631516192,1.3
1774631492660,1.66
1774631410369,1.06
1774631093730,1.33
1774630983800,1.57
1774630955861,2.5
1774630752450,-0.3
1774630494230,1.4
1774630340070,1.83
1774630215014,1.8
1774630096640,1.7
1774630019020,1.42
1774629905818,4.9
1774629782169,1.7
1774629734760,-0.59
1774629532752,4.2
1774628957080,1.09
1774628956165,2.1
1774628788004,2.4
1774628725290,1.14
1774628398454,0.5
1774628203341,2.7
1774627553840,0.7
1774627110415,1.5
1774626836369,1.6
1774626370507,1.5
1774626153522,1.5
1774625856680,0.73
1774625794765,2.4
1774625405458,1.5
1774625168000,0.6
1774625073227,5.1
1774624874970,0.73
1774624395410,1.76
1774624350767,1.7
1774624171610,0.47
1774624154640,0.55
1774623727977,1.7
1774623542760,0.78
1774623424084,1.2
1774623393603,2.79
1774623343581,4.5
1774623089758,1.0
1774622837968,2.2
1774622371782,2.2
1774622143138,1.4
1774621713454,1.6
1774621523150,0.98
1774621448186,1.7
1774621322462,1.9
1774621024090,0.7
1774620510530,1.03
1774619921930,0.7
1774619879418,1.8
1774619025230,0.36
1774618987919,2.3
1774618859990,1.06
1774618764281,1.6
1774618287870,1.46
1774618250032,1.6
1774617844643,2.1
1774617671961,1.6
1774617275752,1.5
1774617187185,2.2
1774617041600,0.97
1774617038780,2.07
1774616936840,1.02
1774616756130,1.59
1774616607414,1.5
1774616336770,1.26
1774616167930,0.84
1774616124990,1.32
1774616096670,0.83
1774615564390,1.9
1774615404768,1.7
1774615307310,0.77
1774615271384,2.0
1774615264280,0.32
1774615221658,3.0
1774615207480,-0.12
1774614853734,1.5
1774614794933,2.4
1774613413280,1.2
1774613039081,2.9
1774612973990,1.42
1774612560730,2.1
1774612275680,0.7
1774611925060,0.55
1774611885613,3.9
1774611818230,1.22
1774611609640,0.74
1774611114448,1.7
1774611044940,1.24
1774610898090,1.65
1774610724590,1.71
1774610476003,1.8
1774610189490,-0.01
1774609949606,1.7
1774609681752,1.7
1774609623384,1.6
1774609564415,1.5
1774609307880,0.81
1774609279980,1.19
1774609071884,2.3
1774608775190,0.72
1774608154540,0.59
1774608104470,1.32
1774607963840,2.4
1774607831327,1.1
1774607681673,1.5
1774605913940,1.86
1774605710051,2.4
1774605683760,0.82
1774605507548,2.0
1774605341251,2.0
1774605191410,2.45
1774605096290,1.23
1774605047030,0.66
1774605028265,2.3
1774604890210,2.9
1774604736390,1.15
1774604412060,0.57
1774604246671,1.2
1774604164168,0.8
1774603649110,2.0
1774603581095,0.6
1774603565765,4.2
1774603491020,1.1
1774603466423,1.7
1774602865234,1.5
1774602604971,0.9
1774602500266,1.5
1774602115510,2.0
1774601852549,0.9
1774601302560,1.45
1774601257928,1.3
1774601192037,1.6
1774601036052,4.0
1774600949630,1.77
1774600853025,1.8
1774600409462,1.3
1774600286490,1.25
1774600235300,0.52
1774600129800,1.38
1774599796725,1.5
1774599585653,2.3
1774599488450,0.48
1774598978630,0.76
1774598903710,1.74
1774598649890,0.35
1774598435920,1.27
1774598135180,1.32
1774597848230,0.83
1774597571892,4.5
1774597512380,0.31
1774597354116,4.2
1774596985633,4.2
1774596945869,4.5
1774596736354,1.6
1774596697650,1.95
1774596652685,0.9
1774596483500,0.8200000000000001
1774596351780,1.4
1774595817870,2.03
1774595780160,2.97
1774595775680,2.4
1774595606770,0.48
1774595587599,1.7
1774595541900,0.65
1774595371265,1.2
1774595146230,0.9
1774594905670,4.2
1774594669565,4.7
1774594650850,1.44
1774594643410,1.89
1774594310470,0.2
1774594216380,1.97
1774593960180,0.52
1774593892316,0.8
1774593777470,0.25
1774593747148,1.8
1774593159816,0.7
1774593082279,0.9
1774593066221,2.1
1774592964020,1.17
1774592922503,1.3
1774592292320,-0.01
1774592194230,3.76
1774591456165,2.4
1774591375993,1.95
1774591031390,1.82
1774590991650,1.72
1774590951200,-0.05
1774590904719,1.3
1774590762700,0.72
1774590756210,3.19
1774590501200,0.72
1774590360522,1.4
1774590309813,0.8
1774590207630,1.78
1774590170960,1.44
1774590063850,1.43
1774589910669,0.8
1774589884357,2.3
1774589796302,0.7
1774589736719,1.24
1774589639450,2.08
1774589404520,1.25
1774589401630,0.87
1774589390220,0.8
1774589372250,1.47
1774589225454,0.7
1774588957700,1.89
1774588780870,2.01
1774588767900,2.12
1774588750777,0.9
1774588621600,0.28
1774588375180,1.42
1774588314165,0.9
1774588274440,2.05
1774588064306,1.1
1774588013608,0.9
1774588003250,2.8
1774587762596,1.0
1774587513135,1.5
1774587391684,1.7
1774587274200,1.89
1774587216700,1.79
1774587208076,1.7
1774587177950,5.0
1774587122380,0.47
1774587042730,1.05
1774586804405,0.1
1774586761237,0.8
1774586748300,1.27
1774586663821,1.4
1774586644929,1.8
1774586409839,5.0
1774586385020,0.9
1774586333430,1.68
1774586186205,1.7
1774586021830,1.71
1774586007920,1.17
1774585645030,2.17
1774585634610,0.81
1774585609460,0.22
1774585593060,0.67
1774585588200,0.67
1774585420450,1.44
1774585222460,0.54
1774585216169,0.7
1774585139300,0.73
1774584865705,1.1
1774584860500,0.4
1774584733400,1.02
1774584697920,1.51
1774584523137,1.7
1774584519650,0.42
1774584252786,3.8
1774584004143,0.8
1774583992792,4.8
1774583843943,0.8
1774583633200,2.1
1774583628940,0.9
1774583573690,0.42
1774583567550,0.73
1774583562990,0.23
1774583500129,1.4
1774583393250,1.85
1774583236350,2.42
1774583150340,0.36
1774583054560,2.06
1774583004650,1.75
1774582875170,0.45
1774582466780,2.36
1774582362400,2.65
1774582267282,1.5
1774582112120,3.29
1774581993553,1.7
1774581979203,1.2
1774581828530,1.35
1774581704968,1.53
1774581607150,0.75
1774581573750,1.62
1774581490860,1.23
1774581484794,1.1
1774580883580,0.97
1774580413746,1.0
1774580328380,0.56
1774580327140,0.22
1774579872610,1.34
1774579738600,1.1
1774579212920,1.74
1774579185820,1.42
1774579171310,2.1
1774578875430,1.93
1774578838450,0.91
1774578767300,0.57
1774578689220,0.01
1774578591455,2.0
1774578508809,4.4
1774578497440,1.81
1774578478632,4.0
1774578428740,1.41
1774578380860,0.84
1774578201830,0.42
1774578178980,1.87
1774578173940,2.35
1774578162400,3.09
1774578042710,0.83
1774577989320,1.12
1774577957240,1.3
1774577860280,1.98
1774577799264,1.0
1774577510020,1.59
1774577396240,2.23
1774577191740,0.86
1774577124277,1.6
1774576961310,2.2
1774576825947,2.4
1774576564040,2.13
1774576281520,0.77
1774575868788,1.8
1774575600570,1.07
1774575558860,1.92
1774575489420,-0.82
1774575154490,2.23
1774575093330,1.6
1774574996086,1.3
1774574466453,1.7
1774574440370,1.0
1774574436760,0.47
1774574308390,0.35
1774574187000,1.82
1774574140650,0.97
1774574056270,1.75
1774573772523,1.5
1774573677520,-0.06
1774573677090,1.43
1774573556600,0.3
1774573161899,1.2
1774573149300,2.39
1774572726752,2.2
1774572466818,1.9
1774572225060,2.53
1774572034424,1.1
1774571358780,0.94
1774570881380,2.2
1774570309820,0.96
1774570309040,0.41
1774569760740,0.58
1774569748870,1.2
1774569715010,0.82
1774569524695,1.6
1774569157916,1.3
1774569118690,0.42
1774569106778,2.0
1774569061171,1.4
1774568971094,2.2
1774568882540,1.12
1774568856410,2.0
1774568524933,2.5
1774568162090,0.7
1774567971750,0.29
1774567940893,1.3
1774567902030,0.53
1774567800380,1.88
1774567623640,1.13
1774567621320,1.81
1774567487420,1.92
1774567415470,1.78
1774567234524,1.6
1774567221390,1.83
1774567108310,-1.07
1774567104590,1.32
1774567063700,0.42
1774566873140,0.92
1774566438370,0.58
1774566303100,1.58
1774566243224,1.8
1774565870700,-1.1
1774565461074,5.7
1774565311581,1.7
1774564976798,1.9
1774564700445,1.5
1774564655860,1.13
1774564585638,2.4
1774564438914,1.4
1774564054060,1.8
1774563854977,1.9
1774563600610,1.52
1774563537119,2.4
1774563146020,0.95
1774563068216,4.9
1774562717617,1.8
1774562329190,1.3
1774561789640,1.72
1774561787687,1.9
1774561766555,4.7
1774561538190,1.93
1774561308950,1.94
1774560995315,1.9
1774560629549,4.2
1774560517100,1.09
1774560430710,1.9
1774560325740,2.09
1774560324130,0.92
1774560232490,0.79
1774559902240,1.37
1774559890026,2.9
1774559873240,-0.1
1774559224910,1.36
1774559071680,0.69
1774558977398,5.3
1774558881402,2.1
1774558712460,1.04
1774558707780,1.24
1774558631072,2.2
1774558453420,1.29
1774558358450,1.1
1774558191440,0.7
1774558056310,1.24
1774557724573,2.4
1774557646190,0.12
1774557463360,0.26
1774557199212,2.2
1774556949540,0.67
1774556435485,1.8
1774556165746,2.6
1774555999379,4.3
1774555412455,2.0
1774554991413,4.9
1774554802940,1.41
1774554462420,1.8
1774554254300,0.33
1774554233059,3.2
1774553759460,-0.47
1774553618400,0.02
1774553375470,1.08
1774553048550,1.4
1774552780304,1.1
1774552660509,2.0
1774552395670,-0.06
1774552362760,2.2
1774552115100,1.62
1774551436019,1.53
1774551177857,1.6
1774551055988,2.1
1774550906190,0.07
1774550897600,0.11
1774550797616,1.6
1774550787170,-0.54
1774550745000,0.4
1774550651540,-0.43
1774550548206,4.5
1774550323180,1.8
1774550305180,0.58
1774550265090,0.36
1774550154879,2.0
1774549969723,3.1
1774549911490,0.82
1774549698198,1.5
1774549539520,-0.47
1774549403620,0.76
1774548898137,1.9
1774548672750,0.98
1774548664730,1.7
1774548602396,4.1
1774548595760,1.83
1774548298580,1.21
1774547996170,2.1
1774547957736,2.2
1774547910620,1.33
1774547663410,0.5
1774547463870,1.44
1774547425454,2.2
1774546854020,0.79
1774546554479,1.44
1774546527640,1.73
1774546224140,-0.11
1774545894900,3.72
1774545830690,0.44
1774545613582,2.7
1774545570340,0.4
1774545499824,2.3
1774545344551,5.5
1774545317950,0.91
1774545283767,1.7
1774545240973,2.2
1774545107170,0.71
1774545071408,2.3
1774544946828,2.1
1774544788683,1.6
1774544618552,4.3
1774544525980,0.39
1774544024310,0.34
1774543691557,1.8
1774543312291,1.8
1774543070431,2.1
1774542757740,1.17
1774542744955,2.5
1774542656740,1.08
1774542276610,1.9
1774542032961,4.8
1774541986202,2.6
1774541243489,1.8
1774541013290,1.33
1774540903470,1.44
1774540888780,1.37
1774540791340,1.83
1774540785355,4.6
1774540683190,1.58
1774540517020,1.77
1774540434740,2.08
1774540309600,2.24
1774540093224,1.6
1774540059350,1.06
1774539879280,1.41
1774539173410,0.24
1774538937797,2.5
1774538880560,0.27
1774537928230,0.7
1774537762510,0.02
1774537194090,1.18
1774536461690,2.71
1774536448160,0.17
1774536434310,0.28
1774536425243,4.6
1774535826227,4.6
1774535795948,2.0
1774535644295,2.4
1774535484220,1.07
1774535286069,2.9
1774534785928,3.0
1774534730947,6.5
1774534657303,1.8
1774534205557,1.1
1774534123760,0.4
1774533207015,0.7
1774533135850,-0.07
1774533007872,1.6
1774532853010,0.03
1774532670020,1.22
1774531281765,1.6
1774531037000,0.83
1774530990549,2.0
1774530922550,1.77
1774530875279,2.8
1774530802765,2.2
1774530681915,2.9
1774530670830,0.99
1774530312540,0.39
1774529535176,2.9
1774529358080,1.6
1774529273889,1.5
1774529209219,2.0
1774529125080,0.74
1774528746709,1.0
1774528383801,3.6
1774528247460,0.81
1774527560250,1.33
1774527380210,0.45
1774527336000,1.05
1774525834355,2.0
1774525325610,0.98
1774525202479,1.8
1774524993148,1.9
1774524945910,1.05
1774524923390,0.77
1774524491410,0.26
1774523961861,2.0
1774523857690,1.18
1774523601743,4.7
1774523220798,5.1
1774522739635,2.3
1774522438756,1.6
1774521519706,1.3
1774521476200,0.26
1774521373705,1.5
1774521209060,0.74
1774521190193,0.6
1774521164697,2.5
1774520503820,0.78
1774520491987,2.8
1774520463750,-0.38
1774520444810,0.27
1774520397470,2.1
1774519926600,1.61
1774519798110,0.81
1774519688133,2.9
1774519650240,0.66
1774519215410,0.99
1774519193010,1.8
1774518689710,1.7
1774518465810,0.3
1774518335478,1.5
1774518138300,1.81
1774517630776,1.7
1774517511056,2.2
1774517485793,1.9
1774517432100,0.69
1774516636818,1.4
1774516422656,1.7
1774516269520,1.31
1774516115546,1.6
1774516114006,4.7
1774515331659,4.1
1774515112732,4.6
1774514851198,3.2
1774514807455,1.6
1774514430775,4.2
1774514149780,-0.46
1774514118355,3.7
1774513606640,0.66
1774513526514,3.0
1774513042910,1.06
1774512568464,3.6
1774512496610,1.07
1774512454940,2.21
1774511984897,2.8
1774511796610,0.92
1774511758670,0.57
1774511630870,1.8
1774511396280,0.36
1774511115760,1.06
1774510674346,4.9
1774510595660,1.12
1774510454980,1.2
1774510297881,1.5
1774510034446,2.3
1774509952010,-0.74
1774509777450,2.61
1774509738661,2.0
1774509632290,0.76
1774509286950,0.31
1774509118496,2.4
1774508989970,1.08
1774508606730,1.55
1774508425570,0.76
1774508125667,2.0
1774508000000,1.2
1774507965930,1.12
1774507894659,0.5
1774507514208,0.8
1774507458640,0.02
1774505992310,0.63
1774505746066,2.9
1774505291387,1.6
1774504778512,1.9
1774504473790,1.5
1774504423470,0.63
1774504289870,1.11
1774504143986,3.3
1774503628730,2.12
1774503602774,1.6
1774503526894,2.4
1774503416766,2.6
1774503144234,4.6
1774502998783,4.3
1774502931717,4.2
1774502403930,0.83
1774502098955,2.6
1774502048558,1.8
1774501964580,0.75
1774501820010,0.9
1774501758312,4.6
1774501744059,3.2
1774501673230,0.32
1774501431340,1.47
1774501415712,4.3
1774500529780,1.23
1774500226060,0.37
1774500040920,1.62
1774499990483,5.0
1774499769960,1.67
1774499490500,2.06
1774499195070,4.2
1774498995930,0.0
1774498990704,4.0
1774498949820,1.39
1774498396720,0.15
1774498287610,-0.84
1774498180128,2.3
1774498091660,1.7
1774497456811,1.6
1774497189260,2.3
1774496647412,1.7
1774496613745,1.6
1774496400510,2.82
1774496078580,0.84
1774495947503,1.8
1774495882070,1.9
1774495824393,4.3
1774495764740,0.29
1774495446084,1.9
1774495073280,0.37
1774495046442,1.9
1774494915690,0.25
1774494783260,0.2
1774494726400,0.55
1774494643427,1.6
1774494577060,0.6
1774493539874,2.1
1774492949844,3.5
1774492500623,1.2
1774492410393,1.0
1774492328185,2.6
1774492298954,1.3
1774492281270,1.14
1774492203780,1.9
1774492128387,1.9
1774492017164,1.7
1774491949331,0.9
1774491947720,1.72
1774491862610,0.47
1774491845400,1.59
1774491281922,2.9
1774491174190,1.6
1774491135910,1.5
1774491089580,0.86
1774490840142,1.7
1774490773250,0.66
1774490715700,0.72
1774490651810,0.74
1774490228320,0.28
1774490184620,0.76
1774490149048,1.7
1774490146249,4.2
1774490054222,1.8
1774490012767,1.63
1774489964441,4.3
1774489581650,0.77
1774489267622,1.91
1774489206010,1.26
1774489180260,0.61
1774489170200,-0.57
1774488957523,1.7
1774488954210,0.83
1774488384340,-0.52
1774488349250,0.8
1774488208090,2.92
1774488183160,1.76
1774487900802,2.4
1774487367220,0.59
1774487211580,0.56
1774487177868,5.3
1774487062840,0.53
1774486938340,3.42
1774486803890,3.72
1774486510346,2.2
1774486380160,1.07
1774486364153,1.5
1774486160720,1.05
1774486092946,2.3
1774485139817,1.3
1774484813809,4.3
1774484726270,0.89
1774484713160,1.6
1774484579940,1.64
1774484348080,1.2
1774484206320,0.77
1774483825241,2.2
1774483396329,3.4
1774483199710,1.2
1774483178285,2.4
1774482579844,1.8
1774482472950,0.44
1774482227480,-0.27
1774482172020,-1.26
1774481599070,1.49
1774481538640,0.4
1774481285400,1.11
1774481184017,1.9
1774480969080,-0.01
1774480906030,1.71
1774480564210,1.99
1774479853453,4.4
1774479488570,1.94
1774479481260,1.85
1774479419020,1.59
1774479324060,0.64
1774478772060,1.31
1774478551780,0.93
1774478409860,1.81
1774478073450,0.86
1774477750962,2.1
1774477692931,1.6
1774477661130,0.86
1774477517682,5.0
1774477059560,-0.76
1774476727270,1.76
1774476666736,1.3
1774476339754,1.71
1774476121140,1.05
1774476039710,1.05
1774476024002,1.57
1774475674678,2.5
1774475475912,1.9
1774475020210,-0.54
1774474995090,0.11
1774474993180,0.17
1774474732060,1.05
1774474079630,1.32
1774474075960,0.83
1774473919628,4.9
1774473741380,1.14
1774473595040,1.59
1774473385840,0.6
1774473164718,2.4
1774473154240,1.43
1774473150620,2.07
1774472908400,0.31
1774472782270,0.38
1774472504700,-0.82
1774472316420,0.96
1774472105370,1.18
1774472065843,2.2
1774471561730,1.26
1774471559600,2.46
1774471048610,0.57
1774470950830,1.14
1774470928340,1.02
1774470806783,1.7
1774470564690,0.15
1774470501850,0.89
1774470343830,-0.01
1774470258460,0.44
1774470077823,2.5
1774469824010,1.72
1774469808590,-0.1
1774469147900,4.5
1774468921500,-0.27
1774468372188,2.4
1774468178832,1.8
1774467937109,2.4
1774467859780,0.27
1774467679300,0.26
1774467526620,0.96
1774466774569,1.6
1774466451159,1.82
1774466289934,2.0
1774466140120,3.3
1774465906600,1.63
1774465704864,4.9
1774465649110,0.53
1774464647926,2.0
1774463860780,0.49
1774463857963,2.4
1774463778980,0.85
1774463723850,1.24
1774463716036,1.8
1774463668680,1.42
1774463598188,2.2
1774463356508,4.0
1774463103110,1.82
1774462492637,4.7
1774461890090,0.82
1774461676266,2.9
1774461514514,4.2
1774461485080,-0.71
1774460214000,-0.79
1774460001110,3.21
1774459394130,1.04
1774458280880,1.84
1774458162030,0.43
1774458084310,0.2
1774458031470,1.99
1774457839360,0.58
1774455922290,1.09
1774455872861,1.9
1774455648570,3.48
1774454803740,1.77
1774454484855,4.2
1774454361649,1.94
1774454253230,1.1
1774453773460,0.93
1774453673250,1.4
1774453430670,0.94
1774453368973,4.6
1774453341980,1.03
1774452865310,1.13
1774452797911,4.9
1774452563397,3.3
1774452534670,0.03
1774452397220,1.58
1774451709260,1.31
1774451569440,0.83
1774451566503,4.0
1774451093180,0.5
1774450981949,2.3
1774450814400,-0.41
1774450270706,1.8
1774450240680,0.8
1774450150064,2.8
1774449644282,3.0
1774449540590,1.12
1774449337467,4.7
1774448844574,2.5
1774448464310,1.62
1774448208907,3.9
1774448090076,1.5
1774447712860,1.51
1774447711250,1.11
1774447666920,-0.32
1774446940887,2.7
1774446825766,2.8
1774446738222,2.0
1774446668560,0.85
1774446607950,0.97
1774446337190,0.39
1774445852870,0.69
1774445775880,0.97
1774445560190,0.77
1774445136267,4.1
1774444998150,1.72
1774444719690,1.04
1774444566329,2.4
1774444523010,0.82
1774443878090,2.22
1774443308950,0.3
1774443157962,1.98
1774442519730,0.8
1774441924386,4.4
1774441488750,0.87
1774441018930,0.98
1774440664600,1.66
1774440227973,4.1
1774439833690,-0.57
1774439347555,1.6
1774439317456,4.6
1774438804800,1.74
1774438721175,3.4
1774438407281,1.6
1774438272450,4.2
1774438187970,2.25
1774437911160,0.56
1774437885220,0.86
1774436373711,4.9
1774436202199,4.1
1774436051930,-0.42
1774435961248,1.7
1774435589690,0.54
1774435581310,0.55
1774435071631,0.8
1774434912300,1.08
1774434672060,0.86
1774434576800,0.15
1774434221226,2.0
1774433967190,-0.19
1774433848386,4.9
1774433608820,2.42
1774433538932,5.0
1774433532030,0.45
1774433459997,5.6
1774432958310,0.4
1774432677380,4.0
1774432354180,2.4
1774431677910,1.24
1774431482724,4.2
1774431293609,4.1
1774431020643,3.4
1774430841160,0.3
1774430237045,4.3
1774429999470,2.33
1774429988920,1.33
1774429939650,-1.25
1774429820390,0.51
1774429820190,0.71
1774429715390,0.97
1774428821977,4.2
1774428658400,1.23
1774428621796,1.3
1774428250790,0.61
1774428048450,1.98
1774427905454,2.9
1774427398085,2.4
1774427229644,0.8
1774427018745,1.8
1774426595088,4.3
1774425937676,2.8
1774425533697,0.8
1774425500780,1.62
1774425173568,2.6
1774425160700,0.83
1774424735170,1.38
1774424698530,3.15
1774424419700,1.17
1774424183520,0.75
1774424118363,1.5
1774424109202,4.6
1774423919960,0.37
1774423815170,1.7
1774423743890,0.65
1774423367201,1.5
1774423319085,1.6
1774423293519,1.7
1774423289740,0.31
1774422761657,2.4
1774422293629,3.1
1774422278790,1.6
1774421386700,1.15
1774421264179,1.5
1774420943935,2.7
1774420756740,1.09
1774420567020,1.2
1774419818988,1.5
1774419462020,0.27
1774419145650,0.29
1774418803250,1.14
1774418391270,1.08
1774418304590,0.42
1774417829378,4.4
1774417712640,0.73
1774417116963,1.6
1774417107139,1.9
1774416909790,0.86
1774416889550,-0.75
1774416335383,2.4
1774416176850,0.62
1774415944600,2.7
1774415732690,0.75
1774415693832,0.6
1774415596240,1.59
1774415411060,1.09
1774415127140,0.89
1774415086154,1.6
1774415005760,0.94
1774414516604,2.7
1774414376270,0.49
1774413910050,1.06
1774413628582,2.2
1774413623340,1.34
1774413106990,1.13
1774412817650,0.32
1774412762230,1.31
1774412749110,1.0
1774412657060,0.68
1774412012560,0.73
1774411982350,2.43
1774411116540,0.09
1774410470830,1.37
1774410224960,1.06
1774410173317,1.2
1774409652710,0.67
1774409411915,1.4
1774409340856,1.9
1774409080310,0.25
1774408360369,1.15
1774407680596,4.3
1774406976180,1.0
1774406960674,2.5
1774406657780,3.14
1774406572570,0.98
1774406528670,0.23
1774406352240,0.63
1774405931240,-0.09
1774405480600,5.0
1774405115620,1.12
1774404788702,2.4
1774404654690,1.71
1774404376250,1.05
1774404361540,1.68
1774404146143,2.4
1774404092651,1.9
1774404007790,2.52
1774403980307,2.0
1774402906406,2.6
1774402518864,4.4
1774402185740,1.05
1774402178920,1.6
1774402152270,0.43
1774402076320,1.43
1774401755906,2.3
1774401742140,2.89
1774401127440,0.37
1774401044962,1.4
1774400786310,2.3
1774400579320,0.66
1774400565640,0.58
1774400003830,1.55
1774399210470,0.47
1774398878341,2.6
1774398492850,0.65
1774398345763,1.7
1774398190254,3.0
1774398127329,1.77
1774397989141,2.6
1774397760020,1.25
1774397738600,0.95
1774397597930,1.41
1774397467760,-1.45
1774396669352,1.77
1774396504940,4.3
1774396269312,4.4
1774396218740,1.13
1774396134210,0.01
1774396127920,1.06
1774395962160,-0.21
1774395841240,1.03
1774395720676,3.1
1774395699363,1.8
1774395345110,1.88
1774394327230,1.54
1774394302439,4.6
1774393317080,-0.32
1774393143333,4.4
1774392992387,1.8
1774392969731,1.3
1774392565260,1.04
1774392400510,-0.47
1774392340480,0.86
1774392269920,0.63
1774392232750,0.63
1774391748875,5.0
1774391423910,1.09
1774391363299,1.6
1774391184078,4.1
1774390547307,2.0
1774390509010,0.83
1774390336210,1.3
1774390023940,2.4
1774389737579,4.2
1774389457480,4.6
1774389432995,1.8
1774389422325,4.3
1774389072599,2.11
1774389053180,0.66
1774388969731,2.2
1774388822640,0.93
1774388177819,0.9
1774388165440,0.52
1774388107800,0.37
1774387867431,1.5
1774387770757,2.2
1774387023106,1.9
1774386974400,0.73
1774386923981,4.0
1774386281038,3.2
1774386217913,3.9
1774385975952,5.2
1774385946820,1.52
1774385749887,3.3
1774385542750,-0.63
1774385279248,4.9
1774385219960,1.71
1774385187688,2.6
1774383231980,-0.56
1774383230579,0.6
1774382536100,0.68
1774382505173,4.3
1774381924818,4.1
1774381711803,2.2
1774381568760,0.82
1774381250640,-0.52
1774380519074,2.7
1774380133347,1.8
1774380103382,4.2
1774379928756,2.2
1774379735965,2.3
1774379612080,2.25
1774378979813,2.2
1774378835290,0.86
1774378167560,0.35
1774377588260,1.43
1774377349206,1.7
1774376955910,0.79
1774376452171,1.6
1774376050820,1.18
1774376028030,0.83
1774375817377,1.6
1774375479427,1.5
1774375383550,0.94
1774374884830,1.08
1774374402310,0.61
1774374352030,1.03
1774374065339,2.6
1774373809313,2.0
1774373540742,1.3
1774373463086,4.2
1774373105680,1.27
1774372982977,1.4
1774372940820,1.06
1774372731147,4.3
1774372592291,2.7
1774372502135,2.0
1774372371040,0.3
1774372205790,1.88
1774371770720,0.48
1774371504550,1.83
1774371493720,0.77
1774371492848,1.7
1774371480820,0.89
1774371357289,4.3
1774371014850,1.05
1774370609836,4.6
1774370345682,2.1
1774369797348,2.3
1774369634050,0.99
1774369396845,2.4
1774369376700,2.63
1774368419080,0.84
1774367685905,1.5
1774367507230,0.52
1774367319128,1.7
1774367254680,-1.34
1774367195930,0.27
1774366843680,0.56
1774366690101,1.79
1774366552670,0.41
1774366419501,2.3
1774366261360,0.76
1774365816080,0.88
1774365763230,0.71
1774365636480,0.29
1774365053330,1.02
1774364747206,2.1
1774364601800,0.57
1774364071090,1.15
1774363846505,1.7
1774363628710,0.49
1774363382450,0.31
1774362972740,0.31
1774362610850,1.24
1774362565580,0.39
1774362186410,1.71
1774361629530,0.6
1774361624505,1.7
1774360719248,2.4
1774360618425,1.5
1774360604350,0.74
1774360010610,-0.36
1774359524528,2.6
1774359248820,0.33
1774359089070,0.97
1774358941105,2.9
1774358876122,1.0
1774358808126,2.0
1774358695680,1.21
1774358515810,1.71
1774358466033,2.5
1774358168052,3.1
1774357467850,0.89
1774356916659,1.8
1774356737020,0.39
1774355870220,1.94
1774355133800,0.75
1774355014040,0.77
1774354147320,0.23
1774353987580,0.6
1774353500874,1.92
1774352693940,0.57
1774352501120,1.22
1774352367728,4.4
1774352223800,0.61
1774351260520,0.76
1774351014460,-0.74
1774350568180,2.17
1774350344820,1.56
1774350064676,2.4
1774349941300,2.0
1774349570655,1.6
1774349394760,-0.05
1774348980150,0.66
1774348907980,2.12
1774348822254,1.76
1774348782990,1.45
1774348136140,0.57
1774347475790,1.88
1774347276620,-0.31
1774347052341,2.1
1774346738840,0.72
1774346478307,1.5
1774346457350,1.33
1774346323360,3.13
1774346004657,2.3
1774345967430,0.92
1774345939870,-0.77
1774345618910,0.72
1774345063650,0.86
1774344804050,2.07
1774344551470,1.09
1774344515954,1.7
1774344200960,4.4
1774343846870,1.83
1774343736490,0.46
1774343695926,2.7
1774343490760,1.17
1774343239643,4.6
1774343029221,3.5
1774342193478,2.6
1774342136532,1.7
1774341745859,1.6
1774341278707,4.7
1774341120669,1.6
1774340680260,2.32
1774340443960,1.11
1774340403990,2.03
1774339896527,1.6
1774339801650,1.56
1774339133410,0.86
1774339094380,0.26
1774338505440,0.97
1774338500351,1.6
1774338366660,0.91
1774338198660,1.73
1774338158880,1.03
1774338008500,0.92
1774337956230,0.19
1774337809486,2.0
1774337768950,-0.02
1774337508630,1.39
1774337507030,2.81
1774337290860,0.42
1774337281450,0.94
1774337020970,0.13
1774337008790,1.26
1774336802950,1.91
1774336617040,0.7
1774336145805,0.8
1774335528728,2.6
1774335419610,0.77
1774335345140,1.7
1774335156270,0.4
1774335151630,0.65
1774334813975,1.7
1774334757590,4.6
1774333657620,2.37
1774333549895,4.3
1774333439100,1.33
1774333068410,1.16
1774332967230,1.2
1774332909760,0.69
1774332710358,4.5
1774332436069,1.5
1774331530340,0.4
1774331495845,2.6
1774331482749,4.6
1774330984539,3.2
1774330618554,4.1
1774330442200,0.44
1774330155346,4.3
1774329896852,1.2
1774329805220,0.72
1774329743968,5.1
1774329608877,4.3
1774329512220,5.0
1774329357931,3.0
1774329068370,1.33
1774328574660,1.33
1774328155160,0.32
1774328073890,0.95
1774327070555,7.5
1774326878352,3.8
1774326787555,1.6
1774326777110,1.24
1774326481326,1.5
1774326300700,1.24
1774326033290,1.0
1774325888471,2.0
1774325500680,1.22
1774325393950,-0.18
1774325360051,1.6
1774325316845,1.0
1774324956421,2.2
1774323714110,0.94
1774323642380,2.05
1774323544260,-0.12
1774323505830,1.47
1774323440820,0.03
1774323381370,0.12
1774323300245,2.2
1774323013530,0.87
1774322652554,2.0
1774321996240,2.17
1774321660421,2.1
1774321147250,1.8
1774320936252,1.7
1774320789550,1.03
1774320439088,2.3
1774320015889,2.2
1774319873670,0.94
1774319626404,1.7
1774319077831,0.2
1774318627641,1.8
1774318357643,0.1
1774318144330,1.7
1774318110964,1.5
1774318036660,2.15
1774317790947,4.3
1774317406130,0.58
1774317368960,-0.1
1774316976040,0.57
1774316843430,1.14
1774316841120,0.52
1774316774260,0.97
1774316736810,0.84
1774316715790,1.1
1774316657300,0.64
1774316590780,0.24
1774316004140,0.47
1774315364185,2.3
1774314687533,0.7
1774314164560,1.89
1774313643017,4.6
1774313463188,4.2
1774312663770,-0.5
1774312603126,2.1
1774312204050,4.9
1774312124820,-0.17
1774312052499,2.5
1774311859267,2.4
1774311717424,1.6
1774311524290,0.27
1774311109800,1.07
1774310889799,0.8
1774310673590,2.65
1774310542441,1.1
1774310463160,0.95
1774309889680,0.76
1774309750553,4.9
1774309637583,4.5
1774309158330,2.22
1774309084618,2.5
1774308755270,-0.84
1774308189844,2.3
1774307981130,1.7
1774307890620,0.27
1774307643370,2.68
1774307609910,1.43
1774307448746,1.3
1774307428462,4.4
1774307228533,4.5
1774306999200,4.3
1774306954461,1.4
1774306584729,1.2
1774306489340,0.44
1774306339254,4.9
1774306279172,2.1
1774306253050,1.22
1774305892460,0.73
1774305841961,4.4
1774305724850,1.08
1774305207919,2.3
1774305052000,0.63
1774304736364,2.4
1774304618690,1.17
1774304595862,4.3
1774304359474,4.6
1774304334220,1.27
1774304322321,2.5
1774304026900,0.17
1774303923520,0.87
1774303723740,0.57
1774303712210,0.88
1774303378640,1.5
1774303033482,2.2
1774302934310,1.62
1774302917340,3.18
1774302777457,1.4
1774302627850,1.55
1774302277360,1.72
1774302165210,1.05
1774301834590,-1.02
1774301687010,0.4
1774301514524,3.6
1774301322697,1.8
1774300959130,1.17
1774300720010,0.89
1774300718489,4.0
1774300660314,1.98
1774300122910,1.76
1774300077950,1.12
1774300061447,0.4
1774299975560,0.71
1774299932210,1.2
1774299904220,0.85
1774299827960,1.26
1774299816530,0.84
1774299783523,4.0
1774299546720,0.5
1774299006775,1.7
1774299004166,1.3
1774298562649,1.41
1774298242444,4.2
1774297856890,0.56
1774297318273,3.0
1774297261596,1.69
1774296971720,1.27
1774296630029,1.8
1774296599233,1.4
1774296437890,0.27
1774296206251,1.2
1774296058290,0.99
1774296005790,1.13
1774295611620,2.36
1774295555480,2.09
1774295288283,4.5
1774294213191,1.5
1774294133580,1.91
1774293917340,0.5
1774293817620,1.08
1774293672350,0.48
1774293654720,1.22
1774293383000,-0.55
1774293190740,-1.04
1774293130070,1.08
1774293075212,1.4
1774292970208,4.0
1774292859896,2.4
1774292814782,1.7
1774292501662,1.6
1774292376380,1.86
1774292110460,1.26
1774291729900,1.18
1774291531132,4.1
1774290919680,0.94
1774290793755,1.8
1774290436346,1.8
1774290214510,0.26
1774290106300,1.03
1774290039454,1.6
1774289941022,2.8
1774289776240,1.76
1774289764170,0.94
1774289658050,1.93
1774289612290,0.75
1774289165870,2.39
1774289070090,1.57
1774289029330,0.64
1774289002964,1.5
1774288784120,1.73
1774288392510,2.17
1774288287329,1.1
1774288184939,1.31
1774288151738,1.8
1774287387724,0.4
1774287349470,1.04
1774287260878,2.2
1774287131530,1.53
1774286937980,1.27
1774286861787,4.2
1774286726508,1.8
1774286706262,4.2
1774286614579,1.85
1774286539938,1.6
1774286058663,1.1
1774285885450,2.69
1774285683232,1.7
1774285576329,1.19
1774284895370,2.21
1774284762070,2.11
1774284693210,-0.63
1774284365049,2.1
1774284309770,0.71
1774283892320,0.66
1774283726350,1.75
1774283424969,4.4
1774283356960,0.11
1774283071950,0.19
1774282810082,2.0
1774282806141,2.52
1774282762368,2.83
1774282466820,1.17
1774282208640,0.67
1774282112600,1.49
1774282037463,2.2
1774281640972,2.8
1774281612933,1.6
1774281483100,0.79
1774281411220,1.32
1774281374680,0.7
1774281173162,1.9
1774281053596,2.6
1774281033426,2.9
1774280809285,4.2
1774280483042,2.5
1774280474508,0.5
1774280244590,4.0
1774280163690,1.28
1774279800619,1.8
1774279309634,1.8
1774279037110,1.46
1774278972120,0.41
1774278243140,0.87
1774278045741,1.6
1774277922060,0.44
1774277835281,2.4
1774277595976,3.1
1774277469812,1.9
1774276896024,2.0
1774276794460,0.39
1774276592737,1.5
1774276496657,1.7
1774276398170,0.75
1774275720035,4.0
1774275259226,1.5
1774275167798,2.0
1774274737125,2.8
1774274580864,1.9
1774274445995,1.6
1774274323410,1.11
1774273918605,1.6
1774273552994,2.1
1774273527186,2.3
1774273279590,1.44
1774272949522,1.3
1774272444417,1.7
1774272419170,1.18
1774272379175,1.3
1774272358903,3.6
1774272211369,2.4
1774272004960,0.56
1774271968754,1.7
1774271702770,0.66
1774271202380,0.72
1774271094500,1.4
1774270886400,2.14
1774270697152,4.2
1774270676520,1.36
1774270464890,2.2
1774270387460,1.73
1774270147646,1.3
1774269986289,1.4
1774269935532,2.6
1774269883222,4.4
1774269585756,4.6
1774269306732,1.2
1774269278315,1.5
1774269267423,3.0
1774268861393,4.2
1774268704338,4.2
1774267841210,1.34
1774267331379,1.9
1774267129864,4.6
1774266969580,0.36
1774266714430,1.47
1774266579120,1.04
1774266554910,2.61
1774266438870,1.66
1774266340132,1.92
1774266317242,1.7
1774266251132,4.2
1774266244083,1.7
1774266229770,1.09
1774266146130,2.2
1774266006816,4.3
1774265614461,2.5
1774265284000,1.07
1774265102380,4.6
1774264670091,4.0
1774264656184,1.7
1774263858240,2.06
1774263765650,2.18
1774263747230,1.49
1774263742310,0.51
1774263692276,2.2
1774263455309,1.9
1774263184780,0.13
1774263066610,0.54
1774262944200,2.3
1774262698840,1.5
1774262048610,2.66
1774261815670,0.07
1774261724201,2.1
1774261447430,0.89
1774261052770,1.9
1774260654940,0.48
1774260648340,0.95
1774260505050,1.03
1774259978778,4.7
1774259922924,2.2
1774259620821,1.3
1774259382935,2.1
1774259060467,1.8
1774258718680,0.85
1774258706220,0.14
1774258585650,2.08
1774258263600,0.4
1774258155630,2.12
1774257628399,0.96
1774257445470,0.02
1774257174370,0.56
1774256976050,1.28
1774256157440,0.12
1774256079430,1.83
1774256070170,0.45
1774256016243,1.5
1774255894700,0.36
1774255761080,3.23
1774255469205,4.9
1774255250300,0.47
1774255227821,2.2
1774254987800,2.34
1774254311940,0.8
1774254224990,0.94
1774254117490,-1.07
1774252796795,2.0
1774252755960,0.28
1774252591166,1.2
1774252579940,1.03
1774251749029,1.8
1774251543240,1.4
1774251513970,0.51
1774251371789,1.8
1774250934440,0.34
1774250523265,2.4
1774250361740,0.68
1774249844855,1.9
1774249703057,2.9
1774249693636,2.9
1774249299184,2.2
1774249229660,-0.35
1774249195570,2.2
1774248983080,2.5
1774248310150,2.1
1774248213005,0.7
1774247716843,1.8
1774247217388,4.4
1774247163913,3.0
1774246966061,2.0
1774246944190,1.4
1774246888898,2.9
1774246763613,1.9
1774246643840,-0.57
1774246469884,2.1
1774246109200,1.72
1774246010360,1.83
1774245978560,1.83
1774245765817,5.8
1774245673850,1.36
1774245352911,2.8
1774244414630,0.9
1774244334209,1.9
1774243959750,0.57
1774243751580,2.1
1774243751440,1.26
1774243738753,4.1
1774243493750,0.95
1774243387976,1.7
1774242811274,1.9
1774242744025,1.4
1774242535931,2.1
1774242299150,3.67
1774241850270,0.58
1774241785819,2.3
1774241617590,1.01
1774241404320,0.84
1774241054276,4.3
1774240486096,4.1
1774240220940,1.4
1774240079390,1.91
1774239988250,0.63
1774239780205,4.8
1774239611230,0.8
1774239194370,0.38
1774238449720,0.05
1774238302320,0.67
1774238243513,1.4
1774238073720,1.77
1774238072848,2.4
1774238040224,1.9
1774237933405,2.4
1774237876260,1.72
1774237681110,4.6
1774236837794,1.9
1774236146306,2.4
1774236080770,-0.48
1774236022090,0.94
1774235959417,2.1
1774235945362,2.21
1774235530970,1.75
1774235457127,1.7
1774235287318,1.9
1774235042170,2.17
1774234502380,0.25
1774234466120,1.08
1774234438660,3.29
1774234220920,1.91
1774234213990,1.72
1774234200240,1.13
1774234198810,0.77
1774234109752,1.5
1774233690864,1.9
1774233588895,1.3
1774233280070,-0.51
1774233130160,2.0
1774231886924,4.3
1774231830939,4.1
1774231756610,0.77
1774231494587,4.3
1774231417931,2.0
1774231246978,2.4
1774230976060,-0.5
1774230961530,0.56
1774230097445,5.1
1774229373154,5.1
1774229170144,3.3
1774228662094,3.2
1774228162513,2.0
1774228059572,2.7
1774228022870,1.73
1774227692220,1.15
1774227635634,1.8
1774227392046,2.4
1774227310977,1.8
1774226723710,1.43
1774226398520,1.07
1774226262796,4.2
1774226215780,0.68
1774226201950,1.28
1774226122160,0.29
1774225622470,0.33
1774224925360,1.9
1774224785157,1.9
1774224723650,-0.88
1774224546800,1.1
1774224526188,3.0
1774224508180,-0.26
1774224414019,1.1
1774224404121,1.8
1774224361810,0.2
1774224335720,-0.4
1774224165040,0.71
1774224138720,0.44
1774223787280,-0.03
1774223452360,2.04
1774223018280,0.67
1774222699570,0.71
1774222502420,1.8
1774222422218,1.1
1774222414530,0.54
1774222281550,1.83
1774221931190,1.67
1774221665258,2.3
1774221482669,2.2
1774221461011,3.7
1774221321395,3.6
1774221078766,2.1
1774220592409,4.1
1774220344956,3.7
1774220291612,2.1
1774219772240,0.76
1774219589960,0.08
1774219223780,-1.09
1774219095386,2.0
1774218957070,1.37
1774218925510,0.22
1774218374332,5.9
1774218227560,-0.57
1774217766525,2.1
1774217513331,4.3
1774217287398,4.3
1774216862320,1.43
1774216852334,4.3
1774216574090,2.07
1774216122730,1.9
1774215927150,2.1
1774215889260,-0.95
1774215332130,3.38
1774215140298,2.8
1774214515960,1.35
1774214482300,0.41
1774214469530,0.32
1774214324815,2.1
1774214014840,4.4
1774213249260,1.12
1774212899900,1.27
1774212789181,1.9
1774212627471,4.3
1774212580240,0.58
1774212572450,1.19
1774212516330,2.26
1774212434089,0.95
1774212297610,-0.93
1774211923363,2.3
1774211751260,1.08
1774211741226,2.26
1774211506530,0.9
1774210954317,2.0
1774209682765,4.9
1774209431450,1.07
1774208947280,1.85
1774208151490,1.76
1774208038753,0.5
1774207629980,1.41
1774207408600,4.0
1774207208804,1.8
1774207059210,1.75
1774206847240,1.58
1774206807949,2.1
1774206630620,3.43
1774206075170,0.62
1774205903965,2.8
1774205663430,0.53
1774205333800,-0.51
1774205325690,1.4
1774205261370,3.23
1774205193281,1.5
1774204675710,0.06
1774203370396,0.6
1774203333682,2.0
1774203084300,-1.04
1774202967182,4.7
1774202754134,1.4
1774202726770,1.11
1774202565852,1.2
1774202220398,3.0
1774201921453,4.3
1774201329070,2.19
1774201319810,0.71
1774200776290,0.36
1774200651811,2.1
1774200619993,2.2
1774200005019,1.4
1774199832650,-0.23
1774199716810,0.71
1774199414100,0.71
1774199403181,2.0
1774199401132,3.1
1774199387810,0.46
1774199257440,2.05
1774199195207,4.9
1774198790313,2.1
1774198789900,0.33
1774197984785,4.2
1774197057382,2.0
1774196870960,0.88
1774196825254,2.1
1774196693190,2.03
1774196591906,4.8
1774196542510,0.6900000000000001
1774196524540,1.35
1774196504517,1.2
1774196431810,1.37
1774196394940,0.76
1774196158754,2.9
1774196154435,3.4
1774196113420,3.42
1774195711290,1.07
1774195218732,5.6
1774195173360,0.73
1774195159780,1.04
1774194435129,2.0
1774194149934,2.6
1774193844420,1.13
1774193495564,2.1
1774193436570,6.3
1774193275074,6.2
1774193216230,-0.37
1774193126642,1.4
1774193109149,2.3
1774192717880,0.26
1774192491240,0.74
1774192280000,2.0
1774192138728,4.5
1774192022930,0.86
1774191977296,4.6
1774191859960,3.38
1774191780450,0.46
1774191648610,1.5
1774191622830,0.76
1774190879529,1.9
1774190778549,2.4
1774190585950,0.75
1774190424780,-1.15
1774190008360,0.73
1774189996050,-0.97
1774189540575,2.8
1774189451987,2.1
1774189192613,2.5
1774188775248,2.2
1774188494954,4.6
1774188435760,0.68
1774188408590,0.31
1774187764780,1.09
1774187681830,1.18
1774187566680,-1.03
1774187522346,1.9
1774187205340,1.09
1774187158905,2.2
1774187074249,1.78
1774187072470,0.36
1774187053470,0.35
1774187013410,-1.28
1774187003309,1.5
1774186985530,2.19
1774186054230,2.3
1774185512731,1.9
1774185446730,0.9
1774185340651,2.1
1774185070480,0.69
1774184884600,0.97
1774184525836,2.5
1774184266860,0.39
1774184225790,1.24
1774184156540,2.23
1774184110310,1.92
1774184081392,1.7
1774183870240,0.66
1774183855850,1.16
1774183655660,1.66
1774183360820,-0.6
1774183027340,0.68
1774182671099,0.3
1774182605428,4.5
1774182246373,2.5
1774182209013,2.0
1774182077840,1.86
1774181877450,2.83
1774181540150,1.9
1774181129410,2.2
1774181060617,4.5
1774181019600,0.62
1774180483290,2.0
1774180321033,4.5
1774179589678,5.0
1774179398277,4.2
1774179127700,-1.06
1774178813779,1.6
1774178785150,0.26
1774178176740,0.18
1774178098320,0.34
1774177448722,1.9
1774177434142,1.4
1774177099942,3.2
1774177065550,4.5
1774176892119,1.39
1774176368172,0.5
1774176311072,1.6
1774175913590,0.49
1774175876860,1.17
1774175721380,1.24
1774175159331,2.8
1774175112770,0.39
1774174831250,0.78
1774174658680,1.38
1774174517821,3.5
1774174517650,1.32
1774174245211,2.2
1774174080460,0.2
1774173647714,1.7
1774173556630,1.35
1774173111980,3.97
1774172756710,0.33
1774172543682,1.6
1774172519890,-0.64
1774172153080,-1.02
1774172128355,2.0
1774171723920,0.76
1774171664740,0.5
1774171557120,-0.9
1774171478040,-0.3
1774171352440,0.87
1774171246270,1.22
1774171138896,1.0
1774171009330,0.89
1774170979319,2.0
1774170844580,0.77
1774170796559,1.46
1774170763280,0.77
1774170711695,4.2
1774170658960,1.17
1774170482350,1.9
1774170427150,0.38
1774170016820,0.38
1774169991770,1.9
1774169879430,0.08
1774169832850,0.4
1774169787860,1.09
1774169766411,4.4
1774169681510,1.05
1774169522344,2.7
1774169184880,0.71
1774168876930,1.33
1774168871880,0.39
1774168848640,1.21
1774168278981,2.3
1774168246780,1.38
1774167558310,2.0
1774167423501,4.4
1774167274946,4.8
1774167166350,-0.01
1774167112680,2.2
1774166951520,1.06
1774166828759,4.7
1774166718796,2.5
1774166574327,4.8
1774165574181,2.4
1774165555310,1.23
1774165211880,1.9
1774165197270,-0.1
1774165072010,0.74
1774164741308,1.9
1774164719717,3.8
1774164684665,4.1
1774164450522,1.9
1774164228727,4.5
1774164068970,0.97
1774163998715,5.2
1774163873650,2.1
1774163781980,0.92
1774163683201,2.0
1774163634650,1.12
1774163509840,2.0
1774163103980,1.01
1774163002590,2.2
1774162964360,0.32
1774162689160,0.41
1774162626870,1.48
1774162460720,0.47
1774162157487,2.4
1774162022430,-0.96
1774162005321,1.8
1774161816169,2.5
1774161798480,2.85
1774161735089,1.6
1774161127881,1.7
1774161105582,1.9
1774161088589,4.4
1774161028900,0.86
1774160194550,0.75
1774160136306,6.2
1774159717644,5.0
1774159633857,4.4
1774159357930,1.24
1774159291820,1.53
1774159230170,1.96
1774159084791,4.3
1774158632850,2.91
1774158277714,2.8
1774157883704,1.9
1774157756896,3.4
1774157550104,1.4
1774157425880,0.6900000000000001
1774157410601,4.6
1774157337327,2.7
1774157175488,4.6
1774156897176,4.1
1774156728110,0.59
1774156631070,1.66
1774155827030,-0.94
1774155582170,0.0
1774154970740,0.23
1774154518315,4.4
1774154170930,1.02
1774153840916,1.9
1774153797584,1.52
1774153135630,0.91
1774152830000,2.1
1774152733524,2.43
1774151653746,1.6
1774151509674,4.7
1774151337526,1.9
1774151283160,0.7
1774151219186,2.29
1774151177138,1.6
1774151142340,1.06
1774150960631,2.0
1774150662719,1.03
1774149961379,1.14
1774149886930,-0.54
1774149689240,1.08
1774149076680,0.85
1774148819320,0.87
1774148677480,2.38
1774148631930,1.69
1774148625129,5.7
1774148612590,1.75
1774148449940,1.2
1774147950810,2.0
1774147479779,3.0
1774147187680,1.11
1774146706650,-0.25
1774146532989,0.7
1774146503286,3.8
1774146103064,1.8
1774145769116,1.9
1774145666617,2.7
1774145627029,2.1
1774145525126,2.2
1774145019820,1.82
1774144922860,0.21
1774144597531,3.1
1774144596809,3.0
1774144165906,1.9
1774143895690,1.11
1774143889210,1.48
1774143098203,3.8
1774142986073,4.3
1774142897231,2.7
1774142625010,1.38
1774142254086,4.2
1774142120240,0.94
1774142018810,2.3
1774141432900,0.48
1774140867550,1.08
1774140577210,0.17
1774140408735,1.72
1774139999971,2.0
1774139914440,1.22
1774139470580,0.65
1774139357580,0.29
1774139357405,2.1
1774139242236,1.9
1774138489869,4.9
1774138434470,0.8
1774138197986,1.1
1774136798818,2.9
1774136547871,1.9
1774136541033,2.9
1774136431790,1.13
1774135814960,0.6
1774135791570,0.69
1774135547170,2.4
1774135221680,0.97
1774134559440,2.33
1774134339320,2.75
1774134250250,2.55
1774134207930,1.9
1774134181807,4.3
1774134061887,1.2
1774133861230,0.31
1774133790630,1.14
1774133373800,0.62
1774133357890,-0.99
1774132761892,1.0
1774132612838,2.4
1774132335975,4.2
1774131909951,4.3
1774131688489,1.17
1774131543704,0.5
1774131496770,0.43
1774131357006,2.9
1774131195978,1.7
1774131126180,0.66
1774130937750,0.44
1774130473680,0.74
1774129208451,2.0
1774129116943,4.5
1774128731974,2.0
1774128408620,0.65
1774127585754,4.2
1774125351175,2.0
1774125255436,1.0
1774125180240,1.24
1774124549540,0.84
1774124311770,0.3
1774124018022,1.8
1774123645751,5.0
1774123495476,4.3
1774123441780,4.1
1774123060160,1.0
1774123035669,0.9
1774122838788,4.2
1774122429482,4.5
1774122223350,0.97
1774122157892,1.8
1774121966747,2.3
1774121800575,2.4
1774121422070,0.99
1774120485583,4.3
1774120119810,0.28
1774120017420,2.3
1774119955970,1.06
1774118932660,1.71
1774118855320,1.76
1774118797160,0.39
1774118009830,0.31
1774117407237,2.6
1774117189190,1.53
1774116813710,1.04
1774116533349,5.1
1774116298392,4.1
1774115586690,0.45
1774115564382,2.2
1774115310753,1.1
1774115307183,2.0
1774115261120,2.66
1774115202490,1.42
1774114760132,3.1
1774114683604,1.9
1774114496590,1.37
1774114352869,0.56
1774114242321,3.6
1774113925780,0.76
1774113614490,0.87
1774113501437,0.8
1774113230502,4.4
1774113197280,2.0
1774112797202,2.2
1774112704950,1.56
1774111390190,2.0
1774110983230,0.85
1774110846620,0.65
1774110545940,1.38
1774110518712,2.5
1774110488697,1.6
1774110169990,0.41
1774110143297,2.3
1774109995790,1.98
1774109941000,0.4
1774109839930,0.49
1774109154592,2.1
1774108933220,0.17
1774108897200,0.54
1774108865342,3.3
1774108592480,0.92
1774108299560,1.07
1774107943610,1.92
1774107655017,1.8
1774107284320,1.75
1774107264050,0.71
1774107004050,1.29
1774106794299,2.76
1774106684060,1.83
1774106505574,4.4
1774106501150,1.26
1774106425010,1.6
1774106040530,1.04
1774105379840,0.82
1774103790980,0.63
1774103582508,1.8
1774103424800,0.79
1774103231290,0.78
1774103214863,1.9
1774102797740,0.3
1774102677651,4.4
1774102437530,-0.16
1774102428210,0.75
1774102215773,2.0
1774102107600,2.1
1774101909600,1.68
1774101869100,1.1
1774101837670,1.39
1774101680400,0.99
1774101563076,2.2
1774101482980,1.02
1774100425050,0.76
1774100367443,2.1
1774099533320,1.54
1774099516790,1.05
1774099397689,1.8
1774099126330,0.92
1774099121061,1.8
1774098482863,2.8
1774098438808,2.1
1774098434950,1.86
1774098345053,0.8
1774098279320,1.75
1774098164919,2.3
1774097890138,2.7
1774097774771,1.5
1774097643273,1.5
1774097571193,3.2
1774097078640,0.33
1774096929763,1.7
1774096279904,2.0
1774095824353,1.9
1774095707415,1.97
1774095406629,6.6
1774095104230,1.17
1774095025500,1.6
1774094999820,1.08
1774094222615,2.1
1774094047340,1.9
1774094035080,0.99
1774093996953,4.6
1774093938393,2.4
1774093650680,0.85
1774093411170,0.36
1774092839390,1.54
1774092228762,4.1
1774092099642,4.3
1774091830420,0.86
1774091540836,3.0
1774091524314,5.4
1774091283580,0.85
1774090361207,1.3
1774090335853,4.6
1774090283040,0.75
1774089527040,0.17
1774089354111,5.4
1774089273460,2.48
1774088952241,2.0
1774088758976,5.0
1774088753684,2.2
1774087973800,0.26
1774087876200,0.83
1774087822616,4.1
1774087302720,0.4
1774087237826,5.6
1774087193746,2.3
1774087166640,0.61
1774086815780,0.7
1774086815555,1.4
1774086560320,0.81
1774085690720,0.42
1774085597530,0.12
1774085506860,0.81
1774085479940,-0.11
1774085320190,0.9
1774085158264,2.9
1774084692690,0.79
1774084413070,1.42
1774084344190,2.88
1774084067860,0.29
1774083916300,0.46
1774083539811,4.2
1774083296425,1.9
1774083087669,1.7
1774082868300,0.96
1774082732329,1.17
1774081773860,0.62
1774081597040,0.31
1774081549700,1.53
1774081512755,1.7
1774080938820,0.92
1774080897350,1.51
1774080874710,0.55
1774080374757,4.2
1774079962250,1.8
1774079769610,1.86
1774079512899,1.49
1774079190740,2.17
1774078822862,2.6
1774078814040,1.11
1774078778400,0.51
1774078668680,1.51
1774078530350,4.1
1774078359600,1.09
1774078191730,0.77
1774078058421,2.8
1774077968828,1.3
1774077774570,1.75
1774077563465,1.4
1774076776490,1.76
1774075964870,2.1
1774075688630,0.44
1774075471130,0.5
1774075185600,1.57
1774074886576,1.9
1774074592262,2.5
1774074526880,0.71
1774074269150,0.64
1774073999810,0.86
1774073946707,1.8
1774073747850,0.42
1774073740211,1.51
1774073725652,2.3
1774073653770,1.07
1774073564820,1.8
1774073563542,1.5
1774073406750,3.24
1774073251294,3.12
1774073189640,1.34
1774073097920,0.78
1774073060226,2.0
1774072811680,-0.6
1774072699920,2.12
1774072565860,4.8
1774072290587,4.3
1774072262640,0.94
1774072220060,0.28
1774071642040,-0.74
1774071620685,1.3
1774071594349,1.9
1774071344560,3.04
1774071067646,2.2
1774070833070,0.76
1774070647501,2.0
1774070096122,2.1
1774070083783,4.1
1774069894850,0.7
1774069869500,0.99
1774069576840,0.73
1774069092036,2.8
1774068754400,4.3
1774067953130,2.0
1774067673454,0.4
1774067559984,1.7
1774067454434,0.8
1774067252363,4.2
1774067050470,2.19
1774067040402,1.9
1774067007586,1.0
1774066527500,4.5
1774066192734,1.9
1774066104180,0.58
1774065866800,1.1
1774065713920,-0.2
1774065713500,1.31
1774065217980,1.07
1774065073470,0.86
1774065038780,0.42
1774064330860,0.93
1774064082377,3.4
1774064060762,1.8
1774063974647,1.8
1774063414740,0.54
1774063258592,5.7
1774062305440,0.52
1774062299895,2.5
1774062266820,1.1
1774061718980,0.58
1774061626500,0.63
1774061431280,0.78
1774061416397,1.5
1774061280090,1.81
1774060797309,0.7
1774060756596,1.6
1774060709180,0.35
1774060657067,1.7
1774060259540,0.38
1774060243641,0.9
1774060224019,2.23
1774060086770,0.27
1774059814200,0.76
1774059805170,0.82
1774059761530,0.98
1774059596154,4.3
1774059576850,0.7
1774059334923,4.2
1774059193955,1.5
1774058720872,2.5
1774058691330,0.09
1774058625360,0.34
1774058511302,4.5
1774058438343,1.6
1774057965400,0.17
1774057750169,4.3
1774057665200,0.36
1774057565619,5.2
1774056873580,1.69
1774056503881,4.6
1774056435730,0.32
1774056429810,1.3
1774055427440,0.62
1774055273720,1.71
1774054968581,1.3
1774054960417,1.0
1774053906890,1.04
1774053760910,-0.01
1774053643803,1.7
1774053374490,2.18
1774053209590,3.43
1774053090321,4.5
1774052725260,0.92
1774052709204,2.2
1774052698850,0.42
1774052522630,1.44
1774052244400,1.94
1774052136459,2.3
1774051409140,0.26
1774051314694,1.8
1774051120340,1.6
1774050888870,0.69
1774050871020,1.51
1774050645119,2.9
1774049849910,0.2
1774049481091,4.5
1774049433000,1.63
1774048586881,2.5
1774047999910,0.78
1774047388070,0.7
1774046821493,0.5
1774046588420,0.82
1774046533845,2.7
1774046395970,1.37
1774046291830,1.09
1774046096300,1.51
1774045901495,2.9
1774045880073,2.9
1774045780378,2.2
1774045634530,-0.21
1774045626860,1.9
1774045066533,1.6
1774045036670,1.86
1774045026754,4.4
1774045012836,4.3
1774044295710,0.96
1774044160830,0.44
1774043989630,1.2
1774043925120,-0.61
1774043723401,1.8
1774043576797,2.6
1774043497170,2.4
1774042892050,0.52
1774042567280,1.27
1774042487957,1.9
1774041917940,1.84
1774041896980,0.86
1774041867137,1.7
1774041807962,1.7
1774041561404,4.6
1774041467684,1.7
1774040612100,1.56
1774040363440,0.67
1774040203260,0.43
1774039915170,1.08
1774039183610,0.92
1774038746889,4.1
1774038609970,0.79
1774037611480,0.56
1774037505540,1.7
1774037480747,3.5
1774037214072,4.8
1774036985468,1.8
1774036841340,0.32
1774036833790,0.38
1774036615920,1.22
1774036520775,4.6
1774036360320,0.89
1774036237620,0.71
1774036203921,1.4
1774036046494,1.9
1774035798320,1.33
1774035294490,0.85
1774035027130,1.26
1774034461690,0.66
1774034380930,1.3
1774034239328,2.7
1774034177850,-0.7
1774034062870,0.46
1774033921879,1.5
1774033613330,0.71
1774033393920,0.46
1774033229746,0.6
1774033199650,0.53
1774032943650,0.94
1774032903170,1.6
1774032641630,0.7
1774032334633,2.0
1774032202410,0.92
1774032173360,1.1
1774032060280,0.7
1774031528768,4.7
1774031207364,4.6
1774030304990,1.15
1774030241590,0.79
1774030195170,0.52
1774029691357,2.5
1774029688430,2.04
1774029430005,0.17
1774029390412,1.9
1774029119520,0.1
1774028987792,1.8
1774028800395,1.8
1774028786840,-0.28
1774028214130,0.84
1774027981650,2.2
1774027978430,1.06
1774027643100,1.16
1774027600960,0.87
1774027468300,1.68
1774027426250,-0.28
1774027367237,2.5
1774027184587,2.5
1774027142430,0.05
1774027004934,1.6
1774026962680,1.9
1774026886888,3.4
1774026827985,1.9
1774026824283,4.2
1774026590846,2.5
1774026445660,0.66
1774026269089,2.6
1774025990009,2.4
1774025896830,0.87
1774025415090,0.15
1774025133020,0.54
1774025071090,0.06
1774024809440,1.97
1774024778600,1.92
1774024307710,0.76
1774023866280,1.45
1774023470508,4.3
1774023390960,4.4
1774023278948,1.6
1774023046490,-0.39
1774023032342,1.9
1774022543620,0.44
1774022431820,1.54
1774021976137,1.2
1774021745840,0.39
1774021733945,1.8
1774021707310,0.82
1774021382540,2.91
1774020645182,4.7
1774020330520,2.35
1774020133592,0.8
1774019768331,1.8
1774018916400,0.78
1774018597610,1.2
1774018302994,1.7
1774018301284,3.0
1774018176775,2.6
1774018016847,2.7
1774017998660,1.19
1774017923714,4.8
1774017589500,0.5
1774017529780,0.48
1774017408960,1.74
1774017312590,0.63
1774017153770,1.37
1774016886910,1.02
1774016769491,1.5
1774016751630,1.48
1774015991777,2.4
1774015921069,4.3
1774015714350,3.0
1774015702940,2.08
1774015594400,2.86
1774015363340,1.34
1774015213407,4.6
1774015047321,4.8
1774014689890,1.07
1774014596190,1.6
1774014363791,3.0
1774014332080,1.5
1774014174960,0.55
1774014173049,1.47
1774014129460,1.13
1774013808570,0.26
1774013770764,2.8
1774013561419,4.9
1774013515250,1.21
1774013474628,2.7
1774013289010,0.01
1774013144099,2.4
1774012447670,0.69
1774012409792,4.6
1774011660508,4.2
1774011547930,-0.62
1774011352051,4.2
1774011236475,4.4
1774010189010,0.28
1774010124510,0.3
1774010048510,2.0
1774010008390,0.6
1774010001067,4.6
1774009960225,3.5
1774009837284,2.2
1774009824590,1.01
1774009801290,0.08
1774009689477,4.9
1774009160140,0.52
1774009085329,4.4
1774008895850,0.77
1774008709380,2.19
1774008658702,0.9
1774008406270,0.62
1774008286110,0.8
1774008121480,0.27
1774007171493,4.4
1774007078673,2.6
1774007004840,0.7
1774006390990,0.57
1774006376600,1.43
1774006211440,0.23
1774006179800,1.27
1774005921755,2.3
1774005633692,4.5
1774004742860,0.43
1774004698980,1.15
1774004205010,0.21
1774004075910,2.16
1774003710650,0.37
1774003693924,2.18
1774003537870,1.01
1774003076980,0.16
1774002596887,4.1
1774002444640,1.42
1774002151198,0.3
1774002133550,-0.71
1774001826109,4.2
1774001786910,3.63
1774001785767,1.1
1774001739490,1.17
1774001531321,4.4
1774001445990,0.71
1774001445807,2.4
1774001323050,0.22
1774000967890,0.97
1774000697870,-0.18
1774000567039,1.9
1774000255042,0.26
1774000223870,4.2
1773999769320,1.04
1773999645926,4.9
1773999381650,1.61
1773999041647,2.9
1773998969770,0.96
1773998967930,0.39
1773998859890,1.03
1773998836699,0.94
1773998834040,1.07
1773998614160,1.56
1773998566100,0.76
1773998045625,3.9
1773998005267,1.2
1773997875690,0.53
1773997759952,2.1
1773997686820,0.31
1773997619989,1.6
1773997532112,4.7
1773997519590,0.03
1773997321432,2.1
1773997259800,1.94
1773996872320,1.71
1773996534598,1.7
1773996417370,1.5
1773996184550,0.39
1773996132860,0.58
1773995820370,0.53
1773995574083,1.8
1773995418390,0.57
1773994971289,0.5
1773994902120,0.85
1773994545780,1.11
1773994422360,0.03
1773993975390,1.03
1773993935720,0.93
1773993345911,1.6
1773993307060,0.6
1773993239830,0.5
1773992899309,2.7
1773992714780,0.8
1773992414360,0.76
1773992391190,0.71
1773992315058,4.0
1773992263200,1.15
1773992205816,1.5
1773991951108,4.5
1773991871110,0.7
1773991790554,1.7
1773991532110,0.43
1773991531930,0.81
1773991459412,0.5
1773991236390,0.23
1773990925700,0.4
1773990833948,2.1
1773990357036,1.7
1773990254210,1.1
1773990189610,0.05
1773989823448,2.7
1773989820520,0.28
1773989504787,1.6
1773989166290,3.8
1773989079729,0.79
1773989026229,0.83
1773988933406,1.7
1773988813190,1.75
1773988690405,3.1
1773988466870,0.96
1773988441920,0.86
1773987868467,0.6
1773987664129,4.4
1773987484649,0.6
1773987461080,0.82
1773987233150,1.06
1773986884734,2.7
1773986669390,0.75
1773986532250,1.14
1773986513809,4.2
1773986048290,1.61
1773985784090,0.72
1773985712338,4.2
1773985657476,4.3
1773985638609,1.19
1773985481340,0.93
1773985430850,2.1
1773985397639,2.3
1773985307270,1.32
1773985240420,2.21
1773985222865,1.0
1773984912080,2.0
1773984609914,4.6
1773984288458,4.2
1773983651420,0.76
1773983582290,1.36
1773983367240,1.96
1773983309840,0.4
1773983229794,0.76
1773983060940,2.04
1773982955090,0.26
1773982893132,4.3
1773982826282,4.9
1773982764440,-0.1
1773982696223,1.5
1773982619610,-1.15
1773982127700,1.15
1773981870250,0.7
1773981865030,1.06
1773981685640,1.11
1773981655400,1.36
1773981182753,2.1
1773981144350,-0.77
1773980438727,2.1
1773980366813,2.1
1773980327210,0.86
1773979531200,0.42
1773979266971,2.0
1773979236406,2.4
1773978524470,1.52
1773978413670,2.98
1773977707903,4.7
1773977446690,-0.34
1773977106748,1.17
1773976885472,2.4
1773976020240,0.39
1773975763140,3.06
1773975683120,1.08
1773975676214,1.9
1773975636130,1.25
1773975395930,0.65
1773975379586,1.9
1773974990080,0.66
1773974927645,3.0
1773974813480,1.19
1773974687064,1.55
1773974472880,0.6
1773974421123,1.5
1773974170503,1.9
1773974146950,-0.04
1773973905010,1.59
1773973902350,1.55
1773973832528,6.1
1773973740210,2.48
1773973241124,1.8
1773973112790,4.4
1773972134695,1.8
1773971948500,0.66
1773971624706,1.9
1773971595829,2.6
1773971382911,4.5
1773970943603,1.9
1773970888687,2.1
1773970864749,0.6
1773970281306,1.6
1773970238900,1.59
1773969885335,2.1
1773969443450,0.79
1773969353804,5.1
1773969224222,1.9
1773969204030,0.07
1773969104730,1.08
1773968882365,1.7
1773968859490,-0.36
1773968687740,1.21
1773968482988,1.2
1773968425318,2.3
1773967868858,2.9
1773967865540,0.52
1773967848252,4.6
1773967099830,1.8
1773967077510,1.98
1773966894560,0.75
1773966854690,1.52
1773966469565,2.0
1773966124661,6.5
1773965105922,1.7
1773964699176,2.8
1773964665962,4.4
1773964644599,4.6
1773964642720,0.48
1773964498790,0.51
1773964270712,2.7
1773963922270,0.97
1773963701244,4.5
1773963301819,2.9
1773963216290,0.76
1773963024995,1.55
1773962793090,3.02
1773961380731,1.5
1773961379658,1.63
1773960772630,0.37
1773960762524,2.1
1773960620250,0.75
1773960407570,5.2
1773960335620,1.09
1773960224569,2.2
1773959602220,3.09
1773958482960,1.41
1773958130690,-0.2
1773957987645,4.3
1773957891060,1.22
1773957628870,-0.31
1773957456720,0.74
1773957264020,0.44
1773956987157,2.5
1773956833630,1.5
1773956823200,0.54
1773956583748,2.2
1773956421426,1.9
1773956217340,0.99
1773955977940,0.71
1773955894834,1.9
1773955642870,0.11
1773955598452,4.5
1773955591790,1.79
1773955346430,1.09
1773954905940,1.85
1773953913266,4.6
1773953867123,2.0
1773953648954,3.0
1773953412734,1.62
1773953264551,1.9
1773953194890,0.48
1773952693012,1.2
1773952674510,-0.64
1773952234187,2.3
1773952103940,1.16
1773951484419,1.5
1773951471610,1.17
1773951431940,1.08
1773951422042,2.5
1773951184910,1.75
1773950577040,0.86
1773950413360,0.44
1773950104304,1.8
1773949883810,-1.15
1773949816287,2.0
1773949789738,1.7
1773949637170,2.19
1773949559030,0.16
1773949459438,2.0
1773949191449,2.3
1773948864100,1.1
1773948604490,1.41
1773948591630,0.5
1773948496230,-0.42
1773948006360,0.53
1773947644120,0.83
1773947634610,1.12
1773947539670,1.25
1773947458807,4.8
1773947304210,1.49
1773947261030,0.52
1773947252114,1.8
1773946452548,2.2
1773946277334,2.1
1773946203620,0.49
1773945961673,4.4
1773945772510,-0.95
1773945374239,2.1
1773945363430,-0.99
1773945327980,0.89
1773945295704,1.0
1773945230890,0.64
1773945040758,3.3
1773944568250,0.63
1773944449980,1.1
1773944379229,1.14
1773944284980,0.84
1773944284390,2.39
1773944270440,-0.59
1773944001933,2.1
1773943688775,1.7
1773943526190,-1.1
1773943361100,1.83
1773943184965,1.0
1773943145795,2.8
1773942802969,3.0
1773942659690,-0.05
1773942432118,1.8
1773942103200,4.6
1773941573613,2.5
1773941290635,4.4
1773941151430,0.62
1773940490100,1.82
1773940433460,0.84
1773940128290,2.46
1773940008558,1.5
1773939798660,2.06
1773939728350,0.98
1773939561510,0.38
1773938975710,1.04
1773938474520,0.75
1773938343840,2.66
1773937839173,3.3
1773937827040,-1.25
1773937646570,1.36
1773937493060,1.2
1773937419470,0.75
1773937326379,1.73
1773937284320,0.76
1773936816230,0.95
1773936085184,0.9
1773935653844,1.5
1773935377020,1.09
1773935001470,0.74
1773934820000,1.83
1773934039740,1.87
1773933939350,0.55
1773933850540,1.79
1773933767602,1.9
1773933632300,2.2
1773932963300,1.68
1773932874350,1.44
1773932684240,0.73
1773932664100,0.39
1773932430045,4.6
1773932123728,2.0
1773931931150,0.84
1773931733353,1.9
1773931675558,1.9
1773930828880,0.21
1773930736390,-0.48
1773930702170,0.6
1773930620507,2.2
1773930617451,2.6
1773929910980,0.74
1773929364560,0.75
1773929341710,1.56
1773929331250,1.22
1773929241340,1.65
1773928977620,1.71
1773928531500,1.86
1773927965082,2.0
1773927814264,4.7
1773927458160,-0.88
1773927210433,1.9
1773926818311,2.3
1773926437330,4.4
1773926424270,0.82
1773926421120,0.37
1773926237295,4.5
1773925746380,0.26
1773925731280,0.3
1773925730210,0.66
1773925567990,1.45
1773925246979,2.2
1773925205640,0.85
1773925143477,2.4
1773924824502,2.1
1773924796460,0.34
1773924689890,1.46
1773924681214,1.4
1773924531848,5.1
1773924478290,0.46
1773924349940,0.31
1773924280750,1.77
1773924039810,1.3
1773924027641,1.7
1773923902752,2.2
1773923867600,0.78
1773923602910,1.12
1773923304890,1.9
1773923086100,0.73
1773922459600,0.71
1773921827290,1.3
1773921675636,2.1
1773921454924,1.7
1773921144420,1.28
1773921008150,2.8
1773921004742,4.3
1773920206165,5.4
1773919956710,0.8
1773919556305,4.4
1773919423660,0.75
1773919101672,0.5
1773918242130,0.66
1773918153342,0.9
1773917782100,1.97
1773917771250,-0.02
1773917684390,0.09
1773917534750,0.43
1773917459140,2.02
1773917403864,1.5
1773917336700,-0.02
1773917326300,1.94
1773917212230,0.36
1773916796016,3.2
1773916590212,1.1
1773916421200,1.12
1773916415000,-0.69
1773916381630,0.48
1773916043710,1.07
1773915801560,1.35
1773915457400,0.63
1773915319560,1.26
1773915025100,0.4
1773914221315,2.4
1773914090360,1.42
1773914061320,1.0
1773913292805,2.5
1773913103724,2.8
1773913035849,1.9
1773912755509,1.22
1773912713409,1.25
1773912345170,0.74
1773912292360,1.73
1773912250040,0.29
1773912202140,-0.71
1773912092920,1.62
1773912016700,1.27
1773911991150,1.84
1773911817087,2.2
1773911578260,0.86
1773911225020,0.99
1773910838560,1.16
1773910752810,1.1
1773910549385,4.3
1773910530692,4.4
1773910079800,1.04
1773909984572,4.0
1773909767310,2.0
1773909742520,1.1
1773909719462,4.2
1773909341350,2.5
1773909239694,2.0
1773909090490,0.47
1773908948590,2.1
1773908742129,2.2
1773908655620,1.21
1773908608110,2.0
1773908199574,1.6
1773907960267,2.1
1773907885110,0.66
1773907549120,2.87
1773907431535,1.5
1773907324930,0.41
1773907016381,2.1
1773906965680,0.28
1773906843670,2.72
1773906477969,1.91
1773906300540,0.44
1773906209161,5.6
1773905432980,1.62
1773905345680,0.59
1773905259180,2.4
1773904718920,0.26
1773904340010,0.4
1773904337380,1.36
1773904272640,0.68
1773904198600,0.19
1773904112428,2.9
1773903481770,0.73
1773903405580,1.23
1773903384850,2.0
1773903384560,1.0
1773903174540,1.06
1773903067142,1.9
1773902878283,4.2
1773902650850,0.71
1773902486965,4.5
1773902468180,2.06
1773902460553,2.3
1773902265903,2.0
1773902186050,0.12
1773902170212,4.6
1773901928475,4.7
1773901923990,0.97
1773901920500,2.08
1773901839310,1.85
1773901751210,1.05
1773901747220,1.53
1773901720605,1.7
1773901596601,5.0
1773901402711,4.7
1773901281930,3.32
1773901261530,1.48
1773901015563,2.1
1773900623250,1.28
1773900494812,2.2
1773900176760,2.89
1773899909010,0.27
1773899624343,0.4
1773899593148,0.4
1773899480870,2.27
1773899466780,2.13
1773899435600,2.13
1773899430230,1.0
1773899414350,2.4
1773899223830,2.41
1773899112120,-0.89
1773898578672,2.0
1773898328480,2.35
1773897999940,1.64
1773897830043,2.3
1773897583560,-1.14
1773897426870,1.07
1773897393780,0.51
1773897095330,1.11
1773896988460,1.75
1773896732880,0.93
1773895971490,1.52
1773895461260,1.04
1773895315638,1.8
1773895252161,4.0
1773895134930,0.29
1773895127960,0.7
1773894662831,2.1
1773894555280,-0.97
1773894510370,1.15
1773894434270,0.91
1773894390260,1.05
1773894203380,2.01
1773894058650,0.65
1773894047300,0.02
1773893978650,1.79
1773893926660,1.13
1773893730480,3.37
1773893588030,0.59
1773893090649,1.89
1773892694840,0.58
1773892685757,1.6
1773892582260,2.19
1773892546480,0.29
1773892362880,1.17
1773892158680,1.67
1773891979820,1.74
1773891906776,2.1
1773891709510,0.11
1773891642540,1.61
1773891103374,2.9
1773890757743,2.0
1773890668042,1.5
1773890217550,-1.03
1773890168163,1.76
1773889872165,1.9
1773889641657,0.49
1773889499454,2.9
1773889494331,0.8
1773889440450,1.67
1773888864782,2.6
1773888834890,0.96
1773888817256,1.5
1773888376540,3.26
1773888316244,2.4
1773887732300,0.29
1773887624750,1.33
1773887442446,2.4
1773887160920,0.79
1773887141161,2.1
1773886964910,0.45
1773886843800,-1.18
1773886735465,1.6
1773886492010,-0.11
1773886405855,4.1
1773886049706,5.1
1773885536310,0.96
1773885234484,2.0
1773885202323,3.7
1773884866500,3.5
1773884626030,0.46
1773884609890,0.04
1773884458530,1.87
1773884412440,0.49
1773884213082,2.1
1773884032020,4.2
1773883941124,4.9
1773883866420,0.76
1773883730645,2.3
1773883389363,4.5
1773883259650,1.12
1773883145820,0.17
1773882949659,1.74
1773882715620,2.0
1773882505520,2.4
1773881961630,0.36
1773881820170,0.75
1773881803630,1.57
1773881724562,4.3
1773881567505,2.5
1773881325540,-0.48
1773880750572,2.6
1773880069270,1.55
1773879952997,2.1
1773879775301,2.1
1773879441206,2.7
1773879155840,0.41
1773879009224,0.5
1773878797040,0.33
1773878600581,2.0
1773878205785,1.9
1773877957445,2.1
1773877708640,0.4
1773877666140,1.37
1773877444446,2.4
1773877315970,0.23
1773877277250,1.08
1773876794640,1.56
1773876767980,3.85
1773876370169,1.54
1773876109890,1.04
1773876055979,1.15
1773876042584,2.0
1773875730569,1.32
1773875087186,1.9
1773874568590,-0.99
1773874287790,-0.59
1773874225643,2.6
1773873840460,0.73
1773873641907,1.2
1773873201310,1.16
1773873190100,0.67
1773873093788,2.4
1773872928180,0.69
1773872853180,1.18
1773872716130,1.05
1773872704720,1.08
1773871880763,4.1
1773871872959,0.1
1773871753132,2.5
1773871675632,4.5
1773871619410,0.32
1773870260510,1.57
1773869925850,1.06
1773869920620,0.3
1773869583079,4.2
1773869527540,0.58
1773869349200,0.9
1773868982426,4.6
1773868976810,0.97
1773868540450,1.07
1773868070942,4.8
1773867758160,2.4
1773867382133,1.9
1773867289158,2.0
1773867065690,4.5
1773865998098,2.6
1773865836960,0.31
1773865726450,1.51
1773865666950,0.78
1773865339990,0.52
1773865185988,4.2
1773863862013,2.9
1773863642800,1.08
1773863598950,0.77
1773863356320,1.29
1773863339420,0.95
1773863247530,2.51
1773863095691,2.2
1773862499605,3.5
1773862290629,1.77
1773862247618,2.9
1773861599149,1.5
1773861355620,0.44
1773861192215,2.0
1773860805930,2.26
1773860510945,0.3
1773860302050,0.82
1773859950110,-0.12
1773859369527,2.6
1773858692029,2.1
1773858566681,3.7
1773858472190,0.84
1773858112159,2.1
1773857938650,1.34
1773857043215,1.1
1773856775640,-0.21
1773856382470,2.52
1773856350940,1.04
1773856332941,3.1
1773856206489,3.2
1773856001000,0.2
1773855960235,2.3
1773855367714,2.1
1773855331620,5.0
1773855164630,1.64
1773854720526,3.1
1773854711075,4.1
1773854583231,2.0
1773854284060,1.07
1773854114360,1.32
1773854033725,2.2
1773853877280,1.0
1773853032144,4.0
1773852780310,1.09
1773852386917,1.59
1773852385010,0.61
1773852120990,0.89
1773852064870,0.93
1773851883760,1.87
1773851108910,0.78
1773850896599,2.0
1773850581760,0.78
1773850316690,1.74
1773850265132,0.49
1773849925700,2.66
1773849771250,1.4
1773849183230,1.06
1773848593917,4.6
1773848564006,2.7
1773848346190,1.14
1773848173340,1.92
1773848007110,0.24
1773847596370,0.55
1773847455320,0.59
1773847204290,0.47
1773847087431,2.1
1773847045128,2.1
1773845466855,4.8
1773844797223,3.4
1773844182630,1.35
1773844148787,2.0
1773844143510,1.37
1773843891799,4.3
1773842523733,2.3
1773842449257,4.1
1773841986896,2.7
1773841936650,0.47
1773841911330,4.1
1773841617390,3.15
1773841377782,2.0
1773841357050,1.73
1773840990213,4.7
1773840728098,2.1
1773839866199,4.5
1773839677648,1.7
1773839450981,1.5
1773839450484,1.9
1773839263396,4.6
1773839181385,2.9
1773838685990,1.8
1773838672000,0.97
1773838264141,2.5
1773838118245,1.2
1773837415548,4.6
1773837117394,2.2
1773837076240,0.01
1773836736591,4.3
1773836702410,1.53
1773836659098,4.5
1773836650340,0.8
1773836613097,3.9
1773836393077,4.6
1773836218446,4.6
1773835977879,4.2
1773835914104,4.9
1773835593600,4.7
1773835571112,4.5
1773835526639,4.4
1773835392919,4.3
1773835100865,4.5
1773835073340,0.31
1773835037600,1.49
1773834950368,4.5
1773834821610,-0.3
1773834757860,0.78
1773834496548,0.9
1773834417760,0.43
1773834370422,4.6
1773834197886,4.5
1773834095071,2.0
1773833900950,0.64
1773833875695,2.2
1773833615840,2.2
1773833462053,0.5
1773833411940,0.32
1773833347677,4.6
1773833098980,2.52
1773832985072,2.4
1773832258514,5.2
1773831935506,2.0
1773831841540,0.51
1773831516510,0.34
1773830158440,1.34
1773829825330,0.61
1773829603748,4.6
1773829594170,1.22
1773829571540,0.89
1773829124283,4.3
1773828960145,2.1
1773828807449,1.25
1773828523614,4.8
1773828012830,0.68
1773827797251,1.4
1773827579080,1.53
1773827391380,1.2
1773827282470,1.16
1773826688047,2.1
1773826425345,4.4
1773826304569,3.3
1773825915670,2.0
1773825201950,-0.09
1773825144340,0.69
1773825130430,0.69
1773825014440,-0.69
1773824899841,2.5
1773824843712,4.3
1773824667820,1.88
1773824621730,1.81
1773824056630,1.46
1773823838999,3.8
1773823121320,1.45
1773822202840,1.09
1773822081394,1.8
1773821868991,2.2
1773821834630,1.23
1773821272866,4.1
1773820789820,0.92
1773820751000,0.32
1773820733740,1.47
1773820481732,1.3
1773820073924,2.3
1773820034661,4.3
1773819902730,0.92
1773819694830,1.22
1773819603350,0.69
1773819526570,0.44
1773819525780,1.32
1773819521587,2.2
1773819287410,1.3
1773819160860,0.86
1773819081901,2.2
1773819009910,0.78
1773818997670,1.47
1773818804905,1.21
1773818568570,0.8
1773818085430,0.72
1773818004459,4.4
1773817975830,1.08
1773817798660,-0.09
1773817643131,1.25
1773817617280,-0.61
1773817472910,-0.31
1773817442508,3.1
1773817334600,-0.03
1773817310320,-0.32
1773817295690,-0.05
1773817289170,-0.44
1773817273483,1.9
1773817230710,0.73
1773817070958,2.4
1773816782849,2.2
1773816332620,2.8
1773816150587,0.5
1773816058000,1.11
1773815944080,2.07
1773815730600,1.22
1773815558652,2.8
1773815270804,0.7
1773815208107,0.15
1773814659350,0.15
1773814255320,0.59
1773814129097,1.8
1773814045593,2.2
1773813939887,1.9
1773813869758,4.7
1773813784463,2.1
1773813411030,1.08
1773812335967,4.5
1773812183830,1.06
1773812178814,2.5
1773811920515,2.2
1773811895514,2.4
1773811585810,0.64
1773810897188,1.18
1773810253140,2.04
1773809881480,0.0
1773809677071,2.8
1773809641371,4.2
1773808898590,1.03
1773808594628,5.0
1773808427331,4.6
1773807779987,4.2
1773807512635,1.7
1773807056957,2.0
1773806730548,1.5
1773806338793,2.2
1773806266090,0.6
1773806184244,4.2
1773806166520,1.58
1773805961583,0.4
1773805766470,1.3
1773805748320,2.04
1773805670840,0.23
1773804869213,0.24
1773804646249,4.2
1773804466144,2.1
1773804456526,3.1
1773804430610,2.49
1773804320730,1.01
1773804256100,1.08
1773804208710,2.48
1773804177721,2.4
1773804070100,1.08
1773803987670,0.72
1773803762822,2.2
1773803744540,1.16
1773803657494,1.8
1773803596500,1.8
1773803490422,2.3
1773803408049,2.1
1773803250070,0.67
1773803206940,0.18
1773802844910,0.55
1773802366560,0.77
1773802334065,1.6
1773802314004,2.2
1773802198241,2.3
1773801794600,0.25
1773801592858,3.3
1773801238260,0.59
1773801093118,2.0
1773800938229,2.12
1773800840490,1.35
1773800649000,2.0
1773800255530,2.16
1773799647510,1.02
1773799525110,0.81
1773798948619,4.1
1773798855740,1.05
1773798487159,1.6
1773798396290,-0.03
1773798383150,0.84
1773798068981,4.3
1773797984480,0.43
1773797807835,2.3
1773797489920,0.61
1773797354696,1.8
1773797003227,1.64
1773796852160,1.94
1773796607070,0.34
1773796584630,4.0
1773796490650,2.96
1773796486080,0.2
1773796300150,2.2
1773796257889,0.4
1773795951995,2.2
1773795911290,1.77
1773795808604,3.6
1773795133445,1.7
1773794827612,2.4
1773794670169,3.5
1773794563160,1.13
1773794562439,0.6
1773794475805,1.5
1773793571750,1.08
1773793489030,1.01
1773793436030,1.27
1773792953500,2.6
1773792899312,0.6
1773792830290,0.69
1773792829500,0.81
1773792707233,3.9
1773792652673,1.85
1773792612914,4.3
1773792532440,0.87
1773792356833,0.9
1773792107659,0.9
1773792026306,4.1
1773791230980,1.93
1773790760793,4.3
1773790162900,0.88
1773790077425,4.9
1773789894570,4.5
1773789883250,0.57
1773789765990,0.54
1773789358656,4.2
1773789219270,1.12
1773788920510,3.0
1773788893180,1.18
1773788734869,1.2
1773788582230,2.3
1773787604302,2.2
1773787600310,1.08
1773787589900,1.24
1773787564910,0.31
1773787352640,0.76
1773786738225,4.3
1773786282496,2.0
1773786267900,0.96
1773786111490,0.34
1773785970760,1.47
1773785838130,0.28
1773785639670,1.01
1773785218600,0.51
1773785205540,0.53
1773784523950,2.72
1773784463580,1.8
1773784199100,1.04
1773783995710,1.27
1773783891200,1.42
1773783546160,0.41
1773782707980,0.24
1773782684339,4.3
1773782518330,1.01
1773782278520,1.35
1773782233130,1.61
1773782157160,0.04
1773782155350,1.16
1773782140990,0.72
1773782125590,0.74
1773782012063,4.4
1773781880020,1.25
1773781716810,1.28
1773781715850,0.83
1773781459359,1.83
1773781242870,0.93
1773781020500,0.4
1773780933579,4.3
1773779914254,1.4
1773779388564,2.0
1773779264370,0.46
1773779257870,0.7
1773779126135,4.7
1773778965490,1.48
1773778955009,2.3
1773778924620,0.3
1773778875530,1.05
1773778861214,3.1
1773778797829,1.7
1773778568299,2.0
1773778462070,1.45
1773778453880,1.82
1773778434180,0.76
1773778423020,0.31
1773778351200,0.75
1773778318060,1.18
1773778278110,0.91
1773778257680,1.1
1773778226120,-0.21
1773778155950,0.7
1773778149510,0.24
1773778016080,1.14
1773777926780,0.22
1773777884370,0.89
1773777788670,1.06
1773777786560,1.03
1773777777960,1.1
1773777744060,1.05
1773777652210,3.01
1773777523109,1.48
1773777288202,4.2
1773777237105,5.0
1773776554400,1.08
1773776541600,0.4
1773776092430,2.3
1773775985060,0.66
1773775553863,2.28
1773775148672,4.7
1773775140680,0.22
1773774797489,1.31
1773774310473,3.7
1773773750420,1.09
1773773632530,2.0
1773773570760,0.34
1773773428320,0.77
1773773354439,1.7
1773773082100,0.75
1773772724915,3.1
1773772721080,1.31
1773772559170,0.26
1773772543700,0.52
1773772215178,2.3
1773772099580,0.39
1773771943333,2.1
1773771698930,1.24
1773771647880,0.44
1773771570770,0.93
1773771527300,1.29
1773771303130,0.36
1773771192040,0.68
1773771158960,2.31
1773771155945,2.3
1773771147990,2.4
1773770456900,0.53
1773770370495,2.4
1773770076320,0.56
1773769911160,1.38
1773769662050,0.64
1773769486430,1.26
1773769403750,0.94
1773769276837,1.5
1773768886820,1.8
1773768744300,0.77
1773768461189,1.6
1773768453446,2.0
1773768362680,3.11
1773767826440,0.94
1773767662650,1.7
1773767444350,1.51
1773767255090,0.76
1773766203340,0.22
1773765923820,0.26
1773765485040,1.06
1773765138930,0.31
1773765097418,1.89
1773764931360,0.51
1773764920280,0.02
1773764910230,-0.2
1773764902540,0.34
1773764653458,2.5
1773764608130,1.34
1773764497526,5.3
1773764240831,1.9
1773763877660,1.11
1773763617880,0.66
1773763563300,-0.29
1773763519631,1.81
1773763315695,3.8
1773763295320,0.71
1773763272771,1.4
1773763035124,1.6
1773762906250,-0.28
1773762873309,1.7
1773762770494,4.2
1773762564185,2.8
1773762173544,3.0
1773761853710,0.8
1773761777248,4.3
1773761170980,0.34
1773761131122,2.4
1773761114580,4.7
1773760710980,2.22
1773760656691,2.0
1773760605398,5.0
1773760114979,1.5
1773759830650,-0.01
1773759544799,3.3
1773759007450,0.75
1773758417489,1.61
1773758208850,0.31
1773758206619,2.0
1773757966417,5.0
1773757484930,0.66
1773757385383,2.1
1773757080104,5.1
1773756786041,4.0
1773756703946,1.9
1773756622110,0.73
1773756010450,0.67
1773755772490,0.99
1773755625590,2.27
1773755454970,1.22
1773755452634,2.0
1773755316020,3.27
1773754993837,3.0
1773754855723,1.9
1773754701647,2.4
1773754320670,0.27
1773754235510,0.44
1773753861211,1.6
1773753648626,1.9
1773753569892,4.3
1773753544235,3.1
1773753133370,1.87
1773753026564,1.6
1773752178200,3.67
1773752126240,1.27
1773752091460,1.06
1773751296992,1.9
1773751031170,2.53
1773750830730,-0.68
1773750616811,2.4
1773750581111,2.1
1773750290700,0.81
1773749711930,1.07
1773749683920,-0.04
1773749608520,0.43
1773749529950,1.77
1773748771190,0.09
1773748737550,4.3
1773747866800,2.66
1773747715790,0.95
1773747544710,1.66
1773747246800,1.91
1773747231993,4.6
1773747179870,-0.56
1773747056400,1.15
1773747026760,0.87
1773746122930,1.87
1773745808415,4.4
1773745544235,4.9
1773745478071,1.8
1773744623444,3.1
1773744555102,0.6
1773744314690,0.77
1773744277980,3.52
1773744252820,1.87
1773744003527,1.3
1773743821388,4.1
1773743776511,4.3
1773743723670,0.5
1773742743610,1.02
1773741616600,2.31
1773741516570,1.71
1773741492022,4.2
1773741472350,0.77
1773741181660,1.16
1773741177182,2.2
1773740907899,1.27
1773740906347,4.3
1773740631004,2.5
1773740064176,1.0
1773739685360,0.5
1773739408780,2.07
1773739213770,1.76
1773739069840,2.44
1773738876171,4.3
1773738856702,1.9
1773738845370,0.7
1773738635420,0.73
1773738174429,1.26
1773737297278,4.3
1773737040050,1.56
1773736842614,4.4
1773736559240,1.42
1773736378560,2.02
1773736261310,1.08
1773736244494,2.2
1773735423412,4.4
1773735388541,2.6
1773735127280,1.71
1773734859890,1.73
1773734855450,3.57
1773734422400,1.6
1773734017530,0.72
1773733413679,4.4
1773733241292,1.68
1773732211980,0.75
1773731962050,1.34
1773731757860,1.38
1773731420020,1.9
1773731100680,0.85
1773730780991,4.4
1773730591260,0.71
1773730309420,1.6
1773730274050,1.06
1773730065980,3.14
1773729531141,4.4
1773729162080,1.25
1773728707600,4.3
1773728115737,4.2
1773727752750,4.4
1773727263470,1.73
1773727262900,1.9
1773726777210,0.47
1773726608110,0.73
1773726512844,3.0
1773726418856,2.2
1773726269790,0.71
1773725898580,1.67
1773725585034,4.4
1773725037842,4.2
1773724765279,0.6
1773724647918,1.7
1773724647910,1.6
1773724354390,1.08
1773724200013,1.87
1773724083644,4.8
1773723264820,0.95
1773722927840,0.02
1773722649606,4.7
1773722467390,4.1
1773722333360,4.6
1773722151730,1.06
1773721705136,5.8
1773721582409,4.5
1773721165450,1.06
1773720945520,0.37
1773720762850,4.3
1773720388120,1.08
1773719583518,1.9
1773719455070,0.88
1773719426710,2.52
1773719305170,2.22
1773719298370,0.25
1773719241076,2.0
1773719224410,1.43
1773719006030,1.58
1773718558840,1.69
1773718379020,3.4
1773717898871,5.0
1773717687440,0.75
1773717473260,0.71
1773717039072,2.1
1773716933334,1.4
1773716779150,2.66
1773716238660,1.05
1773716186360,1.99
1773715821910,0.71
1773715689990,0.7
1773715628660,0.49
1773715363680,0.91
1773715260440,2.56
1773715030255,2.0
1773714925632,2.0
1773714751616,2.2
1773714541344,2.2
1773714520467,0.6
1773714375217,1.9
1773714349136,2.1
1773714184890,0.83
1773714048010,1.96
1773713897511,1.7
1773713608531,2.0
1773713601709,4.2
1773713410571,1.46
1773713268928,1.6
1773713143060,1.49
1773712932630,1.38
1773712691600,0.94
1773712689097,3.1
1773712334440,0.95
1773711992610,0.7
1773711645730,0.81
1773711637930,0.75
1773710931090,1.1
1773710867324,2.92
1773710719380,1.15
1773710595359,0.84
1773710553850,0.69
1773710412031,1.8
1773710272344,3.0
1773710081042,1.0
1773709993849,1.39
1773709865740,1.58
1773709698430,0.74
1773709184520,1.2
1773708829110,1.02
1773708650296,1.5
1773707953610,1.28
1773707780720,1.6
1773707066560,1.11
1773707066311,1.9
1773706742670,0.26
1773706684830,0.64
1773706321643,2.2
1773706113466,0.52
1773706010700,0.66
1773705914710,1.7
1773705424603,0.9
1773705282479,1.77
1773704916214,2.2
1773704570810,1.66
1773703880840,0.74
1773703568200,0.84
1773703551450,0.19
1773703075487,3.4
1773702966720,3.65
1773702884702,2.6
1773702682140,1.09
1773702507262,1.5
1773702401597,4.8
1773702381255,0.4
1773701859500,2.38
1773701792189,1.5
1773701717597,4.2
1773701615625,4.4
1773701389220,1.44
1773701378635,3.0
1773701313590,0.94
1773701211347,2.1
1773700941603,2.8
1773700537549,1.7
1773700291140,1.11
1773700283690,1.74
1773700280081,2.2
1773699884730,1.3
1773699160989,4.2
1773699111100,1.96
1773698864604,2.6
1773698682074,2.2
1773698656856,1.5
1773698550579,1.9
1773698102631,2.1
1773697627903,4.2
1773697448478,2.0
1773697315769,2.0
1773697081750,1.28
1773697002140,1.07
1773696728360,-0.41
1773696699750,0.93
1773696383270,1.34
1773695888980,0.62
1773695212130,1.61
1773694639480,0.75
1773694289730,-0.16
1773694217374,2.7
1773694132776,0.7
1773693882060,1.29
1773693373840,0.99
1773692661888,0.5
1773692354550,1.43
1773692202780,0.74
1773691805160,1.47
1773691638040,1.95
1773690437560,0.74
1773690077200,1.0
1773689783260,1.31
1773689752910,2.08
1773689514444,0.5
1773689400651,1.37
1773689260000,0.4
1773689062911,1.4
1773688231860,0.82
1773688200793,4.5
1773687760530,1.44
1773687628630,1.47
1773687393110,-0.27
1773687206840,0.52
1773686797930,1.02
1773686716340,1.38
1773686704507,2.2
1773685920980,0.9
1773685718326,2.4
1773685448040,1.45
1773685167726,4.3
1773684881486,1.8
1773684845000,1.27
1773684807160,0.39
1773684732682,4.3
1773684657980,1.76
1773684570810,1.67
1773684401483,2.1
1773684368280,1.22
1773682203230,1.24
1773681864087,4.3
1773681829600,0.47
1773681778751,4.3
1773681585890,1.51
1773681243170,0.71
1773680247788,0.3
1773680079420,1.57
1773679800113,2.0
1773679595719,2.2
1773679298967,2.2
1773679290850,0.28
1773678467893,4.3
1773678333589,1.8
1773678131202,1.9
1773678091950,1.53
1773677758420,0.64
1773677356660,0.75
1773676937698,2.1
1773676873952,4.7
1773676809750,0.93
1773676735728,2.3
1773676654340,0.24
1773676363620,2.22
1773676335170,-0.06
1773676281079,2.3
1773676251180,0.7
1773675985060,1.04
1773675446030,0.65
1773675314724,2.2
1773675280050,0.23
1773675187954,4.1
1773675109400,2.13
1773675098940,1.74
1773674885820,0.45
1773674720920,0.53
1773674602353,2.0
1773674264460,0.64
1773674180990,0.72
1773673026082,4.1
1773672221820,0.55
1773671061690,-0.2
1773670714600,0.74
1773670713380,0.66
1773670056808,2.0
1773669426740,0.53
1773669130950,0.37
1773668886200,1.91
1773668735119,4.3
1773668671874,4.8
1773668054260,3.9
1773667877860,1.28
1773667684700,1.25
1773667465023,1.27
1773667428010,0.54
1773667395713,0.9
1773667323193,2.8
1773666623995,4.4
1773666185094,2.1
1773666102297,5.2
1773666000399,1.8
1773665918030,0.83
1773665491250,2.0
1773665332220,0.39
1773665108776,1.5
1773664859690,1.1
1773664709052,1.5
1773664588590,0.77
1773664514009,2.8
1773664336277,2.0
1773664251540,0.49
1773663935736,1.92
1773663748816,4.5
1773663452815,4.3
1773663328847,2.3
1773662868600,1.29
1773662820371,2.7
1773662802333,1.9
1773662505536,4.3
1773662118812,2.7
1773662004922,4.9
1773661818640,1.99
1773661636060,0.01
1773661412073,4.6
1773661385710,1.73
1773661318450,4.9
1773661071538,4.5
1773660829110,0.82
1773660784320,0.6
1773660780723,4.4
1773659839710,1.21
1773659662557,1.0
1773659555050,1.27
1773658914050,2.51
1773658716770,1.2
1773658379349,1.9
1773657885694,3.1
1773657884330,1.1
1773657841211,3.1
1773657726910,0.95
1773657553530,0.49
1773657489450,2.26
1773657413979,1.8
1773657091660,1.88
1773657068742,2.1
1773656797760,0.89
1773656590448,1.74
1773656140395,2.5
1773656061330,0.88
1773655876351,2.6
1773655738170,0.36
1773655695550,2.6
1773655483240,3.32
1773655355340,1.12
1773655325770,1.4
1773655299990,0.6
1773654833570,2.98
1773654236850,2.17
1773654175775,2.0
1773654113420,1.7
1773654075450,1.61
1773653998100,0.97
1773653167030,3.01
1773653069420,0.78
1773653002858,2.16
1773652993719,1.9
1773652945005,2.0
1773652812500,0.34
1773652751181,4.6
1773652672540,2.09
1773652463500,1.08
1773651896050,0.49
1773651778476,1.96
1773650557880,-0.66
1773650341639,2.3
1773650174138,4.5
1773650135489,0.9
1773649499910,3.1
1773648807410,3.1
1773648623700,-0.38
1773648464960,-0.15
1773648366110,0.69
1773648223911,1.0
1773647908745,2.0
1773647751409,0.5
1773647509670,1.39
1773647142454,2.9
1773647070591,4.3
1773646660579,1.5
1773645971370,-1.2
1773645947284,1.8
1773645914480,1.29
1773645736700,0.92
1773645450080,0.9
1773645253812,3.1
1773644869420,3.34
1773644768720,-0.1
1773644705247,1.8
1773644353855,4.7
1773644308172,0.7
1773644231430,1.4
1773644042060,1.47
1773643868761,1.8
1773643779248,1.9
1773643582360,4.9
1773643579661,3.0
1773643501030,0.75
1773643443329,1.3
1773643413310,4.0
1773643328190,1.27
1773643272660,0.3
1773643175937,4.8
1773643171780,1.66
1773643161687,1.62
1773643074920,1.61
1773642807560,1.12
1773642632130,2.33
1773642015780,0.63
1773641998280,0.65
1773641528230,1.55
1773641223267,1.9
1773641210010,0.32
1773641028446,4.4
1773640703593,0.9
1773640244164,1.9
1773640101610,0.7
1773640085140,2.7
1773640037700,1.93
1773639960790,0.58
1773639776704,2.0
1773639612590,-1.19
1773639561744,4.2
1773639470380,0.94
1773639322479,2.2
1773638638762,4.0
1773638368770,1.62
1773638289380,1.56
1773637934330,2.55
1773637818640,0.99
1773637017520,0.46
1773637003940,0.53
1773636952200,0.94
1773636781691,1.9
1773636575410,1.16
1773636314120,1.06
1773636166233,3.2
1773635805750,0.76
1773635791890,0.59
1773635038770,0.8
1773634815856,2.0
1773634780197,1.72
1773634748871,2.0
1773634281990,2.39
1773634246320,2.36
1773633899994,1.34
1773633745330,1.01
1773633500178,3.4
1773633476225,1.9
1773633081320,0.69
1773632930303,1.04
1773632646430,0.57
1773632513717,1.58
1773632281370,1.07
1773632230680,1.96
1773632052065,1.3
1773631994170,1.14
1773631555850,1.7
1773631249543,1.74
1773631214020,0.65
1773630483388,2.1
1773630468003,2.0
1773630162960,0.31
1773630125222,2.0
1773629280496,2.2
1773629049920,0.48
1773628097970,0.41
1773628092270,0.7
1773628035820,1.07
1773627704630,1.49
1773627258600,0.24
1773626862320,0.64
1773626790987,2.1
1773626658971,2.47
1773626641170,1.19
1773626181515,1.6
1773626035330,2.4
1773625718680,0.29
1773625195536,2.2
1773625187887,1.7
1773625038230,1.86
1773624386100,0.91
1773624170240,0.76
1773624155780,0.32
1773624090760,0.87
1773623650229,1.9
1773623270620,1.8
1773623068220,0.48
1773622977972,1.58
1773622613350,1.73
1773622458300,0.88
1773622365559,1.8
1773622329160,0.63
1773622135080,2.96
1773621981372,1.38
