t,value
2026-04-08 00:45:00.000,388.5
2026-04-08 00:46:00.000,390.6
2026-04-08 00:47:00.000,389.5
2026-04-08 00:48:00.000,387.2
2026-04-08 00:49:00.000,378.8
2026-04-08 00:50:00.000,385.4
2026-04-08 00:51:00.000,379.9
2026-04-08 00:52:00.000,374.2
2026-04-08 00:53:00.000,380.8
2026-04-08 00:54:00.000,375.5
2026-04-08 00:55:00.000,387.2
2026-04-08 00:57:00.000,388.7
2026-04-08 00:58:00.000,393.0
2026-04-08 00:59:00.000,392.6
2026-04-08 01:00:00.000,387.4
2026-04-08 01:01:00.000,390.3
2026-04-08 01:02:00.000,393.6
2026-04-08 01:03:00.000,410.4
2026-04-08 01:04:00.000,429.2
2026-04-08 01:05:00.000,442.8
2026-04-08 01:06:00.000,453.1
2026-04-08 01:07:00.000,452.3
2026-04-08 01:08:00.000,438.7
2026-04-08 01:09:00.000,432.5
2026-04-08 01:10:00.000,436.7
2026-04-08 01:11:00.000,429.8
2026-04-08 01:13:00.000,430.7
2026-04-08 01:14:00.000,434.7
2026-04-08 01:15:00.000,435.3
2026-04-08 01:16:00.000,430.0
2026-04-08 01:17:00.000,433.5
2026-04-08 01:18:00.000,429.3
2026-04-08 01:19:00.000,426.9
2026-04-08 01:20:00.000,412.2
2026-04-08 01:21:00.000,402.0
2026-04-08 01:22:00.000,401.4
2026-04-08 01:23:00.000,403.3
2026-04-08 01:24:00.000,407.8
2026-04-08 01:25:00.000,407.1
2026-04-08 01:26:00.000,405.0
2026-04-08 01:27:00.000,405.2
2026-04-08 01:28:00.000,407.9
2026-04-08 01:30:00.000,415.9
2026-04-08 01:31:00.000,392.9
2026-04-08 01:32:00.000,391.9
2026-04-08 01:33:00.000,390.5
2026-04-08 01:34:00.000,390.6
2026-04-08 01:35:00.000,394.1
2026-04-08 01:36:00.000,392.9
2026-04-08 01:37:00.000,391.3
2026-04-08 01:38:00.000,391.7
2026-04-08 01:39:00.000,391.6
2026-04-08 01:40:00.000,389.3
2026-04-08 01:41:00.000,390.2
2026-04-08 01:42:00.000,390.9
2026-04-08 01:43:00.000,396.3
2026-04-08 01:44:00.000,388.7
2026-04-08 01:45:00.000,389.0
2026-04-08 01:46:00.000,393.0
2026-04-08 01:47:00.000,394.5
2026-04-08 01:48:00.000,390.2
2026-04-08 01:49:00.000,390.3
2026-04-08 01:50:00.000,390.2
2026-04-08 01:51:00.000,391.6
2026-04-08 01:52:00.000,394.3
2026-04-08 01:53:00.000,393.2
2026-04-08 01:54:00.000,392.7
2026-04-08 01:55:00.000,395.7
2026-04-08 01:56:00.000,395.5
2026-04-08 01:57:00.000,392.8
2026-04-08 01:58:00.000,389.8
2026-04-08 01:59:00.000,390.4
2026-04-08 02:00:00.000,396.2
2026-04-08 02:01:00.000,396.8
2026-04-08 02:03:00.000,392.2
2026-04-08 02:04:00.000,393.5
2026-04-08 02:05:00.000,392.2
2026-04-08 02:06:00.000,390.7
2026-04-08 02:07:00.000,392.8
2026-04-08 02:08:00.000,398.4
2026-04-08 02:09:00.000,422.5
2026-04-08 02:10:00.000,415.9
2026-04-08 02:11:00.000,405.9
2026-04-08 02:12:00.000,405.2
2026-04-08 02:13:00.000,408.0
2026-04-08 02:14:00.000,406.7
2026-04-08 02:15:00.000,411.6
2026-04-08 02:16:00.000,409.1
2026-04-08 02:17:00.000,419.4
2026-04-08 02:18:00.000,396.1
2026-04-08 02:19:00.000,392.3
2026-04-08 02:20:00.000,392.4
2026-04-08 02:21:00.000,393.6
2026-04-08 02:22:00.000,390.3
2026-04-08 02:23:00.000,390.3
2026-04-08 02:24:00.000,390.3
2026-04-08 02:25:00.000,388.6
2026-04-08 02:26:00.000,388.5
2026-04-08 02:27:00.000,390.0
2026-04-08 02:28:00.000,392.4
2026-04-08 02:29:00.000,397.0
2026-04-08 02:30:00.000,397.2
2026-04-08 02:31:00.000,398.1
2026-04-08 02:32:00.000,396.4
2026-04-08 02:33:00.000,394.3
2026-04-08 02:34:00.000,396.3
2026-04-08 02:35:00.000,396.4
2026-04-08 02:36:00.000,396.6
2026-04-08 02:37:00.000,395.0
2026-04-08 02:38:00.000,392.8
2026-04-08 02:39:00.000,390.7
2026-04-08 02:40:00.000,395.8
2026-04-08 02:41:00.000,399.8
2026-04-08 02:42:00.000,400.8
2026-04-08 02:43:00.000,402.9
2026-04-08 02:44:00.000,397.9
2026-04-08 02:45:00.000,386.7
2026-04-08 02:46:00.000,388.7
2026-04-08 02:47:00.000,395.0
2026-04-08 02:48:00.000,394.7
2026-04-08 02:49:00.000,389.3
2026-04-08 02:50:00.000,393.6
2026-04-08 02:51:00.000,388.4
2026-04-08 02:52:00.000,385.8
2026-04-08 02:53:00.000,388.9
2026-04-08 02:54:00.000,400.7
2026-04-08 02:55:00.000,404.9
2026-04-08 02:56:00.000,402.7
2026-04-08 02:57:00.000,399.0
2026-04-08 02:58:00.000,395.8
2026-04-08 02:59:00.000,394.0
2026-04-08 03:00:00.000,392.0
2026-04-08 03:01:00.000,385.7
2026-04-08 03:03:00.000,388.2
2026-04-08 03:04:00.000,398.2
2026-04-08 03:05:00.000,385.4
2026-04-08 03:06:00.000,387.6
2026-04-08 03:07:00.000,386.1
2026-04-08 03:08:00.000,386.1
2026-04-08 03:09:00.000,386.7
2026-04-08 03:10:00.000,387.5
2026-04-08 03:11:00.000,387.4
2026-04-08 03:12:00.000,387.1
2026-04-08 03:13:00.000,389.7
2026-04-08 03:14:00.000,388.9
2026-04-08 03:15:00.000,385.4
2026-04-08 03:16:00.000,387.0
2026-04-08 03:17:00.000,387.8
2026-04-08 03:18:00.000,392.0
2026-04-08 03:19:00.000,388.9
2026-04-08 03:20:00.000,390.1
2026-04-08 03:21:00.000,386.9
2026-04-08 03:22:00.000,387.7
2026-04-08 03:23:00.000,383.6
2026-04-08 03:24:00.000,387.2
2026-04-08 03:25:00.000,386.7
2026-04-08 03:26:00.000,387.5
2026-04-08 03:27:00.000,386.0
2026-04-08 03:28:00.000,386.4
2026-04-08 03:29:00.000,386.1
2026-04-08 03:30:00.000,386.8
2026-04-08 03:31:00.000,386.7
2026-04-08 03:32:00.000,385.5
2026-04-08 03:33:00.000,386.2
2026-04-08 03:34:00.000,386.0
2026-04-08 03:35:00.000,386.6
2026-04-08 03:36:00.000,385.7
2026-04-08 03:37:00.000,388.3
2026-04-08 03:38:00.000,387.7
2026-04-08 03:39:00.000,389.2
2026-04-08 03:40:00.000,388.2
2026-04-08 03:41:00.000,388.2
2026-04-08 03:42:00.000,388.3
2026-04-08 03:43:00.000,390.2
2026-04-08 03:44:00.000,391.2
2026-04-08 03:45:00.000,392.1
2026-04-08 03:46:00.000,392.4
2026-04-08 03:47:00.000,390.2
2026-04-08 03:48:00.000,388.2
2026-04-08 03:49:00.000,389.0
2026-04-08 03:50:00.000,387.9
2026-04-08 03:51:00.000,389.5
2026-04-08 03:52:00.000,388.5
2026-04-08 03:53:00.000,390.5
2026-04-08 03:54:00.000,387.9
2026-04-08 03:55:00.000,386.6
2026-04-08 03:56:00.000,385.7
2026-04-08 03:57:00.000,387.7
2026-04-08 03:58:00.000,386.1
2026-04-08 04:00:00.000,387.5
2026-04-08 04:01:00.000,387.3
2026-04-08 04:02:00.000,386.5
2026-04-08 04:03:00.000,386.4
2026-04-08 04:04:00.000,382.1
2026-04-08 04:05:00.000,372.8
2026-04-08 04:06:00.000,381.5
2026-04-08 04:07:00.000,378.9
2026-04-08 04:08:00.000,382.8
2026-04-08 04:09:00.000,383.9
2026-04-08 04:10:00.000,382.5
2026-04-08 04:11:00.000,380.5
2026-04-08 04:12:00.000,381.7
2026-04-08 04:13:00.000,367.8
2026-04-08 04:14:00.000,367.8
2026-04-08 04:15:00.000,383.5
2026-04-08 04:16:00.000,374.4
2026-04-08 04:17:00.000,376.2
2026-04-08 04:18:00.000,383.3
2026-04-08 04:19:00.000,381.9
2026-04-08 04:20:00.000,382.9
2026-04-08 04:21:00.000,382.0
2026-04-08 04:22:00.000,383.7
2026-04-08 04:23:00.000,383.6
2026-04-08 04:24:00.000,383.7
2026-04-08 04:25:00.000,384.4
2026-04-08 04:26:00.000,383.9
2026-04-08 04:27:00.000,382.2
2026-04-08 04:28:00.000,383.6
2026-04-08 04:29:00.000,385.8
2026-04-08 04:30:00.000,385.7
2026-04-08 04:31:00.000,384.5
2026-04-08 04:32:00.000,386.5
2026-04-08 04:33:00.000,393.5
2026-04-08 04:34:00.000,395.0
2026-04-08 04:35:00.000,393.6
2026-04-08 04:36:00.000,395.4
2026-04-08 04:37:00.000,398.4
2026-04-08 04:38:00.000,393.9
2026-04-08 04:39:00.000,392.3
2026-04-08 04:40:00.000,396.4
2026-04-08 04:41:00.000,394.0
2026-04-08 04:42:00.000,404.0
2026-04-08 04:43:00.000,407.7
2026-04-08 04:44:00.000,407.3
2026-04-08 04:45:00.000,412.6
2026-04-08 04:46:00.000,403.3
2026-04-08 04:47:00.000,398.6
2026-04-08 04:48:00.000,391.7
2026-04-08 04:49:00.000,393.9
2026-04-08 04:50:00.000,395.3
2026-04-08 04:51:00.000,393.1
2026-04-08 04:52:00.000,391.7
2026-04-08 04:53:00.000,393.0
2026-04-08 04:54:00.000,395.5
2026-04-08 04:55:00.000,393.7
2026-04-08 04:56:00.000,391.3
2026-04-08 04:57:00.000,389.4
2026-04-08 04:58:00.000,386.0
2026-04-08 04:59:00.000,388.5
2026-04-08 05:00:00.000,390.1
2026-04-08 05:01:00.000,389.1
2026-04-08 05:02:00.000,388.3
2026-04-08 05:03:00.000,390.7
2026-04-08 05:04:00.000,383.4
2026-04-08 05:05:00.000,384.6
2026-04-08 05:06:00.000,394.6
2026-04-08 05:07:00.000,395.0
2026-04-08 05:08:00.000,388.4
2026-04-08 05:09:00.000,383.3
2026-04-08 05:10:00.000,385.3
2026-04-08 05:11:00.000,382.0
2026-04-08 05:12:00.000,385.3
2026-04-08 05:13:00.000,382.2
2026-04-08 05:14:00.000,380.9
2026-04-08 05:15:00.000,367.3
2026-04-08 05:16:00.000,387.8
2026-04-08 05:17:00.000,393.0
2026-04-08 05:18:00.000,386.3
2026-04-08 05:19:00.000,371.2
2026-04-08 05:20:00.000,364.1
2026-04-08 05:21:00.000,402.3
2026-04-08 05:22:00.000,402.9
2026-04-08 05:23:00.000,409.2
2026-04-08 05:24:00.000,414.0
2026-04-08 05:25:00.000,406.0
2026-04-08 05:26:00.000,412.7
2026-04-08 05:27:00.000,393.3
2026-04-08 05:29:00.000,384.3
2026-04-08 05:30:00.000,387.2
2026-04-08 05:31:00.000,387.4
2026-04-08 05:32:00.000,377.0
2026-04-08 05:33:00.000,383.4
2026-04-08 05:34:00.000,396.8
2026-04-08 05:35:00.000,405.1
2026-04-08 05:36:00.000,392.2
2026-04-08 05:37:00.000,398.3
2026-04-08 05:38:00.000,406.9
2026-04-08 05:39:00.000,390.7
2026-04-08 05:40:00.000,380.5
2026-04-08 05:41:00.000,371.9
2026-04-08 05:42:00.000,367.1
2026-04-08 05:43:00.000,391.5
2026-04-08 05:44:00.000,393.5
2026-04-08 05:45:00.000,386.3
2026-04-08 05:46:00.000,385.3
2026-04-08 05:47:00.000,394.1
2026-04-08 05:48:00.000,394.0
2026-04-08 05:49:00.000,392.1
2026-04-08 05:50:00.000,391.3
2026-04-08 05:51:00.000,391.7
2026-04-08 05:52:00.000,390.3
2026-04-08 05:53:00.000,389.0
2026-04-08 05:54:00.000,377.4
2026-04-08 05:55:00.000,374.1
2026-04-08 05:56:00.000,373.0
2026-04-08 05:57:00.000,384.8
2026-04-08 05:58:00.000,386.6
2026-04-08 05:59:00.000,382.5
2026-04-08 06:00:00.000,391.0
2026-04-08 06:01:00.000,388.6
2026-04-08 06:02:00.000,395.2
2026-04-08 06:03:00.000,420.8
2026-04-08 06:04:00.000,436.9
2026-04-08 06:05:00.000,428.0
2026-04-08 06:06:00.000,428.0
2026-04-08 06:07:00.000,426.3
2026-04-08 06:08:00.000,407.2
2026-04-08 06:09:00.000,406.1
2026-04-08 06:10:00.000,418.9
2026-04-08 06:11:00.000,417.4
2026-04-08 06:12:00.000,410.6
2026-04-08 06:13:00.000,415.6
2026-04-08 06:16:00.000,421.1
2026-04-08 06:17:00.000,420.9
2026-04-08 06:18:00.000,420.9
2026-04-08 06:19:00.000,419.8
2026-04-08 06:20:00.000,413.7
2026-04-08 06:21:00.000,413.2
2026-04-08 06:22:00.000,396.3
2026-04-08 06:23:00.000,413.9
2026-04-08 06:24:00.000,415.1
2026-04-08 06:25:00.000,420.2
2026-04-08 06:26:00.000,424.3
2026-04-08 06:27:00.000,377.7
2026-04-08 06:28:00.000,386.4
2026-04-08 06:29:00.000,409.7
2026-04-08 06:30:00.000,415.4
2026-04-08 06:31:00.000,394.4
2026-04-08 06:32:00.000,397.0
2026-04-08 06:33:00.000,393.8
2026-04-08 06:34:00.000,398.5
2026-04-08 06:35:00.000,392.0
2026-04-08 06:36:00.000,401.6
2026-04-08 06:37:00.000,397.3
2026-04-08 06:38:00.000,396.2
2026-04-08 06:39:00.000,400.7
2026-04-08 06:40:00.000,397.4
2026-04-08 06:41:00.000,406.1
2026-04-08 06:42:00.000,409.8
2026-04-08 06:43:00.000,396.2
2026-04-08 06:44:00.000,388.7
2026-04-08 06:45:00.000,381.2
2026-04-08 06:46:00.000,391.4
2026-04-08 06:47:00.000,384.5
2026-04-08 06:48:00.000,382.3
2026-04-08 06:49:00.000,384.1
2026-04-08 06:50:00.000,389.0
2026-04-08 06:51:00.000,381.7
2026-04-08 06:52:00.000,381.7
2026-04-08 06:53:00.000,382.6
2026-04-08 06:54:00.000,379.9
2026-04-08 06:55:00.000,386.6
2026-04-08 06:56:00.000,388.6
2026-04-08 06:57:00.000,390.1
2026-04-08 06:58:00.000,386.2
2026-04-08 07:00:00.000,389.3
2026-04-08 07:01:00.000,389.4
2026-04-08 07:02:00.000,387.4
2026-04-08 07:03:00.000,375.6
2026-04-08 07:04:00.000,375.2
2026-04-08 07:05:00.000,383.1
2026-04-08 07:06:00.000,381.8
2026-04-08 07:07:00.000,386.3
2026-04-08 07:08:00.000,388.0
2026-04-08 07:09:00.000,384.8
2026-04-08 07:10:00.000,381.0
2026-04-08 07:11:00.000,369.7
2026-04-08 07:12:00.000,369.8
2026-04-08 07:13:00.000,376.0
2026-04-08 07:14:00.000,379.8
2026-04-08 07:15:00.000,381.7
2026-04-08 07:16:00.000,380.0
2026-04-08 07:17:00.000,381.1
2026-04-08 07:18:00.000,384.5
2026-04-08 07:19:00.000,382.1
2026-04-08 07:20:00.000,384.5
2026-04-08 07:21:00.000,383.7
2026-04-08 07:22:00.000,389.1
2026-04-08 07:23:00.000,367.3
2026-04-08 07:24:00.000,382.2
2026-04-08 07:25:00.000,383.5
2026-04-08 07:26:00.000,383.6
2026-04-08 07:27:00.000,383.8
2026-04-08 07:28:00.000,372.4
2026-04-08 07:29:00.000,381.6
2026-04-08 07:30:00.000,391.5
2026-04-08 07:31:00.000,386.5
2026-04-08 07:32:00.000,396.4
2026-04-08 07:33:00.000,384.9
2026-04-08 07:34:00.000,384.5
2026-04-08 07:35:00.000,381.0
2026-04-08 07:36:00.000,371.3
2026-04-08 07:37:00.000,381.9
2026-04-08 07:38:00.000,381.6
2026-04-08 07:39:00.000,380.3
2026-04-08 07:40:00.000,388.9
2026-04-08 07:41:00.000,388.6
2026-04-08 07:42:00.000,392.7
2026-04-08 07:43:00.000,388.9
2026-04-08 07:44:00.000,386.8
2026-04-08 07:45:00.000,390.0
2026-04-08 07:46:00.000,393.6
2026-04-08 07:47:00.000,384.7
2026-04-08 07:48:00.000,375.3
2026-04-08 07:49:00.000,397.6
2026-04-08 07:50:00.000,420.9
2026-04-08 07:51:00.000,431.0
2026-04-08 07:52:00.000,405.7
2026-04-08 07:53:00.000,402.0
2026-04-08 07:54:00.000,401.5
2026-04-08 07:55:00.000,402.2
2026-04-08 07:56:00.000,396.4
2026-04-08 07:57:00.000,394.5
2026-04-08 07:58:00.000,391.6
2026-04-08 07:59:00.000,394.9
2026-04-08 08:00:00.000,393.3
2026-04-08 08:01:00.000,394.9
2026-04-08 08:02:00.000,394.6
2026-04-08 08:03:00.000,399.7
2026-04-08 08:04:00.000,412.6
2026-04-08 08:05:00.000,405.2
2026-04-08 08:06:00.000,386.7
2026-04-08 08:07:00.000,389.1
2026-04-08 08:08:00.000,410.6
2026-04-08 08:09:00.000,402.7
2026-04-08 08:10:00.000,413.1
2026-04-08 08:11:00.000,381.3
2026-04-08 08:12:00.000,385.1
2026-04-08 08:13:00.000,384.3
2026-04-08 08:14:00.000,380.6
2026-04-08 08:16:00.000,385.9
2026-04-08 08:17:00.000,373.3
2026-04-08 08:18:00.000,368.7
2026-04-08 08:19:00.000,381.4
2026-04-08 08:20:00.000,383.7
2026-04-08 08:21:00.000,376.2
2026-04-08 08:22:00.000,365.1
2026-04-08 08:23:00.000,386.8
2026-04-08 08:24:00.000,392.3
2026-04-08 08:25:00.000,376.2
2026-04-08 08:26:00.000,399.5
2026-04-08 08:27:00.000,407.6
2026-04-08 08:28:00.000,400.5
2026-04-08 08:29:00.000,396.1
2026-04-08 08:30:00.000,410.9
2026-04-08 08:31:00.000,413.4
2026-04-08 08:32:00.000,401.2
2026-04-08 08:33:00.000,393.8
2026-04-08 08:34:00.000,399.7
2026-04-08 08:35:00.000,405.3
2026-04-08 08:36:00.000,400.6
2026-04-08 08:37:00.000,399.8
2026-04-08 08:38:00.000,407.4
2026-04-08 08:39:00.000,423.8
2026-04-08 08:40:00.000,423.5
2026-04-08 08:41:00.000,415.6
2026-04-08 08:42:00.000,420.9
2026-04-08 08:43:00.000,401.7
2026-04-08 08:44:00.000,414.2
2026-04-08 08:45:00.000,418.3
2026-04-08 08:46:00.000,419.3
2026-04-08 08:47:00.000,402.7
2026-04-08 08:48:00.000,400.0
2026-04-08 08:49:00.000,414.5
2026-04-08 08:50:00.000,427.5
2026-04-08 08:51:00.000,423.1
2026-04-08 08:52:00.000,407.4
2026-04-08 08:53:00.000,412.1
2026-04-08 08:54:00.000,423.6
2026-04-08 08:55:00.000,429.0
2026-04-08 08:56:00.000,427.1
2026-04-08 08:57:00.000,416.8
2026-04-08 08:58:00.000,427.0
2026-04-08 08:59:00.000,427.2
2026-04-08 09:00:00.000,426.7
2026-04-08 09:01:00.000,424.8
2026-04-08 09:02:00.000,420.5
2026-04-08 09:03:00.000,425.8
2026-04-08 09:04:00.000,421.6
2026-04-08 09:05:00.000,411.8
2026-04-08 09:06:00.000,403.3
2026-04-08 09:07:00.000,420.3
2026-04-08 09:08:00.000,419.1
2026-04-08 09:09:00.000,413.3
2026-04-08 09:10:00.000,405.2
2026-04-08 09:11:00.000,411.9
2026-04-08 09:13:00.000,436.0
2026-04-08 09:14:00.000,420.6
2026-04-08 09:15:00.000,395.8
2026-04-08 09:16:00.000,423.9
2026-04-08 09:17:00.000,423.2
2026-04-08 09:18:00.000,422.3
2026-04-08 09:19:00.000,396.8
2026-04-08 09:20:00.000,404.5
2026-04-08 09:21:00.000,417.5
2026-04-08 09:22:00.000,409.4
2026-04-08 09:23:00.000,403.5
2026-04-08 09:24:00.000,401.2
2026-04-08 09:25:00.000,404.0
2026-04-08 09:26:00.000,412.4
2026-04-08 09:27:00.000,410.2
2026-04-08 09:29:00.000,384.7
2026-04-08 09:30:00.000,412.9
2026-04-08 09:31:00.000,399.4
2026-04-08 09:32:00.000,410.2
2026-04-08 09:33:00.000,401.2
2026-04-08 09:34:00.000,384.2
2026-04-08 09:35:00.000,394.6
2026-04-08 09:36:00.000,404.1
2026-04-08 09:37:00.000,385.6
2026-04-08 09:38:00.000,368.4
2026-04-08 09:39:00.000,369.9
2026-04-08 09:40:00.000,369.3
2026-04-08 09:41:00.000,375.2
2026-04-08 09:42:00.000,399.5
2026-04-08 09:43:00.000,407.8
2026-04-08 09:44:00.000,448.5
2026-04-08 09:46:00.000,405.4
2026-04-08 09:47:00.000,399.3
2026-04-08 09:48:00.000,435.5
2026-04-08 09:49:00.000,429.9
2026-04-08 09:50:00.000,417.6
2026-04-08 09:51:00.000,401.5
2026-04-08 09:52:00.000,420.9
2026-04-08 09:53:00.000,434.4
2026-04-08 09:54:00.000,426.9
2026-04-08 09:55:00.000,424.5
2026-04-08 09:56:00.000,415.3
2026-04-08 09:57:00.000,405.7
2026-04-08 09:58:00.000,423.8
2026-04-08 10:02:00.000,411.9
2026-04-08 10:03:00.000,407.1
2026-04-08 10:04:00.000,417.7
2026-04-08 10:05:00.000,419.0
2026-04-08 10:06:00.000,429.5
2026-04-08 10:07:00.000,433.5
2026-04-08 10:08:00.000,424.3
2026-04-08 10:09:00.000,402.5
2026-04-08 10:10:00.000,387.3
2026-04-08 10:11:00.000,391.2
2026-04-08 10:12:00.000,395.2
2026-04-08 10:13:00.000,390.4
2026-04-08 10:14:00.000,397.3
2026-04-08 10:15:00.000,412.4
2026-04-08 10:16:00.000,432.2
2026-04-08 10:17:00.000,418.2
2026-04-08 10:19:00.000,411.6
2026-04-08 10:20:00.000,435.0
2026-04-08 10:21:00.000,421.8
2026-04-08 10:22:00.000,415.7
2026-04-08 10:23:00.000,396.0
2026-04-08 10:24:00.000,403.5
2026-04-08 10:25:00.000,424.7
2026-04-08 10:26:00.000,422.1
2026-04-08 10:27:00.000,406.5
2026-04-08 10:28:00.000,398.4
2026-04-08 10:29:00.000,399.1
2026-04-08 10:30:00.000,419.9
2026-04-08 10:31:00.000,420.8
2026-04-08 10:32:00.000,425.0
2026-04-08 10:33:00.000,407.3
2026-04-08 10:34:00.000,416.3
2026-04-08 10:35:00.000,403.6
2026-04-08 10:36:00.000,401.1
2026-04-08 10:37:00.000,394.0
2026-04-08 10:38:00.000,402.6
2026-04-08 10:39:00.000,416.6
2026-04-08 10:40:00.000,415.8
2026-04-08 10:41:00.000,400.9
2026-04-08 10:42:00.000,402.6
2026-04-08 10:43:00.000,420.2
2026-04-08 10:44:00.000,419.7
2026-04-08 10:45:00.000,412.1
2026-04-08 10:46:00.000,411.9
2026-04-08 10:47:00.000,396.2
2026-04-08 10:48:00.000,404.6
2026-04-08 10:49:00.000,398.4
2026-04-08 10:50:00.000,392.3
2026-04-08 10:51:00.000,392.1
2026-04-08 10:52:00.000,383.2
2026-04-08 10:53:00.000,393.8
2026-04-08 10:54:00.000,403.9
2026-04-08 10:55:00.000,397.7
2026-04-08 10:56:00.000,401.9
2026-04-08 10:57:00.000,408.2
2026-04-08 10:58:00.000,405.3
2026-04-08 11:03:00.000,416.2
2026-04-08 11:05:00.000,419.4
2026-04-08 11:06:00.000,417.2
2026-04-08 11:07:00.000,417.6
2026-04-08 11:08:00.000,413.2
2026-04-08 11:09:00.000,411.2
2026-04-08 11:10:00.000,415.1
2026-04-08 11:11:00.000,418.3
2026-04-08 11:12:00.000,417.0
2026-04-08 11:13:00.000,414.5
2026-04-08 11:14:00.000,416.6
2026-04-08 11:15:00.000,415.0
2026-04-08 11:16:00.000,412.4
2026-04-08 11:17:00.000,413.8
2026-04-08 11:18:00.000,415.6
2026-04-08 11:19:00.000,413.7
2026-04-08 11:20:00.000,410.5
2026-04-08 11:21:00.000,412.2
2026-04-08 11:22:00.000,415.7
2026-04-08 11:25:00.000,398.3
2026-04-08 11:26:00.000,400.2
2026-04-08 11:27:00.000,403.9
2026-04-08 11:28:00.000,401.0
2026-04-08 11:29:00.000,399.2
2026-04-08 11:30:00.000,406.3
2026-04-08 11:31:00.000,416.0
2026-04-08 11:32:00.000,417.9
2026-04-08 11:33:00.000,420.1
2026-04-08 11:34:00.000,419.0
2026-04-08 11:35:00.000,424.3
2026-04-08 11:36:00.000,418.0
2026-04-08 11:37:00.000,421.1
2026-04-08 11:38:00.000,425.1
2026-04-08 11:39:00.000,421.6
2026-04-08 11:40:00.000,424.5
2026-04-08 11:41:00.000,416.6
2026-04-08 11:42:00.000,416.9
2026-04-08 11:43:00.000,416.4
2026-04-08 11:44:00.000,404.2
2026-04-08 11:45:00.000,409.2
2026-04-08 11:46:00.000,415.5
2026-04-08 11:47:00.000,414.8
2026-04-08 11:48:00.000,411.1
2026-04-08 11:49:00.000,412.3
2026-04-08 11:50:00.000,413.1
2026-04-08 11:51:00.000,412.8
2026-04-08 11:52:00.000,416.8
2026-04-08 11:53:00.000,412.4
2026-04-08 11:54:00.000,419.6
2026-04-08 11:55:00.000,401.4
2026-04-08 11:58:00.000,401.4
2026-04-08 11:59:00.000,404.1
2026-04-08 12:00:00.000,400.0
2026-04-08 12:01:00.000,399.7
2026-04-08 12:02:00.000,401.8
2026-04-08 12:03:00.000,401.5
2026-04-08 12:04:00.000,403.7
2026-04-08 12:05:00.000,405.4
2026-04-08 12:06:00.000,402.4
2026-04-08 12:07:00.000,400.8
2026-04-08 12:08:00.000,402.7
2026-04-08 12:09:00.000,401.1
2026-04-08 12:10:00.000,406.9
2026-04-08 12:11:00.000,408.4
2026-04-08 12:12:00.000,408.7
2026-04-08 12:13:00.000,403.6
2026-04-08 12:14:00.000,401.9
2026-04-08 12:15:00.000,399.9
2026-04-08 12:16:00.000,403.1
2026-04-08 12:17:00.000,405.7
2026-04-08 12:18:00.000,402.0
2026-04-08 12:19:00.000,402.1
2026-04-08 12:20:00.000,406.7
2026-04-08 12:21:00.000,403.0
2026-04-08 12:22:00.000,405.1
2026-04-08 12:23:00.000,402.2
2026-04-08 12:24:00.000,401.3
2026-04-08 12:25:00.000,408.8
2026-04-08 12:26:00.000,409.2
2026-04-08 12:27:00.000,404.3
2026-04-08 12:28:00.000,406.3
2026-04-08 12:31:00.000,401.2
2026-04-08 12:32:00.000,402.5
2026-04-08 12:33:00.000,405.1
2026-04-08 12:34:00.000,404.4
2026-04-08 12:35:00.000,401.8
2026-04-08 12:36:00.000,402.7
2026-04-08 12:37:00.000,402.8
2026-04-08 12:38:00.000,403.5
2026-04-08 12:39:00.000,406.0
2026-04-08 12:40:00.000,402.2
2026-04-08 12:41:00.000,401.7
2026-04-08 12:42:00.000,398.1
2026-04-08 12:43:00.000,398.3
2026-04-08 12:45:00.000,400.4
2026-04-08 12:46:00.000,402.3
2026-04-08 12:47:00.000,402.4
2026-04-08 12:48:00.000,402.7
2026-04-08 12:49:00.000,403.7
2026-04-08 12:50:00.000,402.9
2026-04-08 12:51:00.000,401.6
2026-04-08 12:52:00.000,402.0
2026-04-08 12:53:00.000,401.1
2026-04-08 12:54:00.000,397.8
2026-04-08 12:55:00.000,393.1
2026-04-08 12:56:00.000,393.7
2026-04-08 12:57:00.000,401.1
2026-04-08 12:58:00.000,401.6
2026-04-08 13:00:00.000,403.2
2026-04-08 13:01:00.000,405.2
2026-04-08 13:04:00.000,398.6
2026-04-08 13:05:00.000,398.3
2026-04-08 13:06:00.000,400.7
2026-04-08 13:07:00.000,403.1
2026-04-08 13:08:00.000,400.9
2026-04-08 13:09:00.000,401.0
2026-04-08 13:10:00.000,401.8
2026-04-08 13:11:00.000,397.6
2026-04-08 13:12:00.000,396.4
2026-04-08 13:13:00.000,396.5
2026-04-08 13:15:00.000,396.0
2026-04-08 13:16:00.000,391.0
2026-04-08 13:17:00.000,389.2
2026-04-08 13:18:00.000,381.6
2026-04-08 13:19:00.000,384.6
2026-04-08 13:20:00.000,391.0
2026-04-08 13:21:00.000,390.4
2026-04-08 13:22:00.000,388.2
2026-04-08 13:23:00.000,388.3
2026-04-08 13:24:00.000,387.3
2026-04-08 13:25:00.000,387.4
2026-04-08 13:26:00.000,387.0
2026-04-08 13:27:00.000,386.2
2026-04-08 13:30:00.000,388.7
2026-04-08 13:31:00.000,387.2
2026-04-08 13:32:00.000,392.1
2026-04-08 13:33:00.000,391.1
2026-04-08 13:34:00.000,391.6
2026-04-08 13:37:00.000,383.9
2026-04-08 13:38:00.000,384.4
2026-04-08 13:39:00.000,390.0
2026-04-08 13:40:00.000,400.1
2026-04-08 13:41:00.000,403.5
2026-04-08 13:42:00.000,404.3
2026-04-08 13:43:00.000,400.7
2026-04-08 13:44:00.000,400.8
2026-04-08 13:45:00.000,403.8
2026-04-08 13:46:00.000,397.5
2026-04-08 13:47:00.000,402.0
2026-04-08 13:48:00.000,401.1
2026-04-08 13:49:00.000,400.4
2026-04-08 13:50:00.000,399.9
2026-04-08 13:51:00.000,399.1
2026-04-08 13:52:00.000,400.4
2026-04-08 13:53:00.000,401.8
2026-04-08 13:54:00.000,401.8
2026-04-08 13:55:00.000,401.6
2026-04-08 13:56:00.000,403.4
2026-04-08 13:57:00.000,406.1
2026-04-08 13:58:00.000,401.8
2026-04-08 13:59:00.000,402.1
2026-04-08 14:00:00.000,404.4
2026-04-08 14:01:00.000,405.9
2026-04-08 14:02:00.000,404.6
2026-04-08 14:03:00.000,400.0
2026-04-08 14:04:00.000,399.5
2026-04-08 14:05:00.000,399.5
2026-04-08 14:06:00.000,398.5
2026-04-08 14:07:00.000,397.5
2026-04-08 14:10:00.000,400.5
2026-04-08 14:11:00.000,399.6
2026-04-08 14:12:00.000,398.8
2026-04-08 14:13:00.000,401.2
2026-04-08 14:14:00.000,401.0
2026-04-08 14:15:00.000,399.9
2026-04-08 14:16:00.000,399.3
2026-04-08 14:17:00.000,399.9
2026-04-08 14:18:00.000,404.3
2026-04-08 14:19:00.000,399.8
2026-04-08 14:20:00.000,408.6
2026-04-08 14:21:00.000,404.1
2026-04-08 14:22:00.000,401.9
2026-04-08 14:23:00.000,407.6
2026-04-08 14:24:00.000,408.0
2026-04-08 14:25:00.000,402.4
2026-04-08 14:26:00.000,397.6
2026-04-08 14:27:00.000,395.5
2026-04-08 14:28:00.000,397.1
2026-04-08 14:30:00.000,396.1
2026-04-08 14:31:00.000,396.3
2026-04-08 14:32:00.000,397.9
2026-04-08 14:33:00.000,396.1
2026-04-08 14:34:00.000,385.5
2026-04-08 14:35:00.000,404.2
2026-04-08 14:36:00.000,402.9
2026-04-08 14:37:00.000,402.2
2026-04-08 14:38:00.000,394.8
2026-04-08 14:39:00.000,393.4
2026-04-08 14:40:00.000,392.0
2026-04-08 14:41:00.000,394.4
2026-04-08 14:42:00.000,397.2
2026-04-08 14:43:00.000,393.8
2026-04-08 14:44:00.000,394.5
2026-04-08 14:45:00.000,393.9
2026-04-08 14:46:00.000,392.8
2026-04-08 14:47:00.000,397.9
2026-04-08 14:48:00.000,394.6
2026-04-08 14:49:00.000,399.5
2026-04-08 14:50:00.000,406.4
2026-04-08 14:51:00.000,403.0
2026-04-08 14:52:00.000,384.2
2026-04-08 14:53:00.000,410.7
2026-04-08 14:54:00.000,414.2
2026-04-08 14:55:00.000,415.8
2026-04-08 14:56:00.000,404.1
2026-04-08 14:57:00.000,393.1
2026-04-08 14:58:00.000,394.3
2026-04-08 15:01:00.000,392.2
2026-04-08 15:02:00.000,392.2
2026-04-08 15:03:00.000,392.3
2026-04-08 15:04:00.000,395.6
2026-04-08 15:05:00.000,398.3
2026-04-08 15:06:00.000,389.0
2026-04-08 15:07:00.000,361.7
2026-04-08 15:08:00.000,397.2
2026-04-08 15:09:00.000,397.7
2026-04-08 15:10:00.000,389.4
2026-04-08 15:11:00.000,399.5
2026-04-08 15:12:00.000,404.8
2026-04-08 15:13:00.000,401.5
2026-04-08 15:15:00.000,401.0
2026-04-08 15:16:00.000,393.0
2026-04-08 15:17:00.000,397.8
2026-04-08 15:18:00.000,413.3
2026-04-08 15:19:00.000,409.0
2026-04-08 15:20:00.000,376.7
2026-04-08 15:21:00.000,392.9
2026-04-08 15:22:00.000,391.1
2026-04-08 15:23:00.000,386.1
2026-04-08 15:24:00.000,384.6
2026-04-08 15:25:00.000,400.0
2026-04-08 15:26:00.000,409.8
2026-04-08 15:27:00.000,388.8
2026-04-08 15:28:00.000,384.5
2026-04-08 15:29:00.000,383.0
2026-04-08 15:30:00.000,384.5
2026-04-08 15:31:00.000,385.1
2026-04-08 15:32:00.000,388.3
2026-04-08 15:33:00.000,388.1
2026-04-08 15:34:00.000,380.5
2026-04-08 15:35:00.000,387.5
2026-04-08 15:36:00.000,390.8
2026-04-08 15:37:00.000,389.8
2026-04-08 15:38:00.000,377.4
2026-04-08 15:39:00.000,375.8
2026-04-08 15:40:00.000,379.6
2026-04-08 15:41:00.000,381.1
2026-04-08 15:42:00.000,377.4
2026-04-08 15:43:00.000,397.6
2026-04-08 15:44:00.000,395.5
2026-04-08 15:45:00.000,393.0
2026-04-08 15:46:00.000,390.2
2026-04-08 15:47:00.000,388.8
2026-04-08 15:48:00.000,390.7
2026-04-08 15:49:00.000,385.4
2026-04-08 15:50:00.000,387.7
2026-04-08 15:51:00.000,396.8
2026-04-08 15:52:00.000,379.4
2026-04-08 15:53:00.000,392.3
2026-04-08 15:54:00.000,393.3
2026-04-08 15:55:00.000,389.2
2026-04-08 15:56:00.000,378.5
2026-04-08 15:57:00.000,388.1
2026-04-08 15:58:00.000,393.8
2026-04-08 15:59:00.000,389.6
2026-04-08 16:00:00.000,394.1
2026-04-08 16:01:00.000,397.2
2026-04-08 16:02:00.000,407.1
2026-04-08 16:03:00.000,412.6
2026-04-08 16:04:00.000,399.5
2026-04-08 16:05:00.000,383.6
2026-04-08 16:06:00.000,388.1
2026-04-08 16:07:00.000,390.3
2026-04-08 16:08:00.000,389.4
2026-04-08 16:09:00.000,389.4
2026-04-08 16:10:00.000,370.6
2026-04-08 16:11:00.000,378.9
2026-04-08 16:12:00.000,395.7
2026-04-08 16:13:00.000,403.2
2026-04-08 16:14:00.000,377.8
2026-04-08 16:15:00.000,383.0
2026-04-08 16:16:00.000,395.0
2026-04-08 16:17:00.000,387.8
2026-04-08 16:18:00.000,373.8
2026-04-08 16:19:00.000,372.7
2026-04-08 16:20:00.000,383.4
2026-04-08 16:21:00.000,386.4
2026-04-08 16:24:00.000,380.0
2026-04-08 16:25:00.000,386.5
2026-04-08 16:26:00.000,384.1
2026-04-08 16:27:00.000,386.4
2026-04-08 16:28:00.000,367.2
2026-04-08 16:29:00.000,386.9
2026-04-08 16:30:00.000,397.5
2026-04-08 16:31:00.000,393.2
2026-04-08 16:32:00.000,379.0
2026-04-08 16:33:00.000,378.6
2026-04-08 16:34:00.000,388.2
2026-04-08 16:35:00.000,391.8
2026-04-08 16:36:00.000,389.4
2026-04-08 16:37:00.000,380.3
2026-04-08 16:38:00.000,393.9
2026-04-08 16:39:00.000,427.2
2026-04-08 16:40:00.000,421.1
2026-04-08 16:42:00.000,371.2
2026-04-08 16:43:00.000,402.4
2026-04-08 16:44:00.000,407.7
2026-04-08 16:45:00.000,393.3
2026-04-08 16:46:00.000,381.2
2026-04-08 16:47:00.000,395.4
2026-04-08 16:48:00.000,401.6
2026-04-08 16:49:00.000,394.8
2026-04-08 16:50:00.000,386.5
2026-04-08 16:51:00.000,382.7
2026-04-08 16:52:00.000,389.4
2026-04-08 16:53:00.000,393.1
2026-04-08 16:54:00.000,396.8
2026-04-08 16:55:00.000,378.5
2026-04-08 16:56:00.000,379.0
2026-04-08 16:57:00.000,393.5
2026-04-08 16:58:00.000,401.3
2026-04-08 16:59:00.000,396.2
2026-04-08 17:00:00.000,372.8
2026-04-08 17:01:00.000,387.8
2026-04-08 17:02:00.000,398.2
2026-04-08 17:03:00.000,395.2
2026-04-08 17:04:00.000,385.3
2026-04-08 17:05:00.000,385.9
2026-04-08 17:06:00.000,393.6
2026-04-08 17:07:00.000,392.5
2026-04-08 17:08:00.000,386.4
2026-04-08 17:09:00.000,389.5
2026-04-08 17:10:00.000,393.4
2026-04-08 17:11:00.000,383.9
2026-04-08 17:12:00.000,383.8
2026-04-08 17:13:00.000,377.0
2026-04-08 17:14:00.000,379.0
2026-04-08 17:15:00.000,387.6
2026-04-08 17:16:00.000,388.7
2026-04-08 17:17:00.000,393.1
2026-04-08 17:18:00.000,376.8
2026-04-08 17:19:00.000,387.4
2026-04-08 17:20:00.000,394.4
2026-04-08 17:21:00.000,391.2
2026-04-08 17:22:00.000,384.1
2026-04-08 17:23:00.000,383.0
2026-04-08 17:24:00.000,393.4
2026-04-08 17:25:00.000,387.9
2026-04-08 17:26:00.000,388.5
2026-04-08 17:27:00.000,382.3
2026-04-08 17:30:00.000,388.4
2026-04-08 17:31:00.000,387.0
2026-04-08 17:32:00.000,374.0
2026-04-08 17:33:00.000,376.1
2026-04-08 17:34:00.000,379.0
2026-04-08 17:35:00.000,380.9
2026-04-08 17:36:00.000,372.1
2026-04-08 17:37:00.000,374.8
2026-04-08 17:38:00.000,387.3
2026-04-08 17:39:00.000,393.1
2026-04-08 17:40:00.000,389.8
2026-04-08 17:41:00.000,375.8
2026-04-08 17:42:00.000,387.2
2026-04-08 17:43:00.000,388.8
2026-04-08 17:44:00.000,383.7
2026-04-08 17:45:00.000,380.1
2026-04-08 17:46:00.000,373.5
2026-04-08 17:47:00.000,388.1
2026-04-08 17:48:00.000,388.3
2026-04-08 17:49:00.000,377.5
2026-04-08 17:50:00.000,371.8
2026-04-08 17:51:00.000,389.7
2026-04-08 17:52:00.000,401.8
2026-04-08 17:53:00.000,397.7
2026-04-08 17:54:00.000,384.4
2026-04-08 17:55:00.000,382.9
2026-04-08 17:56:00.000,396.7
2026-04-08 17:57:00.000,391.0
2026-04-08 17:58:00.000,388.5
2026-04-08 18:02:00.000,372.1
2026-04-08 18:03:00.000,383.5
2026-04-08 18:04:00.000,385.7
2026-04-08 18:05:00.000,393.5
2026-04-08 18:06:00.000,400.0
2026-04-08 18:07:00.000,397.3
2026-04-08 18:08:00.000,379.0
2026-04-08 18:09:00.000,379.8
2026-04-08 18:10:00.000,391.7
2026-04-08 18:11:00.000,386.1
2026-04-08 18:12:00.000,376.1
2026-04-08 18:13:00.000,375.1
2026-04-08 18:14:00.000,388.0
2026-04-08 18:15:00.000,384.7
2026-04-08 18:16:00.000,390.6
2026-04-08 18:17:00.000,378.8
2026-04-08 18:18:00.000,386.5
2026-04-08 18:19:00.000,394.0
2026-04-08 18:20:00.000,380.8
2026-04-08 18:21:00.000,378.1
2026-04-08 18:22:00.000,375.1
2026-04-08 18:23:00.000,380.4
2026-04-08 18:24:00.000,382.8
2026-04-08 18:25:00.000,380.0
2026-04-08 18:26:00.000,373.2
2026-04-08 18:27:00.000,375.7
2026-04-08 18:28:00.000,390.1
2026-04-08 18:29:00.000,388.1
2026-04-08 18:30:00.000,388.2
2026-04-08 18:31:00.000,379.6
2026-04-08 18:32:00.000,407.6
2026-04-08 18:35:00.000,379.2
2026-04-08 18:36:00.000,393.2
2026-04-08 18:37:00.000,395.8
2026-04-08 18:38:00.000,395.4
2026-04-08 18:39:00.000,389.5
2026-04-08 18:40:00.000,379.0
2026-04-08 18:41:00.000,387.0
2026-04-08 18:42:00.000,400.0
2026-04-08 18:43:00.000,396.4
2026-04-08 18:46:00.000,399.9
2026-04-08 18:47:00.000,402.7
2026-04-08 18:48:00.000,392.8
2026-04-08 18:49:00.000,381.1
2026-04-08 18:50:00.000,389.2
2026-04-08 18:51:00.000,387.1
2026-04-08 18:52:00.000,386.9
2026-04-08 18:53:00.000,388.0
2026-04-08 18:54:00.000,370.3
2026-04-08 18:55:00.000,387.4
2026-04-08 18:56:00.000,400.2
2026-04-08 18:57:00.000,399.1
2026-04-08 18:58:00.000,387.6
2026-04-08 18:59:00.000,388.3
2026-04-08 19:00:00.000,405.3
2026-04-08 19:01:00.000,399.7
2026-04-08 19:02:00.000,399.9
2026-04-08 19:03:00.000,391.2
2026-04-08 19:04:00.000,406.7
2026-04-08 19:05:00.000,410.0
2026-04-08 19:06:00.000,420.7
2026-04-08 19:07:00.000,421.1
2026-04-08 19:08:00.000,369.5
2026-04-08 19:09:00.000,376.6
2026-04-08 19:10:00.000,378.2
2026-04-08 19:11:00.000,380.5
2026-04-08 19:12:00.000,363.3
2026-04-08 19:13:00.000,365.6
2026-04-08 19:14:00.000,372.2
2026-04-08 19:15:00.000,376.6
2026-04-08 19:16:00.000,373.3
2026-04-08 19:17:00.000,378.6
2026-04-08 19:18:00.000,405.7
2026-04-08 19:19:00.000,403.5
2026-04-08 19:20:00.000,411.8
2026-04-08 19:21:00.000,394.1
2026-04-08 19:22:00.000,394.8
2026-04-08 19:23:00.000,398.8
2026-04-08 19:24:00.000,395.7
2026-04-08 19:25:00.000,400.8
2026-04-08 19:26:00.000,390.6
2026-04-08 19:27:00.000,390.8
2026-04-08 19:28:00.000,388.8
2026-04-08 19:29:00.000,388.4
2026-04-08 19:30:00.000,376.8
2026-04-08 19:31:00.000,376.6
2026-04-08 19:32:00.000,393.9
2026-04-08 19:33:00.000,376.0
2026-04-08 19:34:00.000,374.3
2026-04-08 19:35:00.000,369.2
2026-04-08 19:37:00.000,376.9
2026-04-08 19:38:00.000,382.0
2026-04-08 19:39:00.000,381.2
2026-04-08 19:40:00.000,381.1
2026-04-08 19:41:00.000,370.7
2026-04-08 19:42:00.000,389.3
2026-04-08 19:43:00.000,402.5
2026-04-08 19:44:00.000,389.0
2026-04-08 19:45:00.000,380.1
2026-04-08 19:46:00.000,385.1
2026-04-08 19:47:00.000,386.3
2026-04-08 19:48:00.000,380.9
2026-04-08 19:49:00.000,373.6
2026-04-08 19:50:00.000,387.0
2026-04-08 19:51:00.000,389.2
2026-04-08 19:52:00.000,386.0
2026-04-08 19:53:00.000,383.0
2026-04-08 19:54:00.000,386.9
2026-04-08 19:55:00.000,383.4
2026-04-08 19:56:00.000,386.5
2026-04-08 19:57:00.000,383.5
2026-04-08 19:58:00.000,384.8
2026-04-08 19:59:00.000,384.8
2026-04-08 20:00:00.000,384.9
2026-04-08 20:01:00.000,383.6
2026-04-08 20:02:00.000,378.0
2026-04-08 20:03:00.000,372.9
2026-04-08 20:04:00.000,379.9
2026-04-08 20:05:00.000,395.6
2026-04-08 20:06:00.000,391.1
2026-04-08 20:07:00.000,378.1
2026-04-08 20:08:00.000,394.1
2026-04-08 20:09:00.000,380.9
2026-04-08 20:10:00.000,384.3
2026-04-08 20:11:00.000,375.1
2026-04-08 20:12:00.000,384.8
2026-04-08 20:13:00.000,386.9
2026-04-08 20:14:00.000,377.6
2026-04-08 20:15:00.000,385.2
2026-04-08 20:16:00.000,381.6
2026-04-08 20:17:00.000,384.3
2026-04-08 20:18:00.000,387.5
2026-04-08 20:19:00.000,385.7
2026-04-08 20:20:00.000,386.1
2026-04-08 20:21:00.000,386.4
2026-04-08 20:22:00.000,396.7
2026-04-08 20:23:00.000,391.0
2026-04-08 20:24:00.000,382.5
2026-04-08 20:25:00.000,368.2
2026-04-08 20:26:00.000,393.4
2026-04-08 20:27:00.000,389.5
2026-04-08 20:28:00.000,386.0
2026-04-08 20:29:00.000,381.4
2026-04-08 20:30:00.000,385.5
2026-04-08 20:31:00.000,382.0
2026-04-08 20:32:00.000,379.1
2026-04-08 20:33:00.000,378.1
2026-04-08 20:34:00.000,374.1
2026-04-08 20:35:00.000,373.9
2026-04-08 20:36:00.000,377.7
2026-04-08 20:37:00.000,374.0
2026-04-08 20:38:00.000,377.7
2026-04-08 20:39:00.000,365.2
2026-04-08 20:40:00.000,367.9
2026-04-08 20:41:00.000,378.3
2026-04-08 20:42:00.000,374.4
2026-04-08 20:43:00.000,367.6
2026-04-08 20:44:00.000,375.2
2026-04-08 20:45:00.000,374.4
2026-04-08 20:46:00.000,373.7
2026-04-08 20:47:00.000,375.0
2026-04-08 20:48:00.000,382.0
2026-04-08 20:49:00.000,382.8
2026-04-08 20:50:00.000,378.6
2026-04-08 20:51:00.000,378.7
2026-04-08 20:52:00.000,376.1
2026-04-08 20:53:00.000,374.9
2026-04-08 20:54:00.000,385.5
2026-04-08 20:55:00.000,379.1
2026-04-08 20:56:00.000,381.5
2026-04-08 20:57:00.000,381.0
2026-04-08 20:58:00.000,388.4
2026-04-08 20:59:00.000,381.3
2026-04-08 21:00:00.000,376.1
2026-04-08 21:01:00.000,376.0
2026-04-08 21:02:00.000,377.0
2026-04-08 21:03:00.000,374.5
2026-04-08 21:04:00.000,374.6
2026-04-08 21:05:00.000,373.5
2026-04-08 21:06:00.000,370.0
2026-04-08 21:07:00.000,372.0
2026-04-08 21:08:00.000,379.4
2026-04-08 21:09:00.000,381.6
2026-04-08 21:10:00.000,374.4
2026-04-08 21:11:00.000,373.9
2026-04-08 21:12:00.000,385.5
2026-04-08 21:13:00.000,376.7
2026-04-08 21:14:00.000,384.8
2026-04-08 21:15:00.000,371.7
2026-04-08 21:16:00.000,392.6
2026-04-08 21:17:00.000,396.3
2026-04-08 21:18:00.000,389.9
2026-04-08 21:19:00.000,387.3
2026-04-08 21:20:00.000,364.9
2026-04-08 21:21:00.000,373.9
2026-04-08 21:22:00.000,396.6
2026-04-08 21:23:00.000,411.9
2026-04-08 21:24:00.000,396.2
2026-04-08 21:25:00.000,374.6
2026-04-08 21:26:00.000,388.3
2026-04-08 21:27:00.000,383.3
2026-04-08 21:28:00.000,388.3
2026-04-08 21:29:00.000,380.6
2026-04-08 21:30:00.000,386.5
2026-04-08 21:31:00.000,384.9
2026-04-08 21:32:00.000,380.0
2026-04-08 21:33:00.000,379.4
2026-04-08 21:34:00.000,383.9
2026-04-08 21:35:00.000,389.7
2026-04-08 21:36:00.000,387.1
2026-04-08 21:37:00.000,387.1
2026-04-08 21:38:00.000,383.6
2026-04-08 21:39:00.000,374.9
2026-04-08 21:40:00.000,374.6
2026-04-08 21:41:00.000,371.6
2026-04-08 21:42:00.000,372.8
2026-04-08 21:43:00.000,371.7
2026-04-08 21:44:00.000,371.4
2026-04-08 21:45:00.000,364.4
2026-04-08 21:46:00.000,365.5
2026-04-08 21:47:00.000,365.1
2026-04-08 21:48:00.000,375.5
2026-04-08 21:49:00.000,375.9
2026-04-08 21:50:00.000,378.5
2026-04-08 21:51:00.000,373.3
2026-04-08 21:52:00.000,369.6
2026-04-08 21:53:00.000,376.1
2026-04-08 21:54:00.000,378.3
2026-04-08 21:55:00.000,377.6
2026-04-08 21:56:00.000,374.9
2026-04-08 21:57:00.000,385.2
2026-04-08 21:58:00.000,392.6
2026-04-08 22:02:00.000,397.3
2026-04-08 22:03:00.000,397.9
2026-04-08 22:04:00.000,384.4
2026-04-08 22:05:00.000,376.5
2026-04-08 22:06:00.000,383.9
2026-04-08 22:07:00.000,390.8
2026-04-08 22:08:00.000,377.4
2026-04-08 22:09:00.000,373.1
2026-04-08 22:10:00.000,377.6
2026-04-08 22:11:00.000,392.2
2026-04-08 22:12:00.000,391.2
2026-04-08 22:13:00.000,377.1
2026-04-08 22:14:00.000,379.1
2026-04-08 22:15:00.000,379.0
2026-04-08 22:16:00.000,372.4
2026-04-08 22:17:00.000,375.6
2026-04-08 22:18:00.000,376.4
2026-04-08 22:19:00.000,376.4
2026-04-08 22:20:00.000,376.6
2026-04-08 22:21:00.000,377.1
2026-04-08 22:22:00.000,374.0
2026-04-08 22:23:00.000,376.3
2026-04-08 22:24:00.000,378.6
2026-04-08 22:25:00.000,378.6
2026-04-08 22:26:00.000,378.0
2026-04-08 22:27:00.000,378.2
2026-04-08 22:28:00.000,379.2
2026-04-08 22:29:00.000,379.3
2026-04-08 22:30:00.000,375.3
2026-04-08 22:31:00.000,374.2
2026-04-08 22:32:00.000,372.7
2026-04-08 22:33:00.000,360.8
2026-04-08 22:34:00.000,370.4
2026-04-08 22:35:00.000,360.7
2026-04-08 22:36:00.000,357.8
2026-04-08 22:37:00.000,366.5
2026-04-08 22:38:00.000,361.8
2026-04-08 22:39:00.000,358.8
2026-04-08 22:40:00.000,357.9
2026-04-08 22:41:00.000,362.5
2026-04-08 22:42:00.000,368.4
2026-04-08 22:43:00.000,369.3
2026-04-08 22:44:00.000,368.9
2026-04-08 22:45:00.000,368.0
2026-04-08 22:46:00.000,370.5
2026-04-08 22:47:00.000,367.2
2026-04-08 22:48:00.000,369.0
2026-04-08 22:49:00.000,370.6
2026-04-08 22:50:00.000,367.8
2026-04-08 22:51:00.000,373.2
2026-04-08 22:52:00.000,373.3
2026-04-08 22:53:00.000,371.2
2026-04-08 22:54:00.000,372.1
2026-04-08 22:55:00.000,372.3
2026-04-08 22:56:00.000,371.4
2026-04-08 22:57:00.000,372.0
2026-04-08 22:58:00.000,372.7
2026-04-08 22:59:00.000,358.4
2026-04-08 23:00:00.000,362.6
2026-04-08 23:01:00.000,371.9
2026-04-08 23:02:00.000,367.9
2026-04-08 23:03:00.000,356.1
2026-04-08 23:04:00.000,358.9
2026-04-08 23:05:00.000,370.1
2026-04-08 23:06:00.000,373.1
2026-04-08 23:07:00.000,370.4
2026-04-08 23:08:00.000,371.3
2026-04-08 23:09:00.000,372.4
2026-04-08 23:10:00.000,373.9
2026-04-08 23:11:00.000,375.7
2026-04-08 23:12:00.000,373.2
2026-04-08 23:13:00.000,372.3
2026-04-08 23:14:00.000,368.4
2026-04-08 23:15:00.000,366.7
2026-04-08 23:16:00.000,374.2
2026-04-08 23:17:00.000,368.6
2026-04-08 23:18:00.000,364.1
2026-04-08 23:19:00.000,371.2
2026-04-08 23:20:00.000,371.0
2026-04-08 23:21:00.000,366.6
2026-04-08 23:22:00.000,369.0
2026-04-08 23:23:00.000,369.2
2026-04-08 23:24:00.000,370.5
2026-04-08 23:25:00.000,367.9
2026-04-08 23:26:00.000,369.5
2026-04-08 23:27:00.000,374.3
2026-04-08 23:28:00.000,373.3
2026-04-08 23:29:00.000,373.5
2026-04-08 23:30:00.000,374.2
2026-04-08 23:31:00.000,371.6
2026-04-08 23:32:00.000,372.8
2026-04-08 23:33:00.000,372.5
2026-04-08 23:34:00.000,372.0
2026-04-08 23:35:00.000,373.6
2026-04-08 23:36:00.000,375.4
2026-04-08 23:37:00.000,374.8
2026-04-08 23:38:00.000,375.3
2026-04-08 23:39:00.000,372.0
2026-04-08 23:40:00.000,371.1
2026-04-08 23:41:00.000,373.0
2026-04-08 23:42:00.000,371.6
2026-04-08 23:43:00.000,373.3
2026-04-08 23:44:00.000,372.2
2026-04-08 23:45:00.000,373.0
2026-04-08 23:46:00.000,375.5
2026-04-08 23:47:00.000,375.1
2026-04-08 23:48:00.000,375.2
2026-04-08 23:49:00.000,376.8
2026-04-08 23:50:00.000,377.8
2026-04-08 23:51:00.000,376.9
2026-04-08 23:52:00.000,382.3
2026-04-08 23:53:00.000,376.8
2026-04-08 23:54:00.000,374.5
2026-04-08 23:55:00.000,374.3
2026-04-08 23:56:00.000,375.7
2026-04-08 23:57:00.000,375.6
2026-04-08 23:58:00.000,375.8
2026-04-08 23:59:00.000,372.8
2026-04-09 00:00:00.000,373.7
2026-04-09 00:01:00.000,378.0
2026-04-09 00:02:00.000,378.1
2026-04-09 00:03:00.000,376.9
2026-04-09 00:04:00.000,379.8
2026-04-09 00:05:00.000,375.7
2026-04-09 00:06:00.000,375.6
2026-04-09 00:07:00.000,374.4
2026-04-09 00:08:00.000,369.7
2026-04-09 00:09:00.000,373.5
2026-04-09 00:10:00.000,376.4
2026-04-09 00:11:00.000,372.3
2026-04-09 00:12:00.000,376.8
2026-04-09 00:13:00.000,379.3
2026-04-09 00:14:00.000,375.6
2026-04-09 00:15:00.000,372.6
2026-04-09 00:16:00.000,376.1
2026-04-09 00:17:00.000,384.9
2026-04-09 00:18:00.000,386.6
2026-04-09 00:19:00.000,378.8
2026-04-09 00:20:00.000,375.5
2026-04-09 00:21:00.000,377.5
2026-04-09 00:22:00.000,374.2
2026-04-09 00:23:00.000,371.6
2026-04-09 00:24:00.000,372.6
2026-04-09 00:25:00.000,377.5
2026-04-09 00:26:00.000,380.6
2026-04-09 00:27:00.000,373.6
2026-04-09 00:28:00.000,375.2
2026-04-09 00:29:00.000,375.0
2026-04-09 00:30:00.000,384.2
2026-04-09 00:31:00.000,378.2
2026-04-09 00:32:00.000,372.7
2026-04-09 00:33:00.000,374.6
2026-04-09 00:34:00.000,374.3
2026-04-09 00:35:00.000,372.7
2026-04-09 00:36:00.000,373.1
2026-04-09 00:37:00.000,370.4
2026-04-09 00:38:00.000,372.0
2026-04-09 00:39:00.000,371.7
2026-04-09 00:40:00.000,369.0
2026-04-09 00:41:00.000,371.2
2026-04-09 00:42:00.000,372.5
2026-04-09 00:43:00.000,376.9
2026-04-09 00:44:00.000,380.4
2026-04-09 00:45:00.000,384.7
2026-04-09 00:46:00.000,391.1
2026-04-09 00:47:00.000,385.9
2026-04-09 00:48:00.000,384.2
2026-04-09 00:49:00.000,383.0
2026-04-09 00:50:00.000,378.4
2026-04-09 00:51:00.000,378.9
2026-04-09 00:52:00.000,381.0
2026-04-09 00:53:00.000,383.3
2026-04-09 00:54:00.000,381.7
2026-04-09 00:55:00.000,376.0
2026-04-09 00:56:00.000,376.8
2026-04-09 00:57:00.000,376.1
2026-04-09 00:58:00.000,376.6
2026-04-09 00:59:00.000,374.4
2026-04-09 01:00:00.000,375.6
2026-04-09 01:01:00.000,374.8
2026-04-09 01:02:00.000,375.4
2026-04-09 01:03:00.000,376.5
2026-04-09 01:04:00.000,378.2
2026-04-09 01:05:00.000,377.3
2026-04-09 01:06:00.000,378.2
2026-04-09 01:07:00.000,380.2
2026-04-09 01:08:00.000,377.6
2026-04-09 01:09:00.000,378.1
2026-04-09 01:10:00.000,378.8
2026-04-09 01:11:00.000,368.1
2026-04-09 01:13:00.000,373.9
2026-04-09 01:14:00.000,373.7
2026-04-09 01:15:00.000,370.7
2026-04-09 01:16:00.000,368.6
2026-04-09 01:17:00.000,368.7
2026-04-09 01:18:00.000,373.4
2026-04-09 01:19:00.000,373.0
2026-04-09 01:20:00.000,371.4
2026-04-09 01:21:00.000,372.2
2026-04-09 01:22:00.000,372.8
2026-04-09 01:23:00.000,371.2
2026-04-09 01:24:00.000,369.1
2026-04-09 01:25:00.000,369.5
2026-04-09 01:26:00.000,371.6
2026-04-09 01:27:00.000,376.0
2026-04-09 01:28:00.000,372.4
2026-04-09 01:29:00.000,372.2
2026-04-09 01:30:00.000,370.8
2026-04-09 01:31:00.000,370.5
2026-04-09 01:32:00.000,371.2
2026-04-09 01:33:00.000,371.3
2026-04-09 01:34:00.000,372.4
2026-04-09 01:35:00.000,372.5
2026-04-09 01:36:00.000,371.8
2026-04-09 01:37:00.000,372.1
2026-04-09 01:38:00.000,372.5
2026-04-09 01:39:00.000,372.7
2026-04-09 01:40:00.000,373.3
2026-04-09 01:41:00.000,372.4
2026-04-09 01:42:00.000,373.0
2026-04-09 01:43:00.000,373.8
2026-04-09 01:45:00.000,371.3
2026-04-09 01:46:00.000,369.5
2026-04-09 01:47:00.000,370.1
2026-04-09 01:48:00.000,372.4
2026-04-09 01:49:00.000,372.2
2026-04-09 01:50:00.000,371.6
2026-04-09 01:51:00.000,372.6
2026-04-09 01:52:00.000,373.8
2026-04-09 01:53:00.000,375.3
2026-04-09 01:54:00.000,376.1
2026-04-09 01:55:00.000,374.2
2026-04-09 01:56:00.000,371.9
2026-04-09 01:57:00.000,372.7
2026-04-09 01:58:00.000,372.6
2026-04-09 01:59:00.000,373.1
2026-04-09 02:00:00.000,378.0
2026-04-09 02:01:00.000,374.0
2026-04-09 02:02:00.000,376.0
2026-04-09 02:03:00.000,375.6
2026-04-09 02:04:00.000,375.7
2026-04-09 02:05:00.000,371.9
2026-04-09 02:06:00.000,374.4
2026-04-09 02:07:00.000,376.7
2026-04-09 02:08:00.000,376.4
2026-04-09 02:09:00.000,373.6
2026-04-09 02:10:00.000,373.8
2026-04-09 02:11:00.000,374.2
2026-04-09 02:12:00.000,374.7
2026-04-09 02:13:00.000,375.5
2026-04-09 02:14:00.000,377.4
2026-04-09 02:15:00.000,379.3
2026-04-09 02:16:00.000,375.3
2026-04-09 02:18:00.000,377.2
2026-04-09 02:19:00.000,376.2
2026-04-09 02:20:00.000,377.8
2026-04-09 02:21:00.000,373.3
2026-04-09 02:22:00.000,375.3
2026-04-09 02:23:00.000,375.2
2026-04-09 02:24:00.000,375.8
2026-04-09 02:25:00.000,376.0
2026-04-09 02:26:00.000,374.8
2026-04-09 02:27:00.000,374.5
2026-04-09 02:28:00.000,376.1
2026-04-09 02:29:00.000,378.4
2026-04-09 02:30:00.000,378.3
2026-04-09 02:31:00.000,372.8
2026-04-09 02:32:00.000,373.8
2026-04-09 02:33:00.000,375.6
2026-04-09 02:34:00.000,371.9
2026-04-09 02:35:00.000,370.7
2026-04-09 02:36:00.000,368.6
2026-04-09 02:37:00.000,370.5
2026-04-09 02:38:00.000,374.3
2026-04-09 02:39:00.000,374.4
2026-04-09 02:40:00.000,373.7
2026-04-09 02:41:00.000,373.0
2026-04-09 02:42:00.000,372.2
2026-04-09 02:43:00.000,372.9
2026-04-09 02:44:00.000,372.2
2026-04-09 02:45:00.000,370.6
2026-04-09 02:46:00.000,371.1
2026-04-09 02:47:00.000,375.4
2026-04-09 02:48:00.000,377.1
2026-04-09 02:49:00.000,377.6
2026-04-09 02:51:00.000,374.9
2026-04-09 02:52:00.000,374.5
2026-04-09 02:53:00.000,388.3
2026-04-09 02:54:00.000,384.0
2026-04-09 02:55:00.000,378.2
2026-04-09 02:56:00.000,383.6
2026-04-09 02:57:00.000,384.3
2026-04-09 02:58:00.000,380.7
2026-04-09 02:59:00.000,380.8
2026-04-09 03:00:00.000,381.0
2026-04-09 03:01:00.000,378.4
2026-04-09 03:02:00.000,375.9
2026-04-09 03:03:00.000,377.4
2026-04-09 03:04:00.000,380.9
2026-04-09 03:05:00.000,380.5
2026-04-09 03:06:00.000,379.8
2026-04-09 03:07:00.000,378.8
2026-04-09 03:08:00.000,379.4
2026-04-09 03:09:00.000,381.0
2026-04-09 03:10:00.000,382.3
2026-04-09 03:11:00.000,384.3
2026-04-09 03:12:00.000,393.7
2026-04-09 03:13:00.000,386.9
2026-04-09 03:14:00.000,374.4
2026-04-09 03:15:00.000,376.3
2026-04-09 03:16:00.000,376.9
2026-04-09 03:17:00.000,374.6
2026-04-09 03:18:00.000,372.4
2026-04-09 03:19:00.000,378.9
2026-04-09 03:20:00.000,381.1
2026-04-09 03:21:00.000,380.9
2026-04-09 03:22:00.000,381.2
2026-04-09 03:23:00.000,381.2
2026-04-09 03:24:00.000,375.8
2026-04-09 03:25:00.000,375.5
2026-04-09 03:26:00.000,375.0
2026-04-09 03:27:00.000,378.0
2026-04-09 03:28:00.000,379.9
2026-04-09 03:29:00.000,387.8
2026-04-09 03:30:00.000,384.1
2026-04-09 03:31:00.000,377.1
2026-04-09 03:32:00.000,375.0
2026-04-09 03:33:00.000,378.1
2026-04-09 03:34:00.000,377.4
2026-04-09 03:35:00.000,374.5
2026-04-09 03:36:00.000,378.4
2026-04-09 03:37:00.000,380.3
2026-04-09 03:38:00.000,374.6
2026-04-09 03:39:00.000,375.1
2026-04-09 03:40:00.000,371.6
2026-04-09 03:41:00.000,376.9
2026-04-09 03:42:00.000,376.4
2026-04-09 03:43:00.000,373.4
2026-04-09 03:44:00.000,371.7
2026-04-09 03:45:00.000,371.5
2026-04-09 03:46:00.000,369.4
2026-04-09 03:47:00.000,367.7
2026-04-09 03:48:00.000,369.5
2026-04-09 03:49:00.000,370.6
2026-04-09 03:50:00.000,376.0
2026-04-09 03:51:00.000,374.8
2026-04-09 03:52:00.000,374.4
2026-04-09 03:53:00.000,372.2
2026-04-09 03:54:00.000,371.4
2026-04-09 03:55:00.000,368.3
2026-04-09 03:56:00.000,367.9
2026-04-09 03:57:00.000,353.9
2026-04-09 03:58:00.000,361.6
2026-04-09 04:00:00.000,376.3
2026-04-09 04:01:00.000,372.4
2026-04-09 04:02:00.000,367.2
2026-04-09 04:03:00.000,368.8
2026-04-09 04:04:00.000,373.9
2026-04-09 04:05:00.000,374.3
2026-04-09 04:06:00.000,376.9
2026-04-09 04:07:00.000,375.8
2026-04-09 04:08:00.000,385.8
2026-04-09 04:09:00.000,386.6
2026-04-09 04:10:00.000,383.9
2026-04-09 04:11:00.000,381.5
2026-04-09 04:12:00.000,381.6
2026-04-09 04:13:00.000,382.4
2026-04-09 04:14:00.000,382.1
2026-04-09 04:15:00.000,380.2
2026-04-09 04:16:00.000,379.9
2026-04-09 04:17:00.000,382.2
2026-04-09 04:18:00.000,381.6
2026-04-09 04:19:00.000,379.8
2026-04-09 04:20:00.000,383.0
2026-04-09 04:21:00.000,386.2
2026-04-09 04:22:00.000,388.9
2026-04-09 04:23:00.000,404.2
2026-04-09 04:24:00.000,404.3
2026-04-09 04:25:00.000,407.3
2026-04-09 04:26:00.000,401.6
2026-04-09 04:27:00.000,390.9
2026-04-09 04:28:00.000,386.5
2026-04-09 04:29:00.000,385.9
2026-04-09 04:30:00.000,396.0
2026-04-09 04:31:00.000,396.6
2026-04-09 04:32:00.000,399.4
2026-04-09 04:33:00.000,397.7
2026-04-09 04:34:00.000,393.6
2026-04-09 04:35:00.000,393.7
2026-04-09 04:36:00.000,394.1
2026-04-09 04:37:00.000,398.9
2026-04-09 04:38:00.000,410.1
2026-04-09 04:39:00.000,405.1
2026-04-09 04:40:00.000,402.3
2026-04-09 04:41:00.000,392.3
2026-04-09 04:42:00.000,388.7
2026-04-09 04:43:00.000,396.4
2026-04-09 04:44:00.000,388.3
2026-04-09 04:45:00.000,385.3
2026-04-09 04:46:00.000,385.0
2026-04-09 04:47:00.000,385.7
2026-04-09 04:48:00.000,390.5
2026-04-09 04:49:00.000,391.3
2026-04-09 04:50:00.000,382.4
2026-04-09 04:51:00.000,377.4
2026-04-09 04:52:00.000,383.7
2026-04-09 04:53:00.000,386.5
2026-04-09 04:54:00.000,387.4
2026-04-09 04:55:00.000,380.1
2026-04-09 04:56:00.000,374.1
2026-04-09 04:57:00.000,385.5
2026-04-09 04:58:00.000,377.6
2026-04-09 04:59:00.000,382.3
2026-04-09 05:00:00.000,371.9
2026-04-09 05:01:00.000,376.1
2026-04-09 05:02:00.000,378.0
2026-04-09 05:03:00.000,373.0
2026-04-09 05:04:00.000,377.7
2026-04-09 05:05:00.000,379.1
2026-04-09 05:06:00.000,378.3
2026-04-09 05:07:00.000,383.0
2026-04-09 05:08:00.000,384.0
2026-04-09 05:09:00.000,377.2
2026-04-09 05:10:00.000,383.6
2026-04-09 05:11:00.000,384.6
2026-04-09 05:12:00.000,387.1
2026-04-09 05:13:00.000,384.6
2026-04-09 05:14:00.000,370.4
2026-04-09 05:15:00.000,395.7
2026-04-09 05:16:00.000,393.7
2026-04-09 05:17:00.000,392.9
2026-04-09 05:18:00.000,381.9
2026-04-09 05:19:00.000,390.0
2026-04-09 05:20:00.000,395.5
2026-04-09 05:21:00.000,391.3
2026-04-09 05:22:00.000,387.8
2026-04-09 05:23:00.000,392.8
2026-04-09 05:24:00.000,400.3
2026-04-09 05:25:00.000,390.9
2026-04-09 05:26:00.000,384.7
2026-04-09 05:27:00.000,393.7
2026-04-09 05:28:00.000,390.1
2026-04-09 05:29:00.000,390.9
2026-04-09 05:30:00.000,395.8
2026-04-09 05:31:00.000,409.1
2026-04-09 05:32:00.000,390.2
2026-04-09 05:33:00.000,408.2
2026-04-09 05:34:00.000,412.3
2026-04-09 05:35:00.000,411.2
2026-04-09 05:36:00.000,382.1
2026-04-09 05:37:00.000,392.9
2026-04-09 05:38:00.000,408.3
2026-04-09 05:39:00.000,414.8
2026-04-09 05:40:00.000,406.6
2026-04-09 05:41:00.000,389.8
2026-04-09 05:42:00.000,401.7
2026-04-09 05:43:00.000,390.6
2026-04-09 05:44:00.000,390.7
2026-04-09 05:45:00.000,386.3
2026-04-09 05:46:00.000,374.9
2026-04-09 05:47:00.000,385.6
2026-04-09 05:48:00.000,386.0
2026-04-09 05:49:00.000,384.6
2026-04-09 05:50:00.000,376.0
2026-04-09 05:51:00.000,387.0
2026-04-09 05:52:00.000,393.5
2026-04-09 05:53:00.000,387.6
2026-04-09 05:54:00.000,378.2
2026-04-09 05:55:00.000,381.1
2026-04-09 05:56:00.000,381.6
2026-04-09 05:57:00.000,383.2
2026-04-09 05:58:00.000,385.1
2026-04-09 05:59:00.000,383.3
2026-04-09 06:00:00.000,381.3
2026-04-09 06:01:00.000,379.2
2026-04-09 06:02:00.000,378.4
2026-04-09 06:03:00.000,378.4
2026-04-09 06:04:00.000,370.9
2026-04-09 06:05:00.000,375.4
2026-04-09 06:06:00.000,383.9
2026-04-09 06:07:00.000,386.6
2026-04-09 06:08:00.000,386.5
2026-04-09 06:09:00.000,384.9
2026-04-09 06:10:00.000,386.6
2026-04-09 06:11:00.000,387.5
2026-04-09 06:12:00.000,381.3
2026-04-09 06:13:00.000,382.7
2026-04-09 06:14:00.000,386.1
2026-04-09 06:15:00.000,379.7
2026-04-09 06:16:00.000,383.0
2026-04-09 06:17:00.000,379.4
2026-04-09 06:18:00.000,373.2
2026-04-09 06:19:00.000,382.2
2026-04-09 06:20:00.000,382.5
2026-04-09 06:21:00.000,383.5
2026-04-09 06:22:00.000,372.2
2026-04-09 06:23:00.000,378.8
2026-04-09 06:24:00.000,385.0
2026-04-09 06:25:00.000,380.0
2026-04-09 06:26:00.000,372.9
2026-04-09 06:27:00.000,379.9
2026-04-09 06:28:00.000,395.0
2026-04-09 06:29:00.000,389.7
2026-04-09 06:30:00.000,387.9
2026-04-09 06:31:00.000,378.9
2026-04-09 06:32:00.000,385.7
2026-04-09 06:33:00.000,381.5
2026-04-09 06:34:00.000,382.7
2026-04-09 06:35:00.000,378.1
2026-04-09 06:36:00.000,372.1
2026-04-09 06:37:00.000,375.4
2026-04-09 06:38:00.000,378.3
2026-04-09 06:39:00.000,381.7
2026-04-09 06:40:00.000,375.5
2026-04-09 06:41:00.000,369.3
2026-04-09 06:42:00.000,384.5
2026-04-09 06:43:00.000,387.7
2026-04-09 06:44:00.000,388.2
2026-04-09 06:45:00.000,379.3
2026-04-09 06:46:00.000,388.8
2026-04-09 06:47:00.000,385.3
2026-04-09 06:48:00.000,381.5
2026-04-09 06:49:00.000,379.6
2026-04-09 06:50:00.000,379.2
2026-04-09 06:51:00.000,383.5
2026-04-09 06:52:00.000,382.1
2026-04-09 06:53:00.000,378.7
2026-04-09 06:54:00.000,374.6
2026-04-09 06:55:00.000,381.3
2026-04-09 06:56:00.000,387.6
2026-04-09 06:57:00.000,386.3
2026-04-09 06:58:00.000,381.6
2026-04-09 06:59:00.000,382.5
2026-04-09 07:00:00.000,390.3
2026-04-09 07:01:00.000,381.1
2026-04-09 07:02:00.000,381.9
2026-04-09 07:03:00.000,378.5
2026-04-09 07:04:00.000,394.2
2026-04-09 07:05:00.000,387.2
2026-04-09 07:06:00.000,384.4
2026-04-09 07:07:00.000,383.5
2026-04-09 07:08:00.000,377.1
2026-04-09 07:09:00.000,384.6
2026-04-09 07:10:00.000,387.8
2026-04-09 07:11:00.000,389.5
2026-04-09 07:12:00.000,382.9
2026-04-09 07:13:00.000,381.1
2026-04-09 07:15:00.000,381.4
2026-04-09 07:16:00.000,380.1
2026-04-09 07:17:00.000,379.7
2026-04-09 07:18:00.000,389.4
2026-04-09 07:19:00.000,392.5
2026-04-09 07:20:00.000,391.9
2026-04-09 07:21:00.000,382.3
2026-04-09 07:22:00.000,383.7
2026-04-09 07:23:00.000,379.6
2026-04-09 07:24:00.000,377.4
2026-04-09 07:25:00.000,376.1
2026-04-09 07:26:00.000,375.3
2026-04-09 07:27:00.000,379.7
2026-04-09 07:28:00.000,384.1
2026-04-09 07:32:00.000,379.0
2026-04-09 07:33:00.000,378.6
2026-04-09 07:34:00.000,381.4
2026-04-09 07:35:00.000,373.0
2026-04-09 07:36:00.000,381.2
2026-04-09 07:37:00.000,376.1
2026-04-09 07:38:00.000,375.9
2026-04-09 07:39:00.000,372.9
2026-04-09 07:40:00.000,372.0
2026-04-09 07:41:00.000,374.1
2026-04-09 07:42:00.000,375.1
2026-04-09 07:43:00.000,374.6
2026-04-09 07:44:00.000,368.7
2026-04-09 07:45:00.000,378.0
2026-04-09 07:46:00.000,381.4
2026-04-09 07:47:00.000,368.4
2026-04-09 07:48:00.000,371.4
2026-04-09 07:49:00.000,373.6
2026-04-09 07:50:00.000,380.2
2026-04-09 07:51:00.000,378.0
2026-04-09 07:52:00.000,384.2
2026-04-09 07:53:00.000,377.9
2026-04-09 07:54:00.000,384.3
2026-04-09 07:55:00.000,381.2
2026-04-09 07:56:00.000,377.7
2026-04-09 07:57:00.000,379.7
2026-04-09 07:58:00.000,375.3
2026-04-09 07:59:00.000,379.7
2026-04-09 08:00:00.000,380.8
2026-04-09 08:01:00.000,380.5
2026-04-09 08:02:00.000,375.7
2026-04-09 08:03:00.000,374.3
2026-04-09 08:04:00.000,384.8
2026-04-09 08:05:00.000,381.4
2026-04-09 08:06:00.000,379.2
2026-04-09 08:07:00.000,370.1
2026-04-09 08:08:00.000,384.9
2026-04-09 08:09:00.000,378.3
2026-04-09 08:10:00.000,380.6
2026-04-09 08:11:00.000,374.1
2026-04-09 08:12:00.000,380.2
2026-04-09 08:13:00.000,380.8
2026-04-09 08:14:00.000,381.1
2026-04-09 08:15:00.000,377.5
2026-04-09 08:16:00.000,371.8
2026-04-09 08:17:00.000,375.8
2026-04-09 08:18:00.000,383.4
2026-04-09 08:19:00.000,383.1
2026-04-09 08:20:00.000,380.7
2026-04-09 08:21:00.000,369.3
2026-04-09 08:22:00.000,371.4
2026-04-09 08:23:00.000,381.9
2026-04-09 08:24:00.000,382.3
2026-04-09 08:25:00.000,374.6
2026-04-09 08:26:00.000,379.3
2026-04-09 08:27:00.000,377.1
2026-04-09 08:28:00.000,376.9
2026-04-09 08:31:00.000,377.4
2026-04-09 08:32:00.000,378.0
2026-04-09 08:33:00.000,376.8
2026-04-09 08:34:00.000,371.5
2026-04-09 08:35:00.000,373.9
2026-04-09 08:36:00.000,383.1
2026-04-09 08:37:00.000,376.2
2026-04-09 08:38:00.000,375.8
2026-04-09 08:39:00.000,369.7
2026-04-09 08:40:00.000,377.1
2026-04-09 08:41:00.000,374.8
2026-04-09 08:42:00.000,374.9
2026-04-09 08:43:00.000,368.0
2026-04-09 08:44:00.000,378.1
2026-04-09 08:45:00.000,376.5
2026-04-09 08:46:00.000,376.6
2026-04-09 08:47:00.000,375.5
2026-04-09 08:48:00.000,373.5
2026-04-09 08:49:00.000,374.3
2026-04-09 08:50:00.000,375.9
2026-04-09 08:51:00.000,376.1
2026-04-09 08:52:00.000,371.6
2026-04-09 08:53:00.000,360.8
2026-04-09 08:54:00.000,370.9
2026-04-09 08:55:00.000,371.7
2026-04-09 08:56:00.000,378.4
2026-04-09 08:57:00.000,360.6
2026-04-09 08:58:00.000,371.5
2026-04-09 08:59:00.000,370.4
2026-04-09 09:00:00.000,372.6
2026-04-09 09:01:00.000,371.7
2026-04-09 09:02:00.000,374.1
2026-04-09 09:03:00.000,372.9
2026-04-09 09:04:00.000,372.0
2026-04-09 09:05:00.000,375.2
2026-04-09 09:06:00.000,375.9
2026-04-09 09:07:00.000,376.3
2026-04-09 09:08:00.000,379.4
2026-04-09 09:09:00.000,374.1
2026-04-09 09:10:00.000,374.7
2026-04-09 09:11:00.000,370.9
2026-04-09 09:12:00.000,376.6
2026-04-09 09:13:00.000,379.5
2026-04-09 09:14:00.000,370.7
2026-04-09 09:16:00.000,379.0
2026-04-09 09:17:00.000,374.5
2026-04-09 09:18:00.000,374.4
2026-04-09 09:19:00.000,373.9
2026-04-09 09:20:00.000,374.6
2026-04-09 09:21:00.000,375.1
2026-04-09 09:22:00.000,373.8
2026-04-09 09:23:00.000,373.1
2026-04-09 09:24:00.000,372.7
2026-04-09 09:25:00.000,374.1
2026-04-09 09:26:00.000,388.6
2026-04-09 09:27:00.000,373.5
2026-04-09 09:28:00.000,373.3
2026-04-09 09:29:00.000,366.8
2026-04-09 09:30:00.000,387.0
2026-04-09 09:31:00.000,386.6
2026-04-09 09:32:00.000,378.4
2026-04-09 09:33:00.000,374.8
2026-04-09 09:34:00.000,378.0
2026-04-09 09:35:00.000,378.6
2026-04-09 09:36:00.000,373.8
2026-04-09 09:37:00.000,373.3
2026-04-09 09:38:00.000,378.3
2026-04-09 09:39:00.000,382.6
2026-04-09 09:40:00.000,379.6
2026-04-09 09:41:00.000,367.3
2026-04-09 09:42:00.000,367.6
2026-04-09 09:43:00.000,359.1
2026-04-09 09:45:00.000,370.0
2026-04-09 09:46:00.000,370.6
2026-04-09 09:47:00.000,363.8
2026-04-09 09:48:00.000,370.8
2026-04-09 09:49:00.000,370.1
2026-04-09 09:50:00.000,370.9
2026-04-09 09:51:00.000,369.8
2026-04-09 09:52:00.000,368.9
2026-04-09 09:53:00.000,369.6
2026-04-09 09:54:00.000,370.7
2026-04-09 09:55:00.000,370.8
2026-04-09 09:56:00.000,367.4
2026-04-09 09:57:00.000,366.0
2026-04-09 09:58:00.000,377.5
2026-04-09 10:02:00.000,373.7
2026-04-09 10:03:00.000,372.5
2026-04-09 10:04:00.000,371.0
2026-04-09 10:05:00.000,370.9
2026-04-09 10:06:00.000,372.6
2026-04-09 10:07:00.000,369.0
2026-04-09 10:08:00.000,366.8
2026-04-09 10:09:00.000,367.2
2026-04-09 10:10:00.000,366.4
2026-04-09 10:11:00.000,366.8
2026-04-09 10:12:00.000,367.3
2026-04-09 10:13:00.000,362.9
2026-04-09 10:14:00.000,364.7
2026-04-09 10:15:00.000,360.5
2026-04-09 10:16:00.000,380.4
2026-04-09 10:17:00.000,365.9
2026-04-09 10:18:00.000,366.6
2026-04-09 10:19:00.000,357.8
2026-04-09 10:20:00.000,365.8
2026-04-09 10:21:00.000,365.1
2026-04-09 10:22:00.000,365.3
2026-04-09 10:23:00.000,366.5
2026-04-09 10:24:00.000,368.7
2026-04-09 10:25:00.000,375.0
2026-04-09 10:26:00.000,375.7
2026-04-09 10:27:00.000,369.0
2026-04-09 10:28:00.000,364.7
2026-04-09 10:29:00.000,361.2
2026-04-09 10:30:00.000,369.7
2026-04-09 10:31:00.000,365.9
2026-04-09 10:32:00.000,370.6
2026-04-09 10:34:00.000,359.3
2026-04-09 10:35:00.000,366.3
2026-04-09 10:36:00.000,360.0
2026-04-09 10:37:00.000,358.1
2026-04-09 10:38:00.000,362.1
2026-04-09 10:39:00.000,365.2
2026-04-09 10:40:00.000,363.7
2026-04-09 10:41:00.000,363.7
2026-04-09 10:42:00.000,366.5
2026-04-09 10:43:00.000,370.2
2026-04-09 10:44:00.000,370.0
2026-04-09 10:45:00.000,360.8
2026-04-09 10:46:00.000,362.3
2026-04-09 10:47:00.000,354.8
2026-04-09 10:48:00.000,371.7
2026-04-09 10:49:00.000,360.0
2026-04-09 10:50:00.000,364.1
2026-04-09 10:51:00.000,352.1
2026-04-09 10:52:00.000,370.9
2026-04-09 10:53:00.000,372.2
2026-04-09 10:54:00.000,366.0
2026-04-09 10:55:00.000,361.0
2026-04-09 10:56:00.000,363.5
2026-04-09 10:57:00.000,368.4
2026-04-09 10:58:00.000,372.8
2026-04-09 11:01:00.000,409.6
2026-04-09 11:02:00.000,422.9
2026-04-09 11:03:00.000,419.1
2026-04-09 11:04:00.000,412.1
2026-04-09 11:05:00.000,408.0
2026-04-09 11:07:00.000,382.4
2026-04-09 11:08:00.000,416.6
2026-04-09 11:09:00.000,410.6
2026-04-09 11:10:00.000,424.8
2026-04-09 11:11:00.000,419.9
2026-04-09 11:12:00.000,414.2
2026-04-09 11:13:00.000,404.0
2026-04-09 11:14:00.000,401.8
2026-04-09 11:15:00.000,408.7
2026-04-09 11:16:00.000,407.6
2026-04-09 11:17:00.000,404.1
2026-04-09 11:18:00.000,395.8
2026-04-09 11:19:00.000,421.4
2026-04-09 11:20:00.000,413.9
2026-04-09 11:21:00.000,412.5
2026-04-09 11:22:00.000,408.6
2026-04-09 11:23:00.000,396.4
2026-04-09 11:24:00.000,395.8
2026-04-09 11:25:00.000,411.3
2026-04-09 11:26:00.000,420.1
2026-04-09 11:27:00.000,402.1
2026-04-09 11:28:00.000,405.9
2026-04-09 11:29:00.000,418.1
2026-04-09 11:30:00.000,425.7
2026-04-09 11:31:00.000,408.3
2026-04-09 11:32:00.000,398.2
2026-04-09 11:33:00.000,419.4
2026-04-09 11:34:00.000,414.4
2026-04-09 11:35:00.000,410.6
2026-04-09 11:36:00.000,409.1
2026-04-09 11:37:00.000,411.2
2026-04-09 11:38:00.000,420.4
2026-04-09 11:39:00.000,420.7
2026-04-09 11:41:00.000,407.9
2026-04-09 11:42:00.000,411.7
2026-04-09 11:43:00.000,412.0
2026-04-09 11:44:00.000,408.1
2026-04-09 11:45:00.000,402.4
2026-04-09 11:46:00.000,403.0
2026-04-09 11:47:00.000,406.4
2026-04-09 11:48:00.000,401.3
2026-04-09 11:49:00.000,392.3
2026-04-09 11:50:00.000,383.2
2026-04-09 11:51:00.000,403.0
2026-04-09 11:52:00.000,397.1
2026-04-09 11:53:00.000,393.2
2026-04-09 11:54:00.000,393.2
2026-04-09 11:55:00.000,382.1
2026-04-09 11:56:00.000,385.1
2026-04-09 11:57:00.000,387.7
2026-04-09 11:58:00.000,382.1
2026-04-09 11:59:00.000,376.6
2026-04-09 12:00:00.000,386.6
2026-04-09 12:01:00.000,387.2
2026-04-09 12:02:00.000,379.7
2026-04-09 12:03:00.000,375.6
2026-04-09 12:04:00.000,371.5
2026-04-09 12:05:00.000,383.4
2026-04-09 12:06:00.000,384.8
2026-04-09 12:07:00.000,381.9
2026-04-09 12:09:00.000,381.3
2026-04-09 12:10:00.000,391.6
2026-04-09 12:11:00.000,391.0
2026-04-09 12:12:00.000,390.9
2026-04-09 12:13:00.000,375.2
2026-04-09 12:14:00.000,386.5
2026-04-09 12:15:00.000,380.1
2026-04-09 12:16:00.000,379.6
2026-04-09 12:17:00.000,374.4
2026-04-09 12:18:00.000,371.0
2026-04-09 12:19:00.000,376.9
2026-04-09 12:20:00.000,369.1
2026-04-09 12:21:00.000,361.9
2026-04-09 12:22:00.000,366.5
2026-04-09 12:23:00.000,378.1
2026-04-09 12:24:00.000,370.6
2026-04-09 12:25:00.000,378.8
2026-04-09 12:26:00.000,374.7
2026-04-09 12:27:00.000,362.0
2026-04-09 12:28:00.000,376.3
2026-04-09 12:29:00.000,378.0
2026-04-09 12:30:00.000,372.2
2026-04-09 12:31:00.000,364.9
2026-04-09 12:32:00.000,372.4
2026-04-09 12:33:00.000,377.6
2026-04-09 12:34:00.000,375.6
2026-04-09 12:35:00.000,374.2
2026-04-09 12:36:00.000,371.4
2026-04-09 12:37:00.000,373.7
2026-04-09 12:38:00.000,373.0
2026-04-09 12:39:00.000,374.6
2026-04-09 12:40:00.000,376.4
2026-04-09 12:41:00.000,372.5
2026-04-09 12:42:00.000,372.9
2026-04-09 12:43:00.000,375.1
2026-04-09 12:44:00.000,373.5
2026-04-09 12:46:00.000,367.6
2026-04-09 12:47:00.000,383.6
2026-04-09 12:48:00.000,393.4
2026-04-09 12:49:00.000,377.6
2026-04-09 12:50:00.000,372.6
2026-04-09 12:51:00.000,384.9
2026-04-09 12:52:00.000,379.7
2026-04-09 12:53:00.000,375.7
2026-04-09 12:54:00.000,372.3
2026-04-09 12:55:00.000,374.8
2026-04-09 12:56:00.000,369.6
2026-04-09 12:57:00.000,371.8
2026-04-09 12:58:00.000,369.8
2026-04-09 12:59:00.000,365.7
2026-04-09 13:00:00.000,386.9
2026-04-09 13:01:00.000,376.9
2026-04-09 13:02:00.000,371.1
2026-04-09 13:03:00.000,363.5
2026-04-09 13:04:00.000,367.4
2026-04-09 13:05:00.000,365.7
2026-04-09 13:06:00.000,356.1
2026-04-09 13:07:00.000,350.7
2026-04-09 13:08:00.000,347.0
2026-04-09 13:09:00.000,351.4
2026-04-09 13:10:00.000,354.5
2026-04-09 13:11:00.000,356.8
2026-04-09 13:12:00.000,363.1
2026-04-09 13:13:00.000,356.9
2026-04-09 13:14:00.000,363.4
2026-04-09 13:15:00.000,352.4
2026-04-09 13:16:00.000,354.9
2026-04-09 13:20:00.000,359.8
2026-04-09 13:21:00.000,352.9
2026-04-09 13:22:00.000,348.9
2026-04-09 13:23:00.000,355.9
2026-04-09 13:24:00.000,359.5
2026-04-09 13:25:00.000,355.4
2026-04-09 13:26:00.000,355.0
2026-04-09 13:27:00.000,355.6
2026-04-09 13:28:00.000,361.1
2026-04-09 13:29:00.000,362.5
2026-04-09 13:30:00.000,364.0
2026-04-09 13:31:00.000,354.8
2026-04-09 13:32:00.000,370.1
2026-04-09 13:33:00.000,366.5
2026-04-09 13:34:00.000,366.1
2026-04-09 13:35:00.000,363.0
2026-04-09 13:36:00.000,367.2
2026-04-09 13:37:00.000,369.2
2026-04-09 13:38:00.000,365.0
2026-04-09 13:39:00.000,357.9
2026-04-09 13:40:00.000,354.3
2026-04-09 13:41:00.000,367.3
2026-04-09 13:42:00.000,366.4
2026-04-09 13:43:00.000,364.6
2026-04-09 13:44:00.000,359.3
2026-04-09 13:45:00.000,365.7
2026-04-09 13:46:00.000,369.7
2026-04-09 13:47:00.000,367.5
2026-04-09 13:48:00.000,365.3
2026-04-09 13:49:00.000,369.9
2026-04-09 13:50:00.000,376.2
2026-04-09 13:51:00.000,378.3
2026-04-09 13:54:00.000,378.3
2026-04-09 13:55:00.000,382.9
2026-04-09 13:56:00.000,381.2
2026-04-09 13:57:00.000,379.2
2026-04-09 13:58:00.000,370.8
2026-04-09 13:59:00.000,383.8
2026-04-09 14:00:00.000,378.4
2026-04-09 14:01:00.000,373.3
2026-04-09 14:04:00.000,372.2
2026-04-09 14:05:00.000,372.9
2026-04-09 14:06:00.000,372.2
2026-04-09 14:07:00.000,372.1
2026-04-09 14:08:00.000,371.4
2026-04-09 14:09:00.000,372.1
2026-04-09 14:10:00.000,373.0
2026-04-09 14:11:00.000,373.0
2026-04-09 14:12:00.000,373.1
2026-04-09 14:13:00.000,371.6
2026-04-09 14:14:00.000,368.2
2026-04-09 14:15:00.000,368.5
2026-04-09 14:16:00.000,371.6
2026-04-09 14:17:00.000,368.1
2026-04-09 14:18:00.000,369.7
2026-04-09 14:19:00.000,365.9
2026-04-09 14:20:00.000,364.1
2026-04-09 14:21:00.000,364.5
2026-04-09 14:22:00.000,366.1
2026-04-09 14:25:00.000,367.4
2026-04-09 14:26:00.000,365.8
2026-04-09 14:27:00.000,363.3
2026-04-09 14:28:00.000,361.7
2026-04-09 14:29:00.000,357.2
2026-04-09 14:30:00.000,356.9
2026-04-09 14:31:00.000,355.7
2026-04-09 14:32:00.000,358.1
2026-04-09 14:33:00.000,360.3
2026-04-09 14:34:00.000,361.1
2026-04-09 14:35:00.000,358.8
2026-04-09 14:36:00.000,359.9
2026-04-09 14:37:00.000,358.7
2026-04-09 14:38:00.000,360.5
2026-04-09 14:39:00.000,359.8
2026-04-09 14:40:00.000,358.4
2026-04-09 14:41:00.000,356.3
2026-04-09 14:42:00.000,358.6
2026-04-09 14:43:00.000,362.6
2026-04-09 14:44:00.000,370.2
2026-04-09 14:45:00.000,368.4
2026-04-09 14:46:00.000,362.1
2026-04-09 14:47:00.000,362.1
2026-04-09 14:48:00.000,364.4
2026-04-09 14:49:00.000,364.5
2026-04-09 14:50:00.000,364.2
2026-04-09 14:51:00.000,362.2
2026-04-09 14:52:00.000,363.6
2026-04-09 14:53:00.000,362.9
2026-04-09 14:54:00.000,360.4
2026-04-09 14:55:00.000,362.0
2026-04-09 14:58:00.000,367.5
2026-04-09 14:59:00.000,364.6
2026-04-09 15:00:00.000,365.7
2026-04-09 15:01:00.000,366.5
2026-04-09 15:02:00.000,360.3
2026-04-09 15:03:00.000,355.1
2026-04-09 15:04:00.000,361.3
2026-04-09 15:05:00.000,364.3
2026-04-09 15:06:00.000,360.5
2026-04-09 15:07:00.000,360.5
2026-04-09 15:08:00.000,354.8
2026-04-09 15:09:00.000,357.0
2026-04-09 15:10:00.000,358.3
2026-04-09 15:11:00.000,352.4
2026-04-09 15:12:00.000,349.8
2026-04-09 15:13:00.000,352.6
2026-04-09 15:14:00.000,354.7
2026-04-09 15:15:00.000,354.3
2026-04-09 15:16:00.000,352.8
2026-04-09 15:17:00.000,350.3
2026-04-09 15:18:00.000,348.5
2026-04-09 15:19:00.000,346.1
2026-04-09 15:20:00.000,344.4
2026-04-09 15:21:00.000,347.6
2026-04-09 15:22:00.000,353.8
2026-04-09 15:23:00.000,358.0
2026-04-09 15:24:00.000,349.9
2026-04-09 15:25:00.000,346.4
2026-04-09 15:26:00.000,346.2
2026-04-09 15:27:00.000,351.0
2026-04-09 15:28:00.000,356.8
2026-04-09 15:31:00.000,356.9
2026-04-09 15:32:00.000,355.5
2026-04-09 15:33:00.000,351.2
2026-04-09 15:34:00.000,347.4
2026-04-09 15:35:00.000,349.0
2026-04-09 15:36:00.000,355.5
2026-04-09 15:37:00.000,353.7
2026-04-09 15:38:00.000,346.5
2026-04-09 15:39:00.000,352.9
2026-04-09 15:40:00.000,354.0
2026-04-09 15:41:00.000,353.8
2026-04-09 15:42:00.000,356.1
2026-04-09 15:43:00.000,351.3
2026-04-09 15:45:00.000,354.1
2026-04-09 15:46:00.000,360.9
2026-04-09 15:47:00.000,362.4
2026-04-09 15:48:00.000,350.0
2026-04-09 15:49:00.000,352.5
2026-04-09 15:50:00.000,356.6
2026-04-09 15:51:00.000,356.5
2026-04-09 15:52:00.000,352.8
2026-04-09 15:53:00.000,351.9
2026-04-09 15:54:00.000,352.7
2026-04-09 15:55:00.000,352.4
2026-04-09 15:56:00.000,352.3
2026-04-09 15:57:00.000,354.6
2026-04-09 15:58:00.000,355.5
2026-04-09 16:04:00.000,348.2
2026-04-09 16:05:00.000,348.3
2026-04-09 16:06:00.000,348.7
2026-04-09 16:07:00.000,349.4
2026-04-09 16:08:00.000,350.2
2026-04-09 16:09:00.000,370.8
2026-04-09 16:10:00.000,350.8
2026-04-09 16:11:00.000,352.5
2026-04-09 16:12:00.000,353.7
2026-04-09 16:13:00.000,357.3
2026-04-09 16:15:00.000,348.8
2026-04-09 16:16:00.000,348.6
2026-04-09 16:17:00.000,350.7
2026-04-09 16:18:00.000,353.2
2026-04-09 16:19:00.000,352.1
2026-04-09 16:20:00.000,349.6
2026-04-09 16:21:00.000,349.6
2026-04-09 16:22:00.000,350.7
2026-04-09 16:23:00.000,348.5
2026-04-09 16:24:00.000,346.0
2026-04-09 16:25:00.000,355.8
2026-04-09 16:26:00.000,350.5
2026-04-09 16:27:00.000,350.6
2026-04-09 16:28:00.000,350.3
2026-04-09 16:30:00.000,356.5
2026-04-09 16:31:00.000,358.4
2026-04-09 16:32:00.000,370.3
2026-04-09 16:33:00.000,368.1
2026-04-09 16:34:00.000,357.8
2026-04-09 16:35:00.000,358.1
2026-04-09 16:37:00.000,362.2
2026-04-09 16:38:00.000,362.1
2026-04-09 16:39:00.000,361.6
2026-04-09 16:40:00.000,364.8
2026-04-09 16:41:00.000,362.8
2026-04-09 16:42:00.000,361.9
2026-04-09 16:43:00.000,362.9
2026-04-09 16:45:00.000,369.8
2026-04-09 16:46:00.000,363.3
2026-04-09 16:47:00.000,357.3
2026-04-09 16:48:00.000,363.2
2026-04-09 16:49:00.000,368.1
2026-04-09 16:50:00.000,365.2
2026-04-09 16:51:00.000,360.5
2026-04-09 16:52:00.000,357.1
2026-04-09 16:53:00.000,359.6
2026-04-09 16:54:00.000,359.6
2026-04-09 16:55:00.000,360.0
2026-04-09 16:56:00.000,360.2
2026-04-09 16:57:00.000,361.0
2026-04-09 16:58:00.000,371.6
2026-04-09 16:59:00.000,367.5
2026-04-09 17:00:00.000,380.0
2026-04-09 17:01:00.000,378.5
2026-04-09 17:02:00.000,378.5
2026-04-09 17:03:00.000,371.9
2026-04-09 17:04:00.000,364.9
2026-04-09 17:05:00.000,363.5
2026-04-09 17:06:00.000,361.8
2026-04-09 17:07:00.000,359.7
2026-04-09 17:08:00.000,361.9
2026-04-09 17:10:00.000,360.7
2026-04-09 17:11:00.000,360.2
2026-04-09 17:12:00.000,356.0
2026-04-09 17:13:00.000,360.4
2026-04-09 17:14:00.000,351.7
2026-04-09 17:15:00.000,360.4
2026-04-09 17:16:00.000,361.4
2026-04-09 17:17:00.000,361.8
2026-04-09 17:18:00.000,361.5
2026-04-09 17:19:00.000,362.8
2026-04-09 17:20:00.000,362.6
2026-04-09 17:21:00.000,363.3
2026-04-09 17:22:00.000,364.9
2026-04-09 17:23:00.000,364.2
2026-04-09 17:24:00.000,363.1
2026-04-09 17:26:00.000,367.6
2026-04-09 17:27:00.000,361.9
2026-04-09 17:28:00.000,359.0
2026-04-09 17:29:00.000,373.5
2026-04-09 17:30:00.000,370.7
2026-04-09 17:31:00.000,367.4
2026-04-09 17:32:00.000,364.7
2026-04-09 17:33:00.000,364.6
2026-04-09 17:34:00.000,364.0
2026-04-09 17:35:00.000,365.2
2026-04-09 17:36:00.000,364.6
2026-04-09 17:37:00.000,361.6
2026-04-09 17:38:00.000,365.2
2026-04-09 17:39:00.000,371.3
2026-04-09 17:40:00.000,368.4
2026-04-09 17:41:00.000,362.9
2026-04-09 17:42:00.000,353.0
2026-04-09 17:43:00.000,370.1
2026-04-09 17:44:00.000,370.0
2026-04-09 17:45:00.000,366.7
2026-04-09 17:46:00.000,354.8
2026-04-09 17:47:00.000,368.1
2026-04-09 17:48:00.000,364.9
2026-04-09 17:49:00.000,364.1
2026-04-09 17:50:00.000,361.9
2026-04-09 17:51:00.000,362.7
2026-04-09 17:52:00.000,364.3
2026-04-09 17:53:00.000,362.2
2026-04-09 17:54:00.000,363.2
2026-04-09 17:55:00.000,357.1
2026-04-09 17:56:00.000,356.2
2026-04-09 17:57:00.000,358.7
2026-04-09 17:58:00.000,374.8
2026-04-09 17:59:00.000,376.5
2026-04-09 18:00:00.000,358.6
2026-04-09 18:01:00.000,362.9
2026-04-09 18:02:00.000,365.1
2026-04-09 18:03:00.000,364.2
2026-04-09 18:04:00.000,361.5
2026-04-09 18:05:00.000,369.0
2026-04-09 18:06:00.000,366.6
2026-04-09 18:07:00.000,371.1
2026-04-09 18:08:00.000,371.4
2026-04-09 18:09:00.000,372.3
2026-04-09 18:10:00.000,381.9
2026-04-09 18:11:00.000,385.9
2026-04-09 18:12:00.000,374.8
2026-04-09 18:13:00.000,372.5
2026-04-09 18:14:00.000,366.8
2026-04-09 18:15:00.000,374.7
2026-04-09 18:18:00.000,353.0
2026-04-09 18:19:00.000,367.7
2026-04-09 18:20:00.000,366.6
2026-04-09 18:21:00.000,371.4
2026-04-09 18:22:00.000,369.1
2026-04-09 18:23:00.000,380.4
2026-04-09 18:24:00.000,367.8
2026-04-09 18:25:00.000,363.7
2026-04-09 18:26:00.000,366.1
2026-04-09 18:27:00.000,359.1
2026-04-09 18:28:00.000,357.6
2026-04-09 18:29:00.000,365.8
2026-04-09 18:30:00.000,369.5
2026-04-09 18:31:00.000,374.0
2026-04-09 18:32:00.000,360.0
2026-04-09 18:33:00.000,364.5
2026-04-09 18:34:00.000,372.5
2026-04-09 18:35:00.000,375.5
2026-04-09 18:36:00.000,369.0
2026-04-09 18:37:00.000,369.9
2026-04-09 18:38:00.000,369.3
2026-04-09 18:39:00.000,363.0
2026-04-09 18:40:00.000,359.3
2026-04-09 18:41:00.000,356.3
2026-04-09 18:42:00.000,356.5
2026-04-09 18:43:00.000,357.1
2026-04-09 18:44:00.000,356.9
2026-04-09 18:45:00.000,355.2
2026-04-09 18:46:00.000,355.8
2026-04-09 18:47:00.000,362.4
2026-04-09 18:48:00.000,359.4
2026-04-09 18:50:00.000,346.4
2026-04-09 18:51:00.000,355.6
2026-04-09 18:52:00.000,356.6
2026-04-09 18:53:00.000,357.9
2026-04-09 18:54:00.000,354.9
2026-04-09 18:55:00.000,362.2
2026-04-09 18:56:00.000,364.6
2026-04-09 18:57:00.000,363.7
2026-04-09 18:58:00.000,363.8
2026-04-09 19:00:00.000,363.1
2026-04-09 19:01:00.000,364.0
2026-04-09 19:02:00.000,367.2
2026-04-09 19:03:00.000,361.0
2026-04-09 19:04:00.000,347.1
2026-04-09 19:05:00.000,362.8
2026-04-09 19:06:00.000,360.6
2026-04-09 19:07:00.000,360.6
2026-04-09 19:08:00.000,351.8
2026-04-09 19:09:00.000,378.2
2026-04-09 19:10:00.000,383.1
2026-04-09 19:11:00.000,379.9
2026-04-09 19:12:00.000,373.2
2026-04-09 19:13:00.000,377.2
2026-04-09 19:14:00.000,380.7
2026-04-09 19:15:00.000,374.2
2026-04-09 19:16:00.000,370.7
2026-04-09 19:17:00.000,363.6
2026-04-09 19:18:00.000,365.9
2026-04-09 19:19:00.000,366.5
2026-04-09 19:20:00.000,359.8
2026-04-09 19:21:00.000,362.5
2026-04-09 19:23:00.000,357.8
2026-04-09 19:24:00.000,367.0
2026-04-09 19:25:00.000,362.8
2026-04-09 19:26:00.000,356.7
2026-04-09 19:27:00.000,363.7
2026-04-09 19:28:00.000,366.9
2026-04-09 19:29:00.000,363.6
2026-04-09 19:30:00.000,361.7
2026-04-09 19:31:00.000,363.1
2026-04-09 19:32:00.000,364.0
2026-04-09 19:33:00.000,360.4
2026-04-09 19:34:00.000,364.5
2026-04-09 19:35:00.000,363.4
2026-04-09 19:36:00.000,355.9
2026-04-09 19:37:00.000,362.9
2026-04-09 19:38:00.000,365.8
2026-04-09 19:39:00.000,367.6
2026-04-09 19:40:00.000,357.2
2026-04-09 19:41:00.000,363.5
2026-04-09 19:42:00.000,361.6
2026-04-09 19:43:00.000,361.5
2026-04-09 19:44:00.000,356.6
2026-04-09 19:45:00.000,360.3
2026-04-09 19:46:00.000,365.3
2026-04-09 19:47:00.000,360.1
2026-04-09 19:48:00.000,357.5
2026-04-09 19:49:00.000,359.5
2026-04-09 19:50:00.000,359.6
2026-04-09 19:51:00.000,357.7
2026-04-09 19:52:00.000,353.6
2026-04-09 19:53:00.000,354.1
2026-04-09 19:54:00.000,346.4
2026-04-09 19:55:00.000,346.2
2026-04-09 19:57:00.000,363.4
2026-04-09 19:58:00.000,352.7
2026-04-09 19:59:00.000,358.8
2026-04-09 20:00:00.000,362.5
2026-04-09 20:01:00.000,360.8
2026-04-09 20:02:00.000,359.7
2026-04-09 20:03:00.000,362.6
2026-04-09 20:04:00.000,366.0
2026-04-09 20:05:00.000,355.2
2026-04-09 20:06:00.000,353.3
2026-04-09 20:07:00.000,350.9
2026-04-09 20:09:00.000,358.2
2026-04-09 20:10:00.000,360.5
2026-04-09 20:11:00.000,359.2
2026-04-09 20:12:00.000,348.0
2026-04-09 20:13:00.000,365.0
2026-04-09 20:14:00.000,364.6
2026-04-09 20:15:00.000,359.2
2026-04-09 20:16:00.000,354.6
2026-04-09 20:17:00.000,355.4
2026-04-09 20:18:00.000,358.7
2026-04-09 20:19:00.000,360.7
2026-04-09 20:20:00.000,360.5
2026-04-09 20:21:00.000,356.2
2026-04-09 20:22:00.000,365.0
2026-04-09 20:23:00.000,362.0
2026-04-09 20:24:00.000,361.4
2026-04-09 20:25:00.000,355.0
2026-04-09 20:26:00.000,349.8
2026-04-09 20:27:00.000,355.1
2026-04-09 20:28:00.000,355.1
2026-04-09 20:30:00.000,346.3
2026-04-09 20:31:00.000,354.9
2026-04-09 20:32:00.000,359.3
2026-04-09 20:33:00.000,355.9
2026-04-09 20:34:00.000,348.3
2026-04-09 20:35:00.000,350.9
2026-04-09 20:36:00.000,364.8
2026-04-09 20:37:00.000,359.5
2026-04-09 20:38:00.000,351.4
2026-04-09 20:39:00.000,349.4
2026-04-09 20:40:00.000,354.2
2026-04-09 20:41:00.000,350.4
2026-04-09 20:42:00.000,350.7
2026-04-09 20:43:00.000,354.4
2026-04-09 20:44:00.000,352.7
2026-04-09 20:45:00.000,360.6
2026-04-09 20:46:00.000,357.5
2026-04-09 20:47:00.000,355.8
2026-04-09 20:48:00.000,349.9
2026-04-09 20:49:00.000,356.6
2026-04-09 20:50:00.000,365.8
2026-04-09 20:51:00.000,360.5
2026-04-09 20:52:00.000,354.3
2026-04-09 20:53:00.000,353.6
2026-04-09 20:54:00.000,370.0
2026-04-09 20:55:00.000,390.4
2026-04-09 20:56:00.000,363.5
2026-04-09 20:57:00.000,354.8
2026-04-09 20:58:00.000,359.7
2026-04-09 20:59:00.000,362.6
2026-04-09 21:00:00.000,368.7
2026-04-09 21:01:00.000,369.8
2026-04-09 21:02:00.000,354.7
2026-04-09 21:03:00.000,361.2
2026-04-09 21:04:00.000,363.0
2026-04-09 21:05:00.000,362.4
2026-04-09 21:06:00.000,357.8
2026-04-09 21:07:00.000,356.3
2026-04-09 21:08:00.000,367.0
2026-04-09 21:09:00.000,367.8
2026-04-09 21:10:00.000,366.0
2026-04-09 21:11:00.000,352.6
2026-04-09 21:12:00.000,366.4
2026-04-09 21:13:00.000,364.8
2026-04-09 21:14:00.000,367.4
2026-04-09 21:15:00.000,358.0
2026-04-09 21:16:00.000,356.6
2026-04-09 21:17:00.000,364.0
2026-04-09 21:18:00.000,364.9
2026-04-09 21:19:00.000,365.6
2026-04-09 21:20:00.000,358.2
2026-04-09 21:21:00.000,355.6
2026-04-09 21:22:00.000,364.0
2026-04-09 21:23:00.000,373.1
2026-04-09 21:24:00.000,373.0
2026-04-09 21:25:00.000,367.6
2026-04-09 21:26:00.000,383.7
2026-04-09 21:27:00.000,368.6
2026-04-09 21:28:00.000,385.9
2026-04-09 21:29:00.000,360.0
2026-04-09 21:30:00.000,380.4
2026-04-09 21:31:00.000,387.8
2026-04-09 21:32:00.000,371.1
2026-04-09 21:33:00.000,367.2
2026-04-09 21:34:00.000,367.1
2026-04-09 21:35:00.000,365.4
2026-04-09 21:36:00.000,374.2
2026-04-09 21:37:00.000,379.4
2026-04-09 21:38:00.000,370.9
2026-04-09 21:39:00.000,368.9
2026-04-09 21:40:00.000,380.2
2026-04-09 21:41:00.000,379.3
2026-04-09 21:42:00.000,378.8
2026-04-09 21:43:00.000,360.2
2026-04-09 21:44:00.000,386.9
2026-04-09 21:45:00.000,390.5
2026-04-09 21:46:00.000,388.0
2026-04-09 21:47:00.000,372.2
2026-04-09 21:48:00.000,373.2
2026-04-09 21:49:00.000,375.9
2026-04-09 21:50:00.000,385.3
2026-04-09 21:51:00.000,386.0
2026-04-09 21:52:00.000,377.7
2026-04-09 21:53:00.000,383.0
2026-04-09 21:54:00.000,386.9
2026-04-09 21:55:00.000,384.2
2026-04-09 21:56:00.000,386.6
2026-04-09 21:57:00.000,372.6
2026-04-09 21:58:00.000,379.9
2026-04-09 22:01:00.000,376.7
2026-04-09 22:02:00.000,380.5
2026-04-09 22:03:00.000,375.0
2026-04-09 22:04:00.000,377.2
2026-04-09 22:05:00.000,371.2
2026-04-09 22:06:00.000,377.3
2026-04-09 22:07:00.000,380.7
2026-04-09 22:08:00.000,384.0
2026-04-09 22:09:00.000,381.6
2026-04-09 22:10:00.000,371.9
2026-04-09 22:11:00.000,370.8
2026-04-09 22:12:00.000,385.3
2026-04-09 22:13:00.000,383.3
2026-04-09 22:14:00.000,375.5
2026-04-09 22:15:00.000,366.0
2026-04-09 22:16:00.000,383.8
2026-04-09 22:17:00.000,376.7
2026-04-09 22:18:00.000,377.3
2026-04-09 22:19:00.000,365.3
2026-04-09 22:20:00.000,374.2
2026-04-09 22:21:00.000,355.9
2026-04-09 22:22:00.000,378.9
2026-04-09 22:23:00.000,377.0
2026-04-09 22:24:00.000,370.9
2026-04-09 22:25:00.000,370.4
2026-04-09 22:26:00.000,374.0
2026-04-09 22:27:00.000,377.5
2026-04-09 22:28:00.000,373.2
2026-04-09 22:29:00.000,369.7
2026-04-09 22:30:00.000,368.4
2026-04-09 22:31:00.000,370.5
2026-04-09 22:32:00.000,372.5
2026-04-09 22:33:00.000,374.4
2026-04-09 22:34:00.000,390.2
2026-04-09 22:35:00.000,377.5
2026-04-09 22:36:00.000,383.1
2026-04-09 22:37:00.000,373.2
2026-04-09 22:38:00.000,369.3
2026-04-09 22:39:00.000,371.9
2026-04-09 22:40:00.000,373.5
2026-04-09 22:41:00.000,374.9
2026-04-09 22:42:00.000,375.8
2026-04-09 22:43:00.000,375.3
2026-04-09 22:44:00.000,374.5
2026-04-09 22:45:00.000,376.6
2026-04-09 22:46:00.000,380.6
2026-04-09 22:47:00.000,373.1
2026-04-09 22:48:00.000,368.2
2026-04-09 22:49:00.000,372.5
2026-04-09 22:50:00.000,370.0
2026-04-09 22:51:00.000,366.9
2026-04-09 22:52:00.000,366.6
2026-04-09 22:53:00.000,371.5
2026-04-09 22:54:00.000,373.0
2026-04-09 22:55:00.000,371.8
2026-04-09 22:56:00.000,368.2
2026-04-09 22:57:00.000,367.6
2026-04-09 22:58:00.000,370.1
2026-04-09 22:59:00.000,371.9
2026-04-09 23:00:00.000,372.6
2026-04-09 23:01:00.000,370.0
2026-04-09 23:02:00.000,367.5
2026-04-09 23:03:00.000,371.9
2026-04-09 23:04:00.000,371.1
2026-04-09 23:05:00.000,371.8
2026-04-09 23:06:00.000,368.8
2026-04-09 23:07:00.000,371.2
2026-04-09 23:08:00.000,370.9
2026-04-09 23:09:00.000,372.1
2026-04-09 23:10:00.000,370.4
2026-04-09 23:11:00.000,371.5
2026-04-09 23:12:00.000,372.7
2026-04-09 23:13:00.000,372.8
2026-04-09 23:14:00.000,369.9
2026-04-09 23:15:00.000,371.3
2026-04-09 23:16:00.000,373.3
2026-04-09 23:17:00.000,372.7
2026-04-09 23:18:00.000,373.5
2026-04-09 23:19:00.000,370.0
2026-04-09 23:20:00.000,370.9
2026-04-09 23:21:00.000,377.5
2026-04-09 23:22:00.000,374.3
2026-04-09 23:23:00.000,375.1
2026-04-09 23:24:00.000,372.9
2026-04-09 23:25:00.000,376.0
2026-04-09 23:26:00.000,373.8
2026-04-09 23:27:00.000,369.9
2026-04-09 23:28:00.000,368.9
2026-04-09 23:29:00.000,373.3
2026-04-09 23:30:00.000,374.4
2026-04-09 23:31:00.000,372.0
2026-04-09 23:32:00.000,375.7
2026-04-09 23:33:00.000,374.7
2026-04-09 23:34:00.000,368.2
2026-04-09 23:35:00.000,370.0
2026-04-09 23:36:00.000,371.4
2026-04-09 23:37:00.000,373.7
2026-04-09 23:38:00.000,370.0
2026-04-09 23:39:00.000,371.5
2026-04-09 23:40:00.000,371.5
2026-04-09 23:41:00.000,368.8
2026-04-09 23:42:00.000,348.2
2026-04-09 23:43:00.000,359.1
2026-04-09 23:44:00.000,368.6
2026-04-09 23:45:00.000,367.3
2026-04-09 23:46:00.000,367.5
2026-04-09 23:47:00.000,372.7
2026-04-09 23:48:00.000,380.0
2026-04-09 23:49:00.000,396.1
2026-04-09 23:50:00.000,378.2
2026-04-09 23:51:00.000,377.8
2026-04-09 23:52:00.000,373.7
2026-04-09 23:53:00.000,377.4
2026-04-09 23:54:00.000,377.6
2026-04-09 23:55:00.000,372.0
2026-04-09 23:56:00.000,376.7
2026-04-09 23:57:00.000,379.7
2026-04-09 23:58:00.000,379.8
2026-04-09 23:59:00.000,378.1
2026-04-10 00:00:00.000,375.9
2026-04-10 00:01:00.000,377.8
2026-04-10 00:02:00.000,379.2
2026-04-10 00:03:00.000,376.9
2026-04-10 00:04:00.000,375.3
2026-04-10 00:05:00.000,373.8
2026-04-10 00:06:00.000,377.8
2026-04-10 00:07:00.000,378.6
2026-04-10 00:08:00.000,391.9
2026-04-10 00:09:00.000,384.6
2026-04-10 00:10:00.000,383.0
2026-04-10 00:11:00.000,389.1
2026-04-10 00:12:00.000,385.7
2026-04-10 00:13:00.000,383.5
2026-04-10 00:14:00.000,387.4
2026-04-10 00:15:00.000,390.4
2026-04-10 00:16:00.000,384.1
2026-04-10 00:17:00.000,380.5
2026-04-10 00:18:00.000,379.9
2026-04-10 00:19:00.000,375.9
2026-04-10 00:20:00.000,379.1
2026-04-10 00:21:00.000,377.9
2026-04-10 00:22:00.000,374.5
2026-04-10 00:23:00.000,378.8
2026-04-10 00:25:00.000,378.1
2026-04-10 00:26:00.000,379.8
2026-04-10 00:27:00.000,374.7
2026-04-10 00:28:00.000,376.1
2026-04-10 00:29:00.000,388.9
2026-04-10 00:30:00.000,385.9
2026-04-10 00:31:00.000,380.2
2026-04-10 00:32:00.000,375.9
2026-04-10 00:33:00.000,375.7
2026-04-10 00:34:00.000,378.3
2026-04-10 00:35:00.000,378.5
2026-04-10 00:36:00.000,380.8
2026-04-10 00:37:00.000,380.1
2026-04-10 00:38:00.000,376.8
2026-04-10 00:39:00.000,373.9
2026-04-10 00:40:00.000,377.2
2026-04-10 00:41:00.000,377.6
2026-04-10 00:42:00.000,374.0
2026-04-10 00:43:00.000,370.5
2026-04-10 00:44:00.000,377.7
2026-04-10 00:45:00.000,357.3
2026-04-10 00:46:00.000,355.6
2026-04-10 00:47:00.000,360.4
2026-04-10 00:48:00.000,365.2
2026-04-10 00:49:00.000,366.3
2026-04-10 00:50:00.000,357.5
2026-04-10 00:51:00.000,351.6
2026-04-10 00:52:00.000,358.2
2026-04-10 00:53:00.000,351.7
2026-04-10 00:54:00.000,353.5
2026-04-10 00:55:00.000,362.3
2026-04-10 00:56:00.000,364.2
2026-04-10 00:57:00.000,367.8
2026-04-10 00:58:00.000,376.7
2026-04-10 00:59:00.000,362.8
2026-04-10 01:00:00.000,364.5
2026-04-10 01:01:00.000,370.8
2026-04-10 01:02:00.000,374.8
2026-04-10 01:03:00.000,368.4
2026-04-10 01:04:00.000,367.2
2026-04-10 01:05:00.000,368.3
2026-04-10 01:06:00.000,368.0
2026-04-10 01:07:00.000,367.6
2026-04-10 01:08:00.000,366.7
2026-04-10 01:09:00.000,371.4
2026-04-10 01:10:00.000,375.1
2026-04-10 01:11:00.000,374.6
2026-04-10 01:12:00.000,370.5
2026-04-10 01:13:00.000,376.3
2026-04-10 01:14:00.000,369.2
2026-04-10 01:15:00.000,375.9
2026-04-10 01:16:00.000,376.6
2026-04-10 01:17:00.000,387.6
2026-04-10 01:18:00.000,383.9
2026-04-10 01:19:00.000,386.5
2026-04-10 01:20:00.000,398.9
2026-04-10 01:21:00.000,397.3
2026-04-10 01:22:00.000,386.3
2026-04-10 01:23:00.000,384.2
2026-04-10 01:24:00.000,381.0
2026-04-10 01:25:00.000,381.6
2026-04-10 01:26:00.000,385.2
2026-04-10 01:27:00.000,383.8
2026-04-10 01:28:00.000,371.6
2026-04-10 01:29:00.000,376.1
2026-04-10 01:30:00.000,378.2
2026-04-10 01:31:00.000,374.2
2026-04-10 01:32:00.000,370.4
2026-04-10 01:33:00.000,376.9
2026-04-10 01:34:00.000,379.1
2026-04-10 01:35:00.000,373.4
2026-04-10 01:36:00.000,368.3
2026-04-10 01:37:00.000,371.0
2026-04-10 01:38:00.000,372.5
2026-04-10 01:39:00.000,370.3
2026-04-10 01:40:00.000,370.9
2026-04-10 01:41:00.000,369.3
2026-04-10 01:42:00.000,375.5
2026-04-10 01:45:00.000,374.2
2026-04-10 01:46:00.000,374.5
2026-04-10 01:47:00.000,375.2
2026-04-10 01:48:00.000,379.1
2026-04-10 01:49:00.000,377.0
2026-04-10 01:50:00.000,377.0
2026-04-10 01:51:00.000,376.3
2026-04-10 01:52:00.000,375.7
2026-04-10 01:53:00.000,374.3
2026-04-10 01:54:00.000,372.9
2026-04-10 01:55:00.000,373.7
2026-04-10 01:56:00.000,375.7
2026-04-10 01:57:00.000,375.0
2026-04-10 01:58:00.000,372.8
2026-04-10 01:59:00.000,372.1
2026-04-10 02:00:00.000,372.1
2026-04-10 02:01:00.000,373.0
2026-04-10 02:02:00.000,374.0
2026-04-10 02:03:00.000,374.8
2026-04-10 02:04:00.000,374.9
2026-04-10 02:05:00.000,374.8
2026-04-10 02:06:00.000,375.2
2026-04-10 02:07:00.000,375.7
2026-04-10 02:08:00.000,373.8
2026-04-10 02:09:00.000,374.1
2026-04-10 02:10:00.000,375.6
2026-04-10 02:11:00.000,373.6
2026-04-10 02:12:00.000,374.0
2026-04-10 02:13:00.000,380.4
2026-04-10 02:14:00.000,377.8
2026-04-10 02:15:00.000,382.5
2026-04-10 02:16:00.000,387.6
2026-04-10 02:17:00.000,384.3
2026-04-10 02:18:00.000,385.8
2026-04-10 02:19:00.000,385.3
2026-04-10 02:20:00.000,383.2
2026-04-10 02:21:00.000,382.5
2026-04-10 02:22:00.000,380.9
2026-04-10 02:23:00.000,381.7
2026-04-10 02:24:00.000,384.4
2026-04-10 02:25:00.000,391.6
2026-04-10 02:26:00.000,394.1
2026-04-10 02:27:00.000,392.6
2026-04-10 02:28:00.000,394.6
2026-04-10 02:29:00.000,392.1
2026-04-10 02:30:00.000,405.3
2026-04-10 02:31:00.000,405.9
2026-04-10 02:33:00.000,406.6
2026-04-10 02:34:00.000,406.4
2026-04-10 02:35:00.000,407.8
2026-04-10 02:36:00.000,409.2
2026-04-10 02:37:00.000,409.3
2026-04-10 02:38:00.000,410.9
2026-04-10 02:39:00.000,411.1
2026-04-10 02:40:00.000,410.9
2026-04-10 02:41:00.000,412.5
2026-04-10 02:42:00.000,412.0
2026-04-10 02:43:00.000,411.2
2026-04-10 02:44:00.000,410.6
2026-04-10 02:45:00.000,409.4
2026-04-10 02:46:00.000,408.5
2026-04-10 02:47:00.000,402.9
2026-04-10 02:48:00.000,410.2
2026-04-10 02:49:00.000,410.7
2026-04-10 02:50:00.000,414.0
2026-04-10 02:51:00.000,400.4
2026-04-10 02:52:00.000,403.2
2026-04-10 02:53:00.000,403.3
2026-04-10 02:54:00.000,404.2
2026-04-10 02:55:00.000,407.8
2026-04-10 02:56:00.000,407.8
2026-04-10 02:57:00.000,405.0
2026-04-10 02:58:00.000,403.2
2026-04-10 02:59:00.000,403.0
2026-04-10 03:00:00.000,402.6
2026-04-10 03:01:00.000,401.5
2026-04-10 03:02:00.000,401.0
2026-04-10 03:03:00.000,388.3
2026-04-10 03:04:00.000,392.6
2026-04-10 03:06:00.000,393.1
2026-04-10 03:07:00.000,398.2
2026-04-10 03:08:00.000,398.1
2026-04-10 03:09:00.000,398.4
2026-04-10 03:10:00.000,398.7
2026-04-10 03:11:00.000,397.0
2026-04-10 03:12:00.000,397.2
2026-04-10 03:13:00.000,397.8
2026-04-10 03:14:00.000,396.9
2026-04-10 03:15:00.000,395.9
2026-04-10 03:16:00.000,395.9
2026-04-10 03:17:00.000,396.4
2026-04-10 03:18:00.000,398.0
2026-04-10 03:19:00.000,399.5
2026-04-10 03:20:00.000,396.1
2026-04-10 03:21:00.000,400.7
2026-04-10 03:22:00.000,398.5
2026-04-10 03:23:00.000,408.3
2026-04-10 03:24:00.000,403.6
2026-04-10 03:25:00.000,404.1
2026-04-10 03:26:00.000,403.3
2026-04-10 03:27:00.000,402.7
2026-04-10 03:28:00.000,403.6
2026-04-10 03:29:00.000,407.2
2026-04-10 03:30:00.000,408.0
2026-04-10 03:31:00.000,405.6
2026-04-10 03:32:00.000,405.8
2026-04-10 03:33:00.000,404.7
2026-04-10 03:34:00.000,402.3
2026-04-10 03:35:00.000,396.9
2026-04-10 03:36:00.000,397.2
2026-04-10 03:37:00.000,399.2
2026-04-10 03:39:00.000,398.3
2026-04-10 03:40:00.000,399.9
2026-04-10 03:41:00.000,399.5
2026-04-10 03:42:00.000,402.5
2026-04-10 03:43:00.000,402.8
2026-04-10 03:44:00.000,403.8
2026-04-10 03:45:00.000,404.9
2026-04-10 03:46:00.000,404.0
2026-04-10 03:47:00.000,402.1
2026-04-10 03:48:00.000,401.8
2026-04-10 03:49:00.000,405.2
2026-04-10 03:50:00.000,405.1
2026-04-10 03:51:00.000,404.1
2026-04-10 03:52:00.000,405.9
2026-04-10 03:53:00.000,408.1
2026-04-10 03:54:00.000,408.4
2026-04-10 03:55:00.000,405.5
2026-04-10 03:56:00.000,407.6
2026-04-10 03:57:00.000,407.2
2026-04-10 03:58:00.000,406.5
2026-04-10 04:00:00.000,404.5
2026-04-10 04:01:00.000,403.7
2026-04-10 04:02:00.000,402.6
2026-04-10 04:03:00.000,402.2
2026-04-10 04:04:00.000,402.8
2026-04-10 04:05:00.000,403.5
2026-04-10 04:06:00.000,401.2
2026-04-10 04:07:00.000,402.7
2026-04-10 04:08:00.000,407.7
2026-04-10 04:09:00.000,410.9
2026-04-10 04:10:00.000,413.8
2026-04-10 04:11:00.000,413.9
2026-04-10 04:12:00.000,399.3
2026-04-10 04:13:00.000,399.9
2026-04-10 04:14:00.000,399.9
2026-04-10 04:15:00.000,399.6
2026-04-10 04:16:00.000,403.4
2026-04-10 04:17:00.000,405.8
2026-04-10 04:18:00.000,405.6
2026-04-10 04:19:00.000,405.5
2026-04-10 04:20:00.000,405.4
2026-04-10 04:21:00.000,406.5
2026-04-10 04:22:00.000,406.3
2026-04-10 04:23:00.000,403.1
2026-04-10 04:24:00.000,403.0
2026-04-10 04:25:00.000,400.6
2026-04-10 04:26:00.000,402.9
2026-04-10 04:27:00.000,403.0
2026-04-10 04:28:00.000,399.9
2026-04-10 04:29:00.000,400.5
2026-04-10 04:30:00.000,399.8
2026-04-10 04:31:00.000,399.1
2026-04-10 04:32:00.000,401.7
2026-04-10 04:33:00.000,404.6
2026-04-10 04:34:00.000,404.5
2026-04-10 04:35:00.000,402.9
2026-04-10 04:36:00.000,404.6
2026-04-10 04:37:00.000,407.2
2026-04-10 04:38:00.000,403.0
2026-04-10 04:39:00.000,402.4
2026-04-10 04:40:00.000,401.0
2026-04-10 04:41:00.000,405.4
2026-04-10 04:42:00.000,385.7
2026-04-10 04:43:00.000,414.9
2026-04-10 04:44:00.000,418.3
2026-04-10 04:45:00.000,407.0
2026-04-10 04:46:00.000,404.5
2026-04-10 04:47:00.000,410.8
2026-04-10 04:48:00.000,410.8
2026-04-10 04:49:00.000,405.1
2026-04-10 04:50:00.000,399.9
2026-04-10 04:51:00.000,391.7
2026-04-10 04:52:00.000,390.0
2026-04-10 04:53:00.000,405.5
2026-04-10 04:54:00.000,409.5
2026-04-10 04:55:00.000,400.8
2026-04-10 04:56:00.000,381.5
2026-04-10 04:57:00.000,417.6
2026-04-10 04:58:00.000,409.2
2026-04-10 04:59:00.000,405.7
2026-04-10 05:00:00.000,386.6
2026-04-10 05:01:00.000,397.7
2026-04-10 05:02:00.000,403.8
2026-04-10 05:03:00.000,407.8
2026-04-10 05:04:00.000,393.2
2026-04-10 05:05:00.000,393.2
2026-04-10 05:06:00.000,410.8
2026-04-10 05:07:00.000,413.8
2026-04-10 05:08:00.000,404.9
2026-04-10 05:09:00.000,396.5
2026-04-10 05:10:00.000,394.8
2026-04-10 05:11:00.000,406.7
2026-04-10 05:12:00.000,406.6
2026-04-10 05:13:00.000,403.9
2026-04-10 05:14:00.000,392.4
2026-04-10 05:15:00.000,413.0
2026-04-10 05:16:00.000,403.0
2026-04-10 05:17:00.000,400.5
2026-04-10 05:18:00.000,380.0
2026-04-10 05:19:00.000,397.9
2026-04-10 05:20:00.000,405.6
2026-04-10 05:21:00.000,400.9
2026-04-10 05:22:00.000,393.8
2026-04-10 05:23:00.000,391.1
2026-04-10 05:24:00.000,397.2
2026-04-10 05:25:00.000,399.2
2026-04-10 05:26:00.000,399.7
2026-04-10 05:27:00.000,391.7
2026-04-10 05:30:00.000,396.4
2026-04-10 05:31:00.000,404.1
2026-04-10 05:32:00.000,383.7
2026-04-10 05:33:00.000,393.0
2026-04-10 05:34:00.000,402.6
2026-04-10 05:35:00.000,405.4
2026-04-10 05:36:00.000,394.7
2026-04-10 05:37:00.000,394.2
2026-04-10 05:38:00.000,400.7
2026-04-10 05:39:00.000,397.9
2026-04-10 05:40:00.000,391.4
2026-04-10 05:41:00.000,383.0
2026-04-10 05:42:00.000,396.2
2026-04-10 05:43:00.000,413.6
2026-04-10 05:44:00.000,407.2
2026-04-10 05:45:00.000,397.9
2026-04-10 05:46:00.000,381.3
2026-04-10 05:47:00.000,408.5
2026-04-10 05:48:00.000,406.4
2026-04-10 05:49:00.000,401.8
2026-04-10 05:50:00.000,400.7
2026-04-10 05:51:00.000,377.4
2026-04-10 05:52:00.000,394.4
2026-04-10 05:53:00.000,401.9
2026-04-10 05:54:00.000,393.1
2026-04-10 05:55:00.000,393.8
2026-04-10 05:56:00.000,408.5
2026-04-10 05:57:00.000,419.1
2026-04-10 05:58:00.000,402.4
2026-04-10 05:59:00.000,387.7
2026-04-10 06:00:00.000,385.1
2026-04-10 06:01:00.000,401.5
2026-04-10 06:02:00.000,409.4
2026-04-10 06:03:00.000,402.3
2026-04-10 06:04:00.000,389.7
2026-04-10 06:05:00.000,398.0
2026-04-10 06:06:00.000,402.0
2026-04-10 06:07:00.000,401.3
2026-04-10 06:08:00.000,395.9
2026-04-10 06:09:00.000,397.4
2026-04-10 06:10:00.000,405.2
2026-04-10 06:11:00.000,410.1
2026-04-10 06:12:00.000,403.8
2026-04-10 06:13:00.000,391.0
2026-04-10 06:14:00.000,414.0
2026-04-10 06:15:00.000,412.1
2026-04-10 06:16:00.000,407.8
2026-04-10 06:17:00.000,404.3
2026-04-10 06:18:00.000,402.1
2026-04-10 06:19:00.000,414.2
2026-04-10 06:20:00.000,413.2
2026-04-10 06:21:00.000,405.0
2026-04-10 06:22:00.000,383.6
2026-04-10 06:23:00.000,375.4
2026-04-10 06:24:00.000,414.7
2026-04-10 06:25:00.000,406.7
2026-04-10 06:26:00.000,395.5
2026-04-10 06:27:00.000,394.3
2026-04-10 06:28:00.000,401.0
2026-04-10 06:30:00.000,400.1
2026-04-10 06:31:00.000,382.2
2026-04-10 06:32:00.000,392.1
2026-04-10 06:33:00.000,393.1
2026-04-10 06:34:00.000,397.4
2026-04-10 06:35:00.000,395.2
2026-04-10 06:36:00.000,385.6
2026-04-10 06:37:00.000,394.0
2026-04-10 06:38:00.000,400.7
2026-04-10 06:39:00.000,401.5
2026-04-10 06:40:00.000,391.5
2026-04-10 06:41:00.000,396.9
2026-04-10 06:42:00.000,410.6
2026-04-10 06:43:00.000,408.9
2026-04-10 06:44:00.000,397.2
2026-04-10 06:45:00.000,382.5
2026-04-10 06:46:00.000,395.4
2026-04-10 06:47:00.000,395.0
2026-04-10 06:48:00.000,398.3
2026-04-10 06:49:00.000,395.2
2026-04-10 06:50:00.000,384.7
2026-04-10 06:51:00.000,419.9
2026-04-10 06:52:00.000,419.3
2026-04-10 06:53:00.000,405.4
2026-04-10 06:54:00.000,393.5
2026-04-10 06:55:00.000,417.5
2026-04-10 06:56:00.000,417.5
2026-04-10 06:57:00.000,425.5
2026-04-10 06:58:00.000,411.8
2026-04-10 06:59:00.000,402.6
2026-04-10 07:00:00.000,417.6
2026-04-10 07:01:00.000,420.0
2026-04-10 07:02:00.000,422.6
2026-04-10 07:03:00.000,400.2
2026-04-10 07:04:00.000,423.8
2026-04-10 07:05:00.000,421.2
2026-04-10 07:06:00.000,423.4
2026-04-10 07:07:00.000,412.0
2026-04-10 07:08:00.000,418.1
2026-04-10 07:09:00.000,424.4
2026-04-10 07:10:00.000,430.7
2026-04-10 07:11:00.000,419.9
2026-04-10 07:12:00.000,410.6
2026-04-10 07:13:00.000,420.5
2026-04-10 07:14:00.000,428.5
2026-04-10 07:15:00.000,428.9
2026-04-10 07:16:00.000,422.2
2026-04-10 07:17:00.000,403.8
2026-04-10 07:18:00.000,430.5
2026-04-10 07:19:00.000,419.5
2026-04-10 07:20:00.000,424.7
2026-04-10 07:21:00.000,419.1
2026-04-10 07:22:00.000,433.7
2026-04-10 07:23:00.000,441.4
2026-04-10 07:24:00.000,432.4
2026-04-10 07:25:00.000,432.2
2026-04-10 07:26:00.000,430.3
2026-04-10 07:27:00.000,443.0
2026-04-10 07:28:00.000,449.0
2026-04-10 07:30:00.000,389.7
2026-04-10 07:31:00.000,416.0
2026-04-10 07:32:00.000,454.1
2026-04-10 07:33:00.000,437.7
2026-04-10 07:34:00.000,433.9
2026-04-10 07:35:00.000,404.6
2026-04-10 07:36:00.000,447.4
2026-04-10 07:37:00.000,435.3
2026-04-10 07:38:00.000,438.3
2026-04-10 07:39:00.000,402.5
2026-04-10 07:40:00.000,439.2
2026-04-10 07:41:00.000,445.7
2026-04-10 07:42:00.000,446.8
2026-04-10 07:43:00.000,423.0
2026-04-10 07:44:00.000,426.9
2026-04-10 07:45:00.000,440.4
2026-04-10 07:46:00.000,444.9
2026-04-10 07:47:00.000,448.7
2026-04-10 07:48:00.000,441.9
2026-04-10 07:49:00.000,438.7
2026-04-10 07:50:00.000,446.3
2026-04-10 07:51:00.000,441.0
2026-04-10 07:52:00.000,437.7
2026-04-10 07:53:00.000,432.7
2026-04-10 07:54:00.000,444.0
2026-04-10 07:55:00.000,449.8
2026-04-10 07:56:00.000,435.0
2026-04-10 07:57:00.000,408.3
2026-04-10 07:58:00.000,426.7
2026-04-10 07:59:00.000,441.4
2026-04-10 08:00:00.000,432.9
2026-04-10 08:01:00.000,426.1
2026-04-10 08:02:00.000,427.4
2026-04-10 08:03:00.000,404.9
2026-04-10 08:04:00.000,411.8
2026-04-10 08:05:00.000,430.7
2026-04-10 08:06:00.000,433.1
2026-04-10 08:07:00.000,405.2
2026-04-10 08:08:00.000,438.8
2026-04-10 08:09:00.000,427.1
2026-04-10 08:10:00.000,435.3
2026-04-10 08:11:00.000,406.4
2026-04-10 08:12:00.000,431.0
2026-04-10 08:13:00.000,435.8
2026-04-10 08:14:00.000,436.2
2026-04-10 08:15:00.000,415.4
2026-04-10 08:16:00.000,419.3
2026-04-10 08:17:00.000,429.0
2026-04-10 08:18:00.000,429.8
2026-04-10 08:19:00.000,427.8
2026-04-10 08:20:00.000,410.9
2026-04-10 08:21:00.000,405.7
2026-04-10 08:22:00.000,437.5
2026-04-10 08:23:00.000,435.5
2026-04-10 08:24:00.000,435.2
2026-04-10 08:25:00.000,424.5
2026-04-10 08:26:00.000,444.0
2026-04-10 08:27:00.000,435.0
2026-04-10 08:29:00.000,394.4
2026-04-10 08:30:00.000,429.1
2026-04-10 08:31:00.000,438.2
2026-04-10 08:32:00.000,431.9
2026-04-10 08:33:00.000,416.5
2026-04-10 08:34:00.000,411.1
2026-04-10 08:35:00.000,421.3
2026-04-10 08:36:00.000,423.8
2026-04-10 08:37:00.000,428.5
2026-04-10 08:38:00.000,438.5
2026-04-10 08:39:00.000,413.2
2026-04-10 08:40:00.000,441.1
2026-04-10 08:41:00.000,433.1
2026-04-10 08:42:00.000,427.0
2026-04-10 08:43:00.000,396.7
2026-04-10 08:44:00.000,431.4
2026-04-10 08:45:00.000,425.0
2026-04-10 08:46:00.000,424.7
2026-04-10 08:47:00.000,405.2
2026-04-10 08:48:00.000,415.7
2026-04-10 08:49:00.000,428.4
2026-04-10 08:50:00.000,427.2
2026-04-10 08:51:00.000,421.0
2026-04-10 08:52:00.000,407.0
2026-04-10 08:53:00.000,422.3
2026-04-10 08:54:00.000,434.5
2026-04-10 08:55:00.000,435.0
2026-04-10 08:56:00.000,418.7
2026-04-10 08:57:00.000,393.5
2026-04-10 08:58:00.000,438.6
2026-04-10 08:59:00.000,437.4
2026-04-10 09:00:00.000,429.8
2026-04-10 09:01:00.000,423.5
2026-04-10 09:02:00.000,424.1
2026-04-10 09:03:00.000,428.9
2026-04-10 09:04:00.000,432.1
2026-04-10 09:05:00.000,431.3
2026-04-10 09:06:00.000,423.7
2026-04-10 09:07:00.000,426.2
2026-04-10 09:08:00.000,444.2
2026-04-10 09:09:00.000,407.8
2026-04-10 09:10:00.000,413.9
2026-04-10 09:11:00.000,444.3
2026-04-10 09:12:00.000,442.7
2026-04-10 09:13:00.000,428.5
2026-04-10 09:14:00.000,435.4
2026-04-10 09:15:00.000,402.3
2026-04-10 09:16:00.000,434.2
2026-04-10 09:17:00.000,431.1
2026-04-10 09:18:00.000,430.7
2026-04-10 09:19:00.000,408.8
2026-04-10 09:20:00.000,419.8
2026-04-10 09:21:00.000,436.2
2026-04-10 09:22:00.000,437.1
2026-04-10 09:23:00.000,433.6
2026-04-10 09:24:00.000,418.2
2026-04-10 09:25:00.000,421.3
2026-04-10 09:26:00.000,446.8
2026-04-10 09:27:00.000,441.7
2026-04-10 09:28:00.000,435.6
2026-04-10 09:29:00.000,405.9
2026-04-10 09:30:00.000,454.7
2026-04-10 09:31:00.000,451.0
2026-04-10 09:32:00.000,450.6
2026-04-10 09:33:00.000,441.4
2026-04-10 09:34:00.000,442.8
2026-04-10 09:35:00.000,450.9
2026-04-10 09:36:00.000,454.6
2026-04-10 09:37:00.000,453.7
2026-04-10 09:38:00.000,445.9
2026-04-10 09:39:00.000,414.0
2026-04-10 09:40:00.000,397.9
2026-04-10 09:41:00.000,452.0
2026-04-10 09:42:00.000,462.9
2026-04-10 09:43:00.000,462.4
2026-04-10 09:44:00.000,456.9
2026-04-10 09:45:00.000,444.4
2026-04-10 09:46:00.000,442.0
2026-04-10 09:47:00.000,418.9
2026-04-10 09:48:00.000,438.9
2026-04-10 09:49:00.000,438.6
2026-04-10 09:50:00.000,441.9
2026-04-10 09:51:00.000,420.7
2026-04-10 09:52:00.000,432.4
2026-04-10 09:53:00.000,450.0
2026-04-10 09:54:00.000,449.8
2026-04-10 09:55:00.000,439.6
2026-04-10 09:56:00.000,428.6
2026-04-10 09:57:00.000,450.6
2026-04-10 09:58:00.000,449.5
2026-04-10 09:59:00.000,448.2
2026-04-10 10:00:00.000,447.5
2026-04-10 10:01:00.000,425.7
2026-04-10 10:02:00.000,470.9
2026-04-10 10:03:00.000,467.0
2026-04-10 10:04:00.000,467.0
2026-04-10 10:05:00.000,479.3
2026-04-10 10:06:00.000,411.6
2026-04-10 10:07:00.000,448.9
2026-04-10 10:08:00.000,486.9
2026-04-10 10:09:00.000,478.0
2026-04-10 10:10:00.000,471.5
2026-04-10 10:11:00.000,483.0
2026-04-10 10:12:00.000,491.5
2026-04-10 10:13:00.000,466.1
2026-04-10 10:14:00.000,448.9
2026-04-10 10:15:00.000,441.1
2026-04-10 10:16:00.000,441.8
2026-04-10 10:17:00.000,463.6
2026-04-10 10:18:00.000,476.0
2026-04-10 10:19:00.000,442.1
2026-04-10 10:20:00.000,492.2
2026-04-10 10:21:00.000,471.5
2026-04-10 10:22:00.000,469.9
2026-04-10 10:23:00.000,446.8
2026-04-10 10:24:00.000,468.2
2026-04-10 10:25:00.000,496.2
2026-04-10 10:26:00.000,487.8
2026-04-10 10:27:00.000,459.5
2026-04-10 10:28:00.000,440.1
2026-04-10 10:29:00.000,464.7
2026-04-10 10:30:00.000,485.9
2026-04-10 10:31:00.000,470.2
2026-04-10 10:32:00.000,452.7
2026-04-10 10:33:00.000,466.1
2026-04-10 10:34:00.000,482.6
2026-04-10 10:35:00.000,472.7
2026-04-10 10:36:00.000,473.4
2026-04-10 10:37:00.000,466.2
2026-04-10 10:38:00.000,475.3
2026-04-10 10:39:00.000,476.4
2026-04-10 10:40:00.000,477.3
2026-04-10 10:41:00.000,475.1
2026-04-10 10:42:00.000,447.0
2026-04-10 10:43:00.000,459.3
2026-04-10 10:44:00.000,466.7
2026-04-10 10:45:00.000,441.7
2026-04-10 10:46:00.000,454.1
2026-04-10 10:47:00.000,415.5
2026-04-10 10:49:00.000,445.1
2026-04-10 10:50:00.000,466.9
2026-04-10 10:51:00.000,432.7
2026-04-10 10:52:00.000,490.5
2026-04-10 10:53:00.000,475.1
2026-04-10 10:54:00.000,476.1
2026-04-10 10:55:00.000,454.5
2026-04-10 10:56:00.000,467.7
2026-04-10 10:57:00.000,479.7
2026-04-10 10:58:00.000,474.4
2026-04-10 11:01:00.000,479.4
2026-04-10 11:02:00.000,476.7
2026-04-10 11:03:00.000,471.3
2026-04-10 11:04:00.000,435.7
2026-04-10 11:05:00.000,474.4
2026-04-10 11:06:00.000,382.7
2026-04-10 11:07:00.000,479.1
2026-04-10 11:08:00.000,476.4
2026-04-10 11:09:00.000,467.5
2026-04-10 11:10:00.000,476.2
2026-04-10 11:11:00.000,477.6
2026-04-10 11:12:00.000,477.5
2026-04-10 11:13:00.000,455.3
2026-04-10 11:14:00.000,457.0
2026-04-10 11:15:00.000,489.7
2026-04-10 11:16:00.000,487.6
2026-04-10 11:17:00.000,466.5
2026-04-10 11:18:00.000,449.6
2026-04-10 11:19:00.000,470.2
2026-04-10 11:20:00.000,488.4
2026-04-10 11:22:00.000,445.5
2026-04-10 11:23:00.000,483.2
2026-04-10 11:24:00.000,455.0
2026-04-10 11:25:00.000,474.4
2026-04-10 11:26:00.000,484.8
2026-04-10 11:27:00.000,460.1
2026-04-10 11:28:00.000,479.6
2026-04-10 11:29:00.000,486.4
2026-04-10 11:30:00.000,489.8
2026-04-10 11:31:00.000,471.2
2026-04-10 11:32:00.000,461.2
2026-04-10 11:33:00.000,496.1
2026-04-10 11:34:00.000,499.0
2026-04-10 11:35:00.000,473.3
2026-04-10 11:36:00.000,450.7
2026-04-10 11:37:00.000,462.3
2026-04-10 11:38:00.000,503.2
2026-04-10 11:39:00.000,487.6
2026-04-10 11:40:00.000,492.5
2026-04-10 11:41:00.000,449.1
2026-04-10 11:42:00.000,462.1
2026-04-10 11:43:00.000,484.6
2026-04-10 11:44:00.000,498.8
2026-04-10 11:45:00.000,492.2
2026-04-10 11:46:00.000,487.3
2026-04-10 11:47:00.000,496.8
2026-04-10 11:48:00.000,499.1
2026-04-10 11:49:00.000,479.6
2026-04-10 11:50:00.000,442.6
2026-04-10 11:51:00.000,469.2
2026-04-10 11:52:00.000,508.8
2026-04-10 11:53:00.000,491.2
2026-04-10 11:55:00.000,437.2
2026-04-10 11:56:00.000,515.4
2026-04-10 11:57:00.000,506.3
2026-04-10 11:58:00.000,503.8
2026-04-10 11:59:00.000,471.1
2026-04-10 12:00:00.000,464.9
2026-04-10 12:01:00.000,493.9
2026-04-10 12:02:00.000,516.3
2026-04-10 12:03:00.000,497.5
2026-04-10 12:04:00.000,471.4
2026-04-10 12:05:00.000,506.3
2026-04-10 12:06:00.000,514.2
2026-04-10 12:07:00.000,497.9
2026-04-10 12:08:00.000,457.9
2026-04-10 12:09:00.000,452.3
2026-04-10 12:10:00.000,383.3
2026-04-10 12:11:00.000,504.1
2026-04-10 12:12:00.000,500.5
2026-04-10 12:13:00.000,457.4
2026-04-10 12:14:00.000,401.8
2026-04-10 12:15:00.000,478.5
2026-04-10 12:16:00.000,514.1
2026-04-10 12:17:00.000,505.8
2026-04-10 12:18:00.000,525.3
2026-04-10 12:19:00.000,541.8
2026-04-10 12:20:00.000,541.8
2026-04-10 12:21:00.000,527.3
2026-04-10 12:22:00.000,479.5
2026-04-10 12:23:00.000,402.9
2026-04-10 12:24:00.000,406.3
2026-04-10 12:25:00.000,504.6
2026-04-10 12:26:00.000,492.2
2026-04-10 12:27:00.000,491.8
2026-04-10 12:28:00.000,541.1
2026-04-10 12:29:00.000,515.1
2026-04-10 12:30:00.000,508.3
2026-04-10 12:31:00.000,479.2
2026-04-10 12:32:00.000,485.8
2026-04-10 12:33:00.000,500.5
2026-04-10 12:34:00.000,509.9
2026-04-10 12:35:00.000,505.2
2026-04-10 12:36:00.000,486.7
2026-04-10 12:37:00.000,534.8
2026-04-10 12:38:00.000,543.1
2026-04-10 12:39:00.000,506.2
2026-04-10 12:40:00.000,456.8
2026-04-10 12:41:00.000,470.3
2026-04-10 12:42:00.000,517.4
2026-04-10 12:43:00.000,496.9
2026-04-10 12:44:00.000,515.9
2026-04-10 12:45:00.000,486.3
2026-04-10 12:46:00.000,485.1
2026-04-10 12:47:00.000,484.3
2026-04-10 12:48:00.000,477.4
2026-04-10 12:49:00.000,452.5
2026-04-10 12:50:00.000,411.3
2026-04-10 12:51:00.000,420.1
2026-04-10 12:52:00.000,476.8
2026-04-10 12:53:00.000,460.5
2026-04-10 12:54:00.000,435.4
2026-04-10 12:55:00.000,490.5
2026-04-10 12:56:00.000,485.8
2026-04-10 12:57:00.000,489.0
2026-04-10 12:58:00.000,456.7
2026-04-10 12:59:00.000,466.2
2026-04-10 13:02:00.000,509.4
2026-04-10 13:03:00.000,477.6
2026-04-10 13:04:00.000,482.0
2026-04-10 13:05:00.000,518.6
2026-04-10 13:06:00.000,538.3
2026-04-10 13:07:00.000,527.7
2026-04-10 13:08:00.000,515.3
2026-04-10 13:09:00.000,528.9
2026-04-10 13:10:00.000,518.4
2026-04-10 13:11:00.000,520.2
2026-04-10 13:12:00.000,504.0
2026-04-10 13:13:00.000,490.6
2026-04-10 13:14:00.000,541.6
2026-04-10 13:15:00.000,525.8
2026-04-10 13:16:00.000,506.1
2026-04-10 13:17:00.000,499.9
2026-04-10 13:18:00.000,431.3
2026-04-10 13:19:00.000,413.2
2026-04-10 13:20:00.000,457.8
2026-04-10 13:21:00.000,488.7
2026-04-10 13:22:00.000,498.6
2026-04-10 13:23:00.000,506.1
2026-04-10 13:24:00.000,496.4
2026-04-10 13:25:00.000,487.9
2026-04-10 13:26:00.000,494.3
2026-04-10 13:27:00.000,495.6
2026-04-10 13:28:00.000,507.2
2026-04-10 13:29:00.000,490.1
2026-04-10 13:30:00.000,445.2
2026-04-10 13:31:00.000,467.3
2026-04-10 13:32:00.000,488.9
2026-04-10 13:33:00.000,492.7
2026-04-10 13:34:00.000,446.7
2026-04-10 13:35:00.000,484.4
2026-04-10 13:36:00.000,503.5
2026-04-10 13:37:00.000,499.7
2026-04-10 13:38:00.000,499.8
2026-04-10 13:39:00.000,485.3
2026-04-10 13:40:00.000,462.9
2026-04-10 13:41:00.000,494.3
2026-04-10 13:42:00.000,494.2
2026-04-10 13:43:00.000,489.3
2026-04-10 13:44:00.000,454.1
2026-04-10 13:45:00.000,496.0
2026-04-10 13:46:00.000,513.6
2026-04-10 13:47:00.000,497.1
2026-04-10 13:48:00.000,466.8
2026-04-10 13:49:00.000,480.6
2026-04-10 13:50:00.000,513.8
2026-04-10 13:51:00.000,516.0
2026-04-10 13:52:00.000,492.7
2026-04-10 13:53:00.000,461.9
2026-04-10 13:54:00.000,474.4
2026-04-10 13:55:00.000,485.1
2026-04-10 13:56:00.000,490.0
2026-04-10 13:57:00.000,489.4
2026-04-10 13:58:00.000,461.2
2026-04-10 13:59:00.000,518.2
2026-04-10 14:00:00.000,530.5
2026-04-10 14:01:00.000,509.0
2026-04-10 14:02:00.000,480.0
2026-04-10 14:03:00.000,454.2
2026-04-10 14:04:00.000,485.2
2026-04-10 14:05:00.000,491.6
2026-04-10 14:06:00.000,491.5
2026-04-10 14:07:00.000,447.7
2026-04-10 14:08:00.000,485.2
2026-04-10 14:09:00.000,502.4
2026-04-10 14:10:00.000,507.1
2026-04-10 14:11:00.000,493.3
2026-04-10 14:12:00.000,485.1
2026-04-10 14:13:00.000,552.9
2026-04-10 14:14:00.000,572.5
2026-04-10 14:15:00.000,565.2
2026-04-10 14:16:00.000,546.6
2026-04-10 14:17:00.000,505.1
2026-04-10 14:18:00.000,497.7
2026-04-10 14:19:00.000,500.0
2026-04-10 14:20:00.000,500.2
2026-04-10 14:21:00.000,501.9
2026-04-10 14:22:00.000,500.9
2026-04-10 14:23:00.000,497.1
2026-04-10 14:24:00.000,495.5
2026-04-10 14:25:00.000,493.9
2026-04-10 14:26:00.000,495.1
2026-04-10 14:27:00.000,500.8
2026-04-10 14:28:00.000,503.9
2026-04-10 14:29:00.000,494.0
2026-04-10 14:30:00.000,495.1
2026-04-10 14:31:00.000,500.9
2026-04-10 14:32:00.000,502.5
2026-04-10 14:33:00.000,529.0
2026-04-10 14:34:00.000,515.0
2026-04-10 14:35:00.000,522.5
2026-04-10 14:36:00.000,526.7
2026-04-10 14:37:00.000,524.5
2026-04-10 14:41:00.000,528.0
2026-04-10 14:42:00.000,531.1
2026-04-10 14:43:00.000,529.1
2026-04-10 14:44:00.000,527.8
2026-04-10 14:45:00.000,529.5
2026-04-10 14:46:00.000,534.7
2026-04-10 14:47:00.000,533.9
2026-04-10 14:48:00.000,542.3
2026-04-10 14:49:00.000,554.3
2026-04-10 14:50:00.000,549.2
2026-04-10 14:51:00.000,530.5
2026-04-10 14:52:00.000,528.9
2026-04-10 14:53:00.000,526.4
2026-04-10 14:54:00.000,527.0
2026-04-10 14:55:00.000,524.4
2026-04-10 14:56:00.000,526.4
2026-04-10 14:57:00.000,526.9
2026-04-10 14:58:00.000,529.2
2026-04-10 14:59:00.000,547.0
2026-04-10 15:00:00.000,522.3
2026-04-10 15:01:00.000,482.1
2026-04-10 15:02:00.000,538.9
2026-04-10 15:03:00.000,533.3
2026-04-10 15:04:00.000,534.3
2026-04-10 15:05:00.000,544.8
2026-04-10 15:06:00.000,560.1
2026-04-10 15:07:00.000,555.6
2026-04-10 15:08:00.000,559.0
2026-04-10 15:09:00.000,565.7
2026-04-10 15:10:00.000,564.7
2026-04-10 15:13:00.000,558.1
2026-04-10 15:14:00.000,559.4
2026-04-10 15:15:00.000,561.3
2026-04-10 15:16:00.000,561.9
2026-04-10 15:17:00.000,563.0
2026-04-10 15:18:00.000,564.3
2026-04-10 15:19:00.000,567.2
2026-04-10 15:20:00.000,568.8
2026-04-10 15:21:00.000,565.9
2026-04-10 15:22:00.000,556.7
2026-04-10 15:23:00.000,564.0
2026-04-10 15:24:00.000,559.1
2026-04-10 15:25:00.000,562.4
2026-04-10 15:26:00.000,564.8
2026-04-10 15:27:00.000,564.9
2026-04-10 15:28:00.000,567.8
2026-04-10 15:30:00.000,568.1
2026-04-10 15:31:00.000,568.3
2026-04-10 15:32:00.000,565.6
2026-04-10 15:33:00.000,559.6
2026-04-10 15:34:00.000,563.6
2026-04-10 15:35:00.000,568.0
2026-04-10 15:36:00.000,574.7
2026-04-10 15:37:00.000,572.3
2026-04-10 15:38:00.000,568.7
2026-04-10 15:39:00.000,570.2
2026-04-10 15:40:00.000,570.1
2026-04-10 15:41:00.000,567.4
2026-04-10 15:42:00.000,565.9
2026-04-10 15:43:00.000,572.0
2026-04-10 15:46:00.000,569.3
2026-04-10 15:47:00.000,573.5
2026-04-10 15:48:00.000,579.4
2026-04-10 15:49:00.000,574.4
2026-04-10 15:50:00.000,567.4
2026-04-10 15:51:00.000,564.2
2026-04-10 15:52:00.000,563.2
2026-04-10 15:53:00.000,563.4
2026-04-10 15:54:00.000,564.4
2026-04-10 15:55:00.000,564.2
2026-04-10 15:56:00.000,574.3
2026-04-10 15:57:00.000,572.3
2026-04-10 15:58:00.000,567.1
2026-04-10 16:02:00.000,575.5
2026-04-10 16:03:00.000,576.2
2026-04-10 16:04:00.000,578.6
2026-04-10 16:05:00.000,580.8
2026-04-10 16:06:00.000,580.4
2026-04-10 16:07:00.000,589.8
2026-04-10 16:08:00.000,602.8
2026-04-10 16:09:00.000,607.9
2026-04-10 16:10:00.000,595.1
2026-04-10 16:11:00.000,596.7
2026-04-10 16:12:00.000,594.9
2026-04-10 16:13:00.000,598.8
2026-04-10 16:15:00.000,596.2
2026-04-10 16:16:00.000,591.9
2026-04-10 16:17:00.000,588.7
2026-04-10 16:19:00.000,576.3
2026-04-10 16:20:00.000,575.0
2026-04-10 16:21:00.000,572.1
2026-04-10 16:22:00.000,571.2
2026-04-10 16:23:00.000,566.0
2026-04-10 16:24:00.000,557.4
2026-04-10 16:25:00.000,563.2
2026-04-10 16:26:00.000,557.7
2026-04-10 16:27:00.000,553.5
2026-04-10 16:28:00.000,562.4
2026-04-10 16:30:00.000,555.6
2026-04-10 16:31:00.000,556.0
2026-04-10 16:32:00.000,561.7
2026-04-10 16:33:00.000,564.0
2026-04-10 16:34:00.000,560.9
2026-04-10 16:35:00.000,560.0
2026-04-10 16:36:00.000,559.6
2026-04-10 16:37:00.000,555.9
2026-04-10 16:38:00.000,556.8
2026-04-10 16:39:00.000,570.8
2026-04-10 16:40:00.000,580.7
2026-04-10 16:41:00.000,580.2
2026-04-10 16:42:00.000,581.2
2026-04-10 16:43:00.000,581.8
2026-04-10 16:45:00.000,585.0
2026-04-10 16:46:00.000,584.9
2026-04-10 16:47:00.000,585.1
2026-04-10 16:48:00.000,585.2
2026-04-10 16:49:00.000,585.7
2026-04-10 16:50:00.000,586.1
2026-04-10 16:52:00.000,594.2
2026-04-10 16:53:00.000,594.5
2026-04-10 16:54:00.000,595.2
2026-04-10 16:55:00.000,593.0
2026-04-10 16:56:00.000,591.9
2026-04-10 16:57:00.000,586.9
2026-04-10 16:58:00.000,588.2
2026-04-10 17:01:00.000,581.3
2026-04-10 17:02:00.000,579.0
2026-04-10 17:03:00.000,571.1
2026-04-10 17:04:00.000,569.0
2026-04-10 17:05:00.000,564.5
2026-04-10 17:06:00.000,559.8
2026-04-10 17:07:00.000,561.5
2026-04-10 17:08:00.000,563.0
2026-04-10 17:09:00.000,563.8
2026-04-10 17:10:00.000,555.3
2026-04-10 17:11:00.000,556.5
2026-04-10 17:12:00.000,551.7
2026-04-10 17:13:00.000,551.0
2026-04-10 17:14:00.000,545.6
2026-04-10 17:15:00.000,545.9
2026-04-10 17:16:00.000,546.8
2026-04-10 17:17:00.000,550.9
2026-04-10 17:18:00.000,552.8
2026-04-10 17:19:00.000,553.4
2026-04-10 17:20:00.000,554.5
2026-04-10 17:21:00.000,558.7
2026-04-10 17:22:00.000,557.3
2026-04-10 17:23:00.000,550.7
2026-04-10 17:25:00.000,559.5
2026-04-10 17:26:00.000,558.5
2026-04-10 17:27:00.000,553.8
2026-04-10 17:32:00.000,508.4
2026-04-10 17:33:00.000,560.7
2026-04-10 17:34:00.000,587.6
2026-04-10 17:35:00.000,577.8
2026-04-10 17:36:00.000,535.4
2026-04-10 17:37:00.000,543.9
2026-04-10 17:38:00.000,571.2
2026-04-10 17:39:00.000,554.9
2026-04-10 17:40:00.000,559.0
2026-04-10 17:41:00.000,555.9
2026-04-10 17:42:00.000,525.7
2026-04-10 17:43:00.000,582.1
2026-04-10 17:44:00.000,588.5
2026-04-10 17:45:00.000,566.6
2026-04-10 17:46:00.000,511.7
2026-04-10 17:47:00.000,565.1
2026-04-10 17:48:00.000,575.7
2026-04-10 17:49:00.000,576.1
2026-04-10 17:50:00.000,549.4
2026-04-10 17:51:00.000,576.1
2026-04-10 17:52:00.000,601.9
2026-04-10 17:53:00.000,598.3
2026-04-10 17:54:00.000,596.8
2026-04-10 17:55:00.000,586.9
2026-04-10 17:56:00.000,581.0
2026-04-10 17:57:00.000,607.2
2026-04-10 17:58:00.000,556.5
2026-04-10 17:59:00.000,562.2
2026-04-10 18:00:00.000,613.6
2026-04-10 18:01:00.000,615.3
2026-04-10 18:02:00.000,600.6
2026-04-10 18:03:00.000,606.2
2026-04-10 18:04:00.000,595.7
2026-04-10 18:05:00.000,643.3
2026-04-10 18:06:00.000,645.3
2026-04-10 18:07:00.000,623.6
2026-04-10 18:08:00.000,578.7
2026-04-10 18:09:00.000,586.2
2026-04-10 18:10:00.000,635.6
2026-04-10 18:11:00.000,595.7
2026-04-10 18:12:00.000,507.1
2026-04-10 18:13:00.000,556.5
2026-04-10 18:14:00.000,620.4
2026-04-10 18:15:00.000,611.3
2026-04-10 18:16:00.000,606.1
2026-04-10 18:17:00.000,556.6
2026-04-10 18:18:00.000,607.2
2026-04-10 18:19:00.000,616.6
2026-04-10 18:20:00.000,619.8
2026-04-10 18:21:00.000,597.9
2026-04-10 18:22:00.000,583.6
2026-04-10 18:23:00.000,600.7
2026-04-10 18:24:00.000,602.5
2026-04-10 18:25:00.000,585.5
2026-04-10 18:26:00.000,571.7
2026-04-10 18:27:00.000,532.4
2026-04-10 18:28:00.000,523.1
2026-04-10 18:29:00.000,625.1
2026-04-10 18:30:00.000,607.2
2026-04-10 18:31:00.000,635.0
2026-04-10 18:32:00.000,633.8
2026-04-10 18:33:00.000,597.3
2026-04-10 18:34:00.000,574.0
2026-04-10 18:35:00.000,598.5
2026-04-10 18:36:00.000,557.4
2026-04-10 18:37:00.000,611.9
2026-04-10 18:38:00.000,630.0
2026-04-10 18:39:00.000,610.5
2026-04-10 18:40:00.000,589.5
2026-04-10 18:41:00.000,606.7
2026-04-10 18:42:00.000,574.3
2026-04-10 18:43:00.000,532.9
2026-04-10 18:44:00.000,593.0
2026-04-10 18:45:00.000,576.9
2026-04-10 18:46:00.000,655.3
2026-04-10 18:47:00.000,662.1
2026-04-10 18:48:00.000,638.7
2026-04-10 18:49:00.000,583.4
2026-04-10 18:50:00.000,581.0
2026-04-10 18:51:00.000,624.3
2026-04-10 18:52:00.000,631.0
2026-04-10 18:53:00.000,597.9
2026-04-10 18:54:00.000,578.8
2026-04-10 18:55:00.000,612.7
2026-04-10 18:56:00.000,544.8
2026-04-10 18:57:00.000,606.6
2026-04-10 18:58:00.000,600.7
2026-04-10 18:59:00.000,601.8
2026-04-10 19:00:00.000,615.4
2026-04-10 19:01:00.000,611.5
2026-04-10 19:02:00.000,601.3
2026-04-10 19:03:00.000,554.5
2026-04-10 19:06:00.000,544.9
2026-04-10 19:07:00.000,556.4
2026-04-10 19:08:00.000,556.3
2026-04-10 19:09:00.000,607.9
2026-04-10 19:10:00.000,599.1
2026-04-10 19:11:00.000,600.4
2026-04-10 19:12:00.000,573.6
2026-04-10 19:13:00.000,556.4
2026-04-10 19:14:00.000,591.5
2026-04-10 19:15:00.000,609.1
2026-04-10 19:16:00.000,576.1
2026-04-10 19:17:00.000,582.2
2026-04-10 19:18:00.000,625.6
2026-04-10 19:19:00.000,598.0
2026-04-10 19:20:00.000,625.9
2026-04-10 19:21:00.000,628.0
2026-04-10 19:22:00.000,596.6
2026-04-10 19:23:00.000,621.7
2026-04-10 19:24:00.000,617.4
2026-04-10 19:25:00.000,583.6
2026-04-10 19:26:00.000,608.0
2026-04-10 19:27:00.000,638.0
2026-04-10 19:28:00.000,614.0
2026-04-10 19:29:00.000,587.2
2026-04-10 19:30:00.000,573.9
2026-04-10 19:31:00.000,588.0
2026-04-10 19:32:00.000,620.3
2026-04-10 19:33:00.000,587.9
2026-04-10 19:34:00.000,591.7
2026-04-10 19:35:00.000,602.3
2026-04-10 19:36:00.000,646.9
2026-04-10 19:38:00.000,656.7
2026-04-10 19:39:00.000,575.3
2026-04-10 19:40:00.000,625.9
2026-04-10 19:41:00.000,624.0
2026-04-10 19:42:00.000,624.0
2026-04-10 19:43:00.000,627.5
2026-04-10 19:44:00.000,591.9
2026-04-10 19:45:00.000,612.6
2026-04-10 19:46:00.000,619.0
2026-04-10 19:47:00.000,598.3
2026-04-10 19:48:00.000,582.7
2026-04-10 19:49:00.000,573.6
2026-04-10 19:50:00.000,596.4
2026-04-10 19:51:00.000,579.5
2026-04-10 19:52:00.000,576.8
2026-04-10 19:53:00.000,526.5
2026-04-10 19:54:00.000,628.0
2026-04-10 19:55:00.000,581.7
2026-04-10 19:56:00.000,620.4
2026-04-10 19:57:00.000,593.0
2026-04-10 19:58:00.000,587.2
2026-04-10 19:59:00.000,584.7
2026-04-10 20:00:00.000,574.7
2026-04-10 20:01:00.000,590.7
2026-04-10 20:02:00.000,587.2
2026-04-10 20:03:00.000,527.7
2026-04-10 20:04:00.000,510.3
2026-04-10 20:05:00.000,578.6
2026-04-10 20:06:00.000,574.6
2026-04-10 20:07:00.000,551.4
2026-04-10 20:08:00.000,598.9
2026-04-10 20:09:00.000,615.6
2026-04-10 20:11:00.000,567.9
2026-04-10 20:12:00.000,579.3
2026-04-10 20:13:00.000,552.9
2026-04-10 20:14:00.000,552.3
2026-04-10 20:15:00.000,529.5
2026-04-10 20:16:00.000,530.5
2026-04-10 20:17:00.000,548.5
2026-04-10 20:18:00.000,555.0
2026-04-10 20:19:00.000,547.6
2026-04-10 20:20:00.000,541.8
2026-04-10 20:21:00.000,562.9
2026-04-10 20:22:00.000,594.4
2026-04-10 20:23:00.000,598.5
2026-04-10 20:24:00.000,601.7
2026-04-10 20:25:00.000,510.4
2026-04-10 20:26:00.000,549.4
2026-04-10 20:27:00.000,616.7
2026-04-10 20:28:00.000,519.1
2026-04-10 20:29:00.000,590.7
2026-04-10 20:30:00.000,627.6
2026-04-10 20:31:00.000,578.3
2026-04-10 20:32:00.000,606.1
2026-04-10 20:33:00.000,617.0
2026-04-10 20:34:00.000,622.2
2026-04-10 20:35:00.000,654.4
2026-04-10 20:36:00.000,626.8
2026-04-10 20:37:00.000,630.5
2026-04-10 20:38:00.000,627.3
2026-04-10 20:39:00.000,573.2
2026-04-10 20:40:00.000,647.5
2026-04-10 20:41:00.000,650.1
2026-04-10 20:42:00.000,685.3
2026-04-10 20:43:00.000,685.9
2026-04-10 20:44:00.000,700.6
2026-04-10 20:45:00.000,622.4
2026-04-10 20:46:00.000,624.1
2026-04-10 20:47:00.000,602.4
2026-04-10 20:48:00.000,602.9
2026-04-10 20:49:00.000,629.3
2026-04-10 20:50:00.000,642.9
2026-04-10 20:51:00.000,633.2
2026-04-10 20:52:00.000,608.0
2026-04-10 20:53:00.000,627.1
2026-04-10 20:54:00.000,616.1
2026-04-10 20:55:00.000,567.2
2026-04-10 20:56:00.000,567.6
2026-04-10 20:57:00.000,576.2
2026-04-10 20:58:00.000,652.8
2026-04-10 20:59:00.000,609.5
2026-04-10 21:00:00.000,595.2
2026-04-10 21:01:00.000,571.7
2026-04-10 21:02:00.000,575.3
2026-04-10 21:03:00.000,584.1
2026-04-10 21:04:00.000,574.3
2026-04-10 21:05:00.000,575.0
2026-04-10 21:06:00.000,572.3
2026-04-10 21:07:00.000,563.0
2026-04-10 21:08:00.000,582.1
2026-04-10 21:09:00.000,626.8
2026-04-10 21:10:00.000,619.4
2026-04-10 21:11:00.000,587.3
2026-04-10 21:12:00.000,594.2
2026-04-10 21:13:00.000,580.6
2026-04-10 21:14:00.000,582.4
2026-04-10 21:15:00.000,551.3
2026-04-10 21:16:00.000,548.4
2026-04-10 21:18:00.000,579.6
2026-04-10 21:19:00.000,551.4
2026-04-10 21:20:00.000,581.1
2026-04-10 21:21:00.000,620.7
2026-04-10 21:22:00.000,627.3
2026-04-10 21:23:00.000,613.9
2026-04-10 21:24:00.000,585.1
2026-04-10 21:25:00.000,573.6
2026-04-10 21:26:00.000,591.3
2026-04-10 21:27:00.000,587.3
2026-04-10 21:28:00.000,560.2
2026-04-10 21:29:00.000,568.0
2026-04-10 21:30:00.000,597.9
2026-04-10 21:31:00.000,606.1
2026-04-10 21:32:00.000,594.7
2026-04-10 21:33:00.000,553.0
2026-04-10 21:34:00.000,589.6
2026-04-10 21:35:00.000,599.5
2026-04-10 21:36:00.000,595.4
2026-04-10 21:37:00.000,595.9
2026-04-10 21:38:00.000,589.9
2026-04-10 21:39:00.000,609.8
2026-04-10 21:40:00.000,635.7
2026-04-10 21:41:00.000,604.6
2026-04-10 21:42:00.000,502.8
2026-04-10 21:43:00.000,542.5
2026-04-10 21:44:00.000,467.9
2026-04-10 21:45:00.000,584.4
2026-04-10 21:46:00.000,600.6
2026-04-10 21:47:00.000,577.5
2026-04-10 21:48:00.000,613.9
2026-04-10 21:49:00.000,620.7
2026-04-10 21:50:00.000,614.2
2026-04-10 21:51:00.000,572.0
2026-04-10 21:52:00.000,597.5
2026-04-10 21:53:00.000,627.1
2026-04-10 21:54:00.000,607.6
2026-04-10 21:55:00.000,587.8
2026-04-10 21:56:00.000,577.8
2026-04-10 21:57:00.000,586.4
2026-04-10 21:58:00.000,652.8
2026-04-10 21:59:00.000,559.5
2026-04-10 22:00:00.000,560.2
2026-04-10 22:01:00.000,573.1
2026-04-10 22:02:00.000,466.6
2026-04-10 22:03:00.000,582.7
2026-04-10 22:04:00.000,576.1
2026-04-10 22:05:00.000,550.5
2026-04-10 22:06:00.000,570.1
2026-04-10 22:07:00.000,582.1
2026-04-10 22:08:00.000,579.2
2026-04-10 22:09:00.000,560.0
2026-04-10 22:10:00.000,567.8
2026-04-10 22:11:00.000,600.9
2026-04-10 22:12:00.000,589.4
2026-04-10 22:13:00.000,559.8
2026-04-10 22:14:00.000,560.9
2026-04-10 22:15:00.000,563.7
2026-04-10 22:16:00.000,592.2
2026-04-10 22:17:00.000,575.5
2026-04-10 22:18:00.000,591.3
2026-04-10 22:19:00.000,551.7
2026-04-10 22:20:00.000,592.6
2026-04-10 22:21:00.000,594.9
2026-04-10 22:22:00.000,593.4
2026-04-10 22:24:00.000,578.1
2026-04-10 22:25:00.000,585.0
2026-04-10 22:26:00.000,594.0
2026-04-10 22:27:00.000,580.0
2026-04-10 22:28:00.000,564.7
2026-04-10 22:29:00.000,589.2
2026-04-10 22:30:00.000,584.2
2026-04-10 22:31:00.000,584.2
2026-04-10 22:32:00.000,568.4
2026-04-10 22:33:00.000,541.6
2026-04-10 22:34:00.000,596.3
2026-04-10 22:35:00.000,602.8
2026-04-10 22:36:00.000,601.3
2026-04-10 22:37:00.000,592.3
2026-04-10 22:38:00.000,594.9
2026-04-10 22:39:00.000,594.7
2026-04-10 22:40:00.000,593.1
2026-04-10 22:41:00.000,580.6
2026-04-10 22:42:00.000,570.4
2026-04-10 22:43:00.000,586.6
2026-04-10 22:44:00.000,585.3
2026-04-10 22:45:00.000,580.4
2026-04-10 22:46:00.000,574.5
2026-04-10 22:47:00.000,575.2
2026-04-10 22:48:00.000,551.5
2026-04-10 22:49:00.000,576.9
2026-04-10 22:50:00.000,583.0
2026-04-10 22:51:00.000,564.1
2026-04-10 22:52:00.000,563.1
2026-04-10 22:53:00.000,580.0
2026-04-10 22:54:00.000,579.7
2026-04-10 22:55:00.000,579.7
2026-04-10 22:56:00.000,581.0
2026-04-10 22:57:00.000,583.4
2026-04-10 22:58:00.000,584.2
2026-04-10 22:59:00.000,578.2
2026-04-10 23:00:00.000,572.2
2026-04-10 23:01:00.000,576.6
2026-04-10 23:02:00.000,581.2
2026-04-10 23:03:00.000,571.9
2026-04-10 23:04:00.000,581.6
2026-04-10 23:05:00.000,570.2
2026-04-10 23:06:00.000,582.6
2026-04-10 23:07:00.000,579.5
2026-04-10 23:08:00.000,581.0
2026-04-10 23:09:00.000,579.2
2026-04-10 23:10:00.000,573.6
2026-04-10 23:11:00.000,571.1
2026-04-10 23:12:00.000,574.8
2026-04-10 23:13:00.000,576.4
2026-04-10 23:14:00.000,573.8
2026-04-10 23:15:00.000,575.3
2026-04-10 23:16:00.000,579.4
2026-04-10 23:17:00.000,575.8
2026-04-10 23:18:00.000,572.7
2026-04-10 23:19:00.000,567.7
2026-04-10 23:20:00.000,565.4
2026-04-10 23:21:00.000,562.0
2026-04-10 23:22:00.000,557.7
2026-04-10 23:23:00.000,555.0
2026-04-10 23:24:00.000,560.7
2026-04-10 23:25:00.000,560.8
2026-04-10 23:26:00.000,569.8
2026-04-10 23:27:00.000,570.0
2026-04-10 23:29:00.000,572.9
2026-04-10 23:30:00.000,575.7
2026-04-10 23:31:00.000,575.3
2026-04-10 23:32:00.000,569.8
2026-04-10 23:33:00.000,554.0
2026-04-10 23:34:00.000,516.0
2026-04-10 23:35:00.000,582.0
2026-04-10 23:36:00.000,573.2
2026-04-10 23:37:00.000,560.7
2026-04-10 23:38:00.000,581.9
2026-04-10 23:39:00.000,566.6
2026-04-10 23:40:00.000,569.6
2026-04-10 23:41:00.000,570.7
2026-04-10 23:42:00.000,572.0
2026-04-10 23:43:00.000,568.4
2026-04-10 23:44:00.000,566.9
2026-04-10 23:45:00.000,567.7
2026-04-10 23:46:00.000,564.4
2026-04-10 23:47:00.000,562.6
2026-04-10 23:48:00.000,562.0
2026-04-10 23:49:00.000,555.1
2026-04-10 23:50:00.000,567.2
2026-04-10 23:51:00.000,590.0
2026-04-10 23:52:00.000,589.4
2026-04-10 23:53:00.000,578.1
2026-04-10 23:54:00.000,568.4
2026-04-10 23:55:00.000,582.9
2026-04-10 23:56:00.000,579.9
2026-04-10 23:57:00.000,570.3
2026-04-10 23:58:00.000,569.5
2026-04-10 23:59:00.000,566.1
2026-04-11 00:00:00.000,554.5
2026-04-11 00:01:00.000,547.8
2026-04-11 00:02:00.000,545.0
2026-04-11 00:03:00.000,555.5
2026-04-11 00:04:00.000,570.7
2026-04-11 00:05:00.000,568.6
2026-04-11 00:06:00.000,572.2
2026-04-11 00:07:00.000,567.4
2026-04-11 00:08:00.000,566.1
2026-04-11 00:09:00.000,587.2
2026-04-11 00:10:00.000,578.8
2026-04-11 00:11:00.000,528.3
2026-04-11 00:12:00.000,566.3
2026-04-11 00:13:00.000,561.4
2026-04-11 00:14:00.000,572.0
2026-04-11 00:15:00.000,561.5
2026-04-11 00:16:00.000,563.3
2026-04-11 00:17:00.000,565.9
2026-04-11 00:18:00.000,571.0
2026-04-11 00:19:00.000,578.8
2026-04-11 00:20:00.000,575.4
2026-04-11 00:21:00.000,571.0
2026-04-11 00:22:00.000,564.5
2026-04-11 00:23:00.000,561.3
2026-04-11 00:24:00.000,569.4
2026-04-11 00:25:00.000,558.4
2026-04-11 00:26:00.000,571.1
2026-04-11 00:27:00.000,573.0
2026-04-11 00:28:00.000,546.9
2026-04-11 00:29:00.000,560.2
2026-04-11 00:30:00.000,558.1
2026-04-11 00:31:00.000,563.5
2026-04-11 00:32:00.000,565.4
2026-04-11 00:33:00.000,567.6
2026-04-11 00:34:00.000,571.3
2026-04-11 00:35:00.000,568.4
2026-04-11 00:36:00.000,568.5
2026-04-11 00:37:00.000,568.3
2026-04-11 00:38:00.000,564.8
2026-04-11 00:39:00.000,552.8
2026-04-11 00:40:00.000,554.6
2026-04-11 00:41:00.000,563.9
2026-04-11 00:42:00.000,583.8
2026-04-11 00:43:00.000,573.4
2026-04-11 00:44:00.000,574.3
2026-04-11 00:45:00.000,572.5
2026-04-11 00:46:00.000,578.6
2026-04-11 00:47:00.000,580.1
2026-04-11 00:48:00.000,579.8
2026-04-11 00:49:00.000,583.2
2026-04-11 00:50:00.000,580.6
2026-04-11 00:51:00.000,573.4
2026-04-11 00:52:00.000,573.2
2026-04-11 00:53:00.000,575.2
2026-04-11 00:54:00.000,578.0
2026-04-11 00:55:00.000,575.8
2026-04-11 00:56:00.000,574.8
2026-04-11 00:57:00.000,574.1
2026-04-11 00:58:00.000,573.3
2026-04-11 01:00:00.000,569.8
2026-04-11 01:01:00.000,570.2
2026-04-11 01:02:00.000,565.1
2026-04-11 01:03:00.000,560.4
2026-04-11 01:04:00.000,560.8
2026-04-11 01:05:00.000,567.5
2026-04-11 01:06:00.000,573.1
2026-04-11 01:07:00.000,573.6
2026-04-11 01:08:00.000,578.9
2026-04-11 01:09:00.000,577.5
2026-04-11 01:10:00.000,572.2
2026-04-11 01:11:00.000,573.5
2026-04-11 01:12:00.000,582.7
2026-04-11 01:13:00.000,576.7
2026-04-11 01:14:00.000,576.0
2026-04-11 01:15:00.000,580.7
2026-04-11 01:16:00.000,579.4
2026-04-11 01:17:00.000,576.2
2026-04-11 01:18:00.000,578.2
2026-04-11 01:19:00.000,578.4
2026-04-11 01:20:00.000,576.6
2026-04-11 01:21:00.000,582.1
2026-04-11 01:22:00.000,587.6
2026-04-11 01:23:00.000,576.3
2026-04-11 01:24:00.000,560.4
2026-04-11 01:25:00.000,566.6
2026-04-11 01:26:00.000,571.7
2026-04-11 01:27:00.000,577.3
2026-04-11 01:28:00.000,575.8
2026-04-11 01:29:00.000,564.6
2026-04-11 01:30:00.000,569.8
2026-04-11 01:31:00.000,567.0
2026-04-11 01:32:00.000,565.7
2026-04-11 01:33:00.000,573.0
2026-04-11 01:34:00.000,573.4
2026-04-11 01:35:00.000,558.4
2026-04-11 01:36:00.000,558.8
2026-04-11 01:37:00.000,558.6
2026-04-11 01:38:00.000,562.0
2026-04-11 01:39:00.000,565.4
2026-04-11 01:40:00.000,553.4
2026-04-11 01:41:00.000,566.2
2026-04-11 01:42:00.000,566.7
2026-04-11 01:45:00.000,595.5
2026-04-11 01:46:00.000,594.3
2026-04-11 01:47:00.000,589.9
2026-04-11 01:48:00.000,584.6
2026-04-11 01:49:00.000,567.8
2026-04-11 01:50:00.000,569.0
2026-04-11 01:51:00.000,573.1
2026-04-11 01:52:00.000,577.8
2026-04-11 01:53:00.000,580.6
2026-04-11 01:54:00.000,582.6
2026-04-11 01:55:00.000,583.3
2026-04-11 01:56:00.000,584.2
2026-04-11 01:57:00.000,584.9
2026-04-11 01:58:00.000,586.3
2026-04-11 01:59:00.000,583.2
2026-04-11 02:00:00.000,581.0
2026-04-11 02:01:00.000,581.1
2026-04-11 02:02:00.000,575.9
2026-04-11 02:03:00.000,577.2
2026-04-11 02:04:00.000,570.9
2026-04-11 02:05:00.000,571.3
2026-04-11 02:06:00.000,577.4
2026-04-11 02:07:00.000,577.1
2026-04-11 02:08:00.000,574.5
2026-04-11 02:09:00.000,574.6
2026-04-11 02:10:00.000,572.9
2026-04-11 02:11:00.000,567.1
2026-04-11 02:12:00.000,565.8
2026-04-11 02:13:00.000,568.3
2026-04-11 02:14:00.000,571.0
2026-04-11 02:15:00.000,571.9
2026-04-11 02:16:00.000,579.2
2026-04-11 02:17:00.000,587.1
2026-04-11 02:18:00.000,575.7
2026-04-11 02:19:00.000,574.9
2026-04-11 02:20:00.000,581.3
2026-04-11 02:21:00.000,566.2
2026-04-11 02:22:00.000,569.5
2026-04-11 02:23:00.000,574.5
2026-04-11 02:24:00.000,576.5
2026-04-11 02:25:00.000,576.6
2026-04-11 02:26:00.000,568.1
2026-04-11 02:27:00.000,564.6
2026-04-11 02:28:00.000,576.8
2026-04-11 02:29:00.000,575.5
2026-04-11 02:30:00.000,556.0
2026-04-11 02:31:00.000,559.7
2026-04-11 02:32:00.000,574.2
2026-04-11 02:33:00.000,565.3
2026-04-11 02:34:00.000,548.3
2026-04-11 02:35:00.000,553.1
2026-04-11 02:36:00.000,563.0
2026-04-11 02:37:00.000,538.2
2026-04-11 02:38:00.000,559.9
2026-04-11 02:39:00.000,564.2
2026-04-11 02:40:00.000,568.7
2026-04-11 02:41:00.000,568.2
2026-04-11 02:42:00.000,573.3
2026-04-11 02:43:00.000,574.6
2026-04-11 02:44:00.000,570.3
2026-04-11 02:45:00.000,555.1
2026-04-11 02:46:00.000,485.5
2026-04-11 02:47:00.000,579.2
2026-04-11 02:48:00.000,579.5
2026-04-11 02:49:00.000,583.9
2026-04-11 02:50:00.000,582.1
2026-04-11 02:51:00.000,584.4
2026-04-11 02:52:00.000,583.2
2026-04-11 02:53:00.000,603.2
2026-04-11 02:54:00.000,590.9
2026-04-11 02:55:00.000,575.6
2026-04-11 02:56:00.000,566.6
2026-04-11 02:57:00.000,565.7
2026-04-11 02:58:00.000,567.1
2026-04-11 02:59:00.000,567.2
2026-04-11 03:00:00.000,565.2
2026-04-11 03:01:00.000,561.6
2026-04-11 03:02:00.000,564.6
2026-04-11 03:03:00.000,565.7
2026-04-11 03:05:00.000,567.0
2026-04-11 03:06:00.000,572.7
2026-04-11 03:07:00.000,573.8
2026-04-11 03:08:00.000,579.9
2026-04-11 03:09:00.000,579.8
2026-04-11 03:10:00.000,578.7
2026-04-11 03:11:00.000,565.7
2026-04-11 03:12:00.000,566.2
2026-04-11 03:13:00.000,563.6
2026-04-11 03:14:00.000,563.8
2026-04-11 03:15:00.000,581.5
2026-04-11 03:16:00.000,592.6
2026-04-11 03:17:00.000,586.3
2026-04-11 03:18:00.000,583.0
2026-04-11 03:19:00.000,581.7
2026-04-11 03:21:00.000,590.7
2026-04-11 03:22:00.000,580.4
2026-04-11 03:23:00.000,571.9
2026-04-11 03:24:00.000,554.4
2026-04-11 03:25:00.000,570.5
2026-04-11 03:26:00.000,579.5
2026-04-11 03:27:00.000,580.3
2026-04-11 03:28:00.000,579.3
2026-04-11 03:29:00.000,585.1
2026-04-11 03:30:00.000,584.7
2026-04-11 03:31:00.000,582.3
2026-04-11 03:32:00.000,607.5
2026-04-11 03:33:00.000,638.7
2026-04-11 03:34:00.000,623.9
2026-04-11 03:35:00.000,602.4
2026-04-11 03:36:00.000,599.9
2026-04-11 03:37:00.000,551.0
2026-04-11 03:38:00.000,626.7
2026-04-11 03:39:00.000,616.8
2026-04-11 03:40:00.000,598.3
2026-04-11 03:41:00.000,595.2
2026-04-11 03:42:00.000,613.8
2026-04-11 03:43:00.000,618.1
2026-04-11 03:44:00.000,620.3
2026-04-11 03:45:00.000,624.5
2026-04-11 03:46:00.000,631.4
2026-04-11 03:47:00.000,633.6
2026-04-11 03:48:00.000,623.5
2026-04-11 03:49:00.000,618.0
2026-04-11 03:50:00.000,618.0
2026-04-11 03:51:00.000,618.9
2026-04-11 03:52:00.000,621.7
2026-04-11 03:54:00.000,613.6
2026-04-11 03:55:00.000,616.0
2026-04-11 03:56:00.000,623.6
2026-04-11 03:57:00.000,628.5
2026-04-11 03:58:00.000,616.3
2026-04-11 04:00:00.000,594.9
2026-04-11 04:01:00.000,597.3
2026-04-11 04:02:00.000,602.2
2026-04-11 04:03:00.000,600.5
2026-04-11 04:04:00.000,595.8
2026-04-11 04:05:00.000,596.5
2026-04-11 04:06:00.000,580.1
2026-04-11 04:07:00.000,580.3
2026-04-11 04:08:00.000,582.1
2026-04-11 04:09:00.000,598.5
2026-04-11 04:10:00.000,596.1
2026-04-11 04:11:00.000,584.6
2026-04-11 04:12:00.000,591.2
2026-04-11 04:13:00.000,580.3
2026-04-11 04:14:00.000,585.1
2026-04-11 04:15:00.000,606.4
2026-04-11 04:16:00.000,606.4
2026-04-11 04:17:00.000,596.8
2026-04-11 04:18:00.000,602.2
2026-04-11 04:19:00.000,617.0
2026-04-11 04:20:00.000,619.1
2026-04-11 04:21:00.000,603.8
2026-04-11 04:22:00.000,603.1
2026-04-11 04:23:00.000,603.9
2026-04-11 04:24:00.000,604.0
2026-04-11 04:25:00.000,607.1
2026-04-11 04:27:00.000,604.3
2026-04-11 04:28:00.000,562.5
2026-04-11 04:29:00.000,577.6
2026-04-11 04:30:00.000,582.2
2026-04-11 04:31:00.000,591.2
2026-04-11 04:32:00.000,588.8
2026-04-11 04:33:00.000,591.5
2026-04-11 04:34:00.000,591.7
2026-04-11 04:35:00.000,589.7
2026-04-11 04:36:00.000,591.8
2026-04-11 04:37:00.000,604.7
2026-04-11 04:38:00.000,625.8
2026-04-11 04:39:00.000,609.9
2026-04-11 04:40:00.000,618.1
2026-04-11 04:41:00.000,602.7
2026-04-11 04:42:00.000,563.1
2026-04-11 04:43:00.000,458.8
2026-04-11 04:44:00.000,577.6
2026-04-11 04:45:00.000,584.0
2026-04-11 04:46:00.000,547.2
2026-04-11 04:47:00.000,575.5
2026-04-11 04:48:00.000,598.9
2026-04-11 04:49:00.000,584.7
2026-04-11 04:50:00.000,547.1
2026-04-11 04:51:00.000,550.8
2026-04-11 04:52:00.000,598.2
2026-04-11 04:53:00.000,583.4
2026-04-11 04:54:00.000,561.4
2026-04-11 04:55:00.000,529.5
2026-04-11 04:56:00.000,592.5
2026-04-11 04:57:00.000,585.5
2026-04-11 04:58:00.000,586.9
2026-04-11 04:59:00.000,587.0
2026-04-11 05:00:00.000,542.9
2026-04-11 05:01:00.000,562.7
2026-04-11 05:02:00.000,571.4
2026-04-11 05:03:00.000,571.7
2026-04-11 05:04:00.000,542.9
2026-04-11 05:05:00.000,553.4
2026-04-11 05:06:00.000,589.6
2026-04-11 05:07:00.000,593.2
2026-04-11 05:08:00.000,583.0
2026-04-11 05:09:00.000,583.7
2026-04-11 05:12:00.000,582.4
2026-04-11 05:13:00.000,602.9
2026-04-11 05:14:00.000,561.1
2026-04-11 05:15:00.000,599.6
2026-04-11 05:16:00.000,597.0
2026-04-11 05:17:00.000,582.2
2026-04-11 05:18:00.000,549.8
2026-04-11 05:19:00.000,576.1
2026-04-11 05:20:00.000,585.7
2026-04-11 05:21:00.000,585.5
2026-04-11 05:22:00.000,573.2
2026-04-11 05:23:00.000,558.4
2026-04-11 05:24:00.000,580.3
2026-04-11 05:25:00.000,591.3
2026-04-11 05:26:00.000,568.4
2026-04-11 05:27:00.000,541.1
2026-04-11 05:28:00.000,554.9
2026-04-11 05:29:00.000,599.1
2026-04-11 05:30:00.000,585.5
2026-04-11 05:31:00.000,583.0
2026-04-11 05:32:00.000,582.8
2026-04-11 05:33:00.000,570.0
2026-04-11 05:34:00.000,541.5
2026-04-11 05:35:00.000,548.3
2026-04-11 05:36:00.000,532.2
2026-04-11 05:37:00.000,533.0
2026-04-11 05:38:00.000,552.4
2026-04-11 05:39:00.000,545.8
2026-04-11 05:40:00.000,516.7
2026-04-11 05:41:00.000,502.7
2026-04-11 05:42:00.000,559.9
2026-04-11 05:43:00.000,546.2
2026-04-11 05:45:00.000,540.4
2026-04-11 05:46:00.000,533.6
2026-04-11 05:47:00.000,561.5
2026-04-11 05:48:00.000,564.3
2026-04-11 05:49:00.000,557.7
2026-04-11 05:50:00.000,516.2
2026-04-11 05:51:00.000,551.8
2026-04-11 05:52:00.000,584.4
2026-04-11 05:53:00.000,564.2
2026-04-11 05:54:00.000,519.4
2026-04-11 05:55:00.000,501.3
2026-04-11 05:56:00.000,515.4
2026-04-11 05:57:00.000,509.9
2026-04-11 05:58:00.000,495.9
2026-04-11 05:59:00.000,483.5
2026-04-11 06:00:00.000,543.4
2026-04-11 06:01:00.000,567.3
2026-04-11 06:02:00.000,590.4
2026-04-11 06:03:00.000,539.6
2026-04-11 06:04:00.000,547.5
2026-04-11 06:05:00.000,549.7
2026-04-11 06:06:00.000,450.7
2026-04-11 06:07:00.000,517.5
2026-04-11 06:08:00.000,524.4
2026-04-11 06:09:00.000,519.2
2026-04-11 06:10:00.000,539.4
2026-04-11 06:11:00.000,540.9
2026-04-11 06:12:00.000,518.5
2026-04-11 06:13:00.000,498.8
2026-04-11 06:14:00.000,532.8
2026-04-11 06:15:00.000,558.1
2026-04-11 06:16:00.000,551.2
2026-04-11 06:17:00.000,535.7
2026-04-11 06:18:00.000,546.7
2026-04-11 06:19:00.000,554.0
2026-04-11 06:20:00.000,541.4
2026-04-11 06:21:00.000,540.1
2026-04-11 06:22:00.000,520.8
2026-04-11 06:23:00.000,542.3
2026-04-11 06:24:00.000,560.6
2026-04-11 06:25:00.000,555.9
2026-04-11 06:26:00.000,525.7
2026-04-11 06:27:00.000,524.0
2026-04-11 06:28:00.000,530.6
2026-04-11 06:29:00.000,472.5
2026-04-11 06:30:00.000,537.6
2026-04-11 06:31:00.000,509.3
2026-04-11 06:32:00.000,530.6
2026-04-11 06:33:00.000,544.0
2026-04-11 06:34:00.000,519.9
2026-04-11 06:35:00.000,536.4
2026-04-11 06:36:00.000,485.6
2026-04-11 06:37:00.000,523.7
2026-04-11 06:38:00.000,536.8
2026-04-11 06:39:00.000,539.3
2026-04-11 06:40:00.000,515.0
2026-04-11 06:41:00.000,516.4
2026-04-11 06:42:00.000,542.3
2026-04-11 06:43:00.000,548.2
2026-04-11 06:46:00.000,545.0
2026-04-11 06:47:00.000,544.5
2026-04-11 06:48:00.000,526.1
2026-04-11 06:49:00.000,556.2
2026-04-11 06:50:00.000,546.3
2026-04-11 06:51:00.000,557.0
2026-04-11 06:52:00.000,545.2
2026-04-11 06:53:00.000,545.4
2026-04-11 06:54:00.000,492.3
2026-04-11 06:55:00.000,537.4
2026-04-11 06:56:00.000,558.3
2026-04-11 06:57:00.000,559.8
2026-04-11 06:58:00.000,532.4
2026-04-11 06:59:00.000,521.6
2026-04-11 07:00:00.000,562.1
2026-04-11 07:01:00.000,550.9
2026-04-11 07:02:00.000,531.0
2026-04-11 07:03:00.000,498.7
2026-04-11 07:04:00.000,510.8
2026-04-11 07:05:00.000,435.0
2026-04-11 07:06:00.000,544.6
2026-04-11 07:07:00.000,520.9
2026-04-11 07:08:00.000,499.1
2026-04-11 07:09:00.000,526.9
2026-04-11 07:10:00.000,535.3
2026-04-11 07:11:00.000,535.2
2026-04-11 07:12:00.000,500.3
2026-04-11 07:13:00.000,527.1
2026-04-11 07:14:00.000,541.9
2026-04-11 07:15:00.000,525.6
2026-04-11 07:16:00.000,516.8
2026-04-11 07:17:00.000,518.9
2026-04-11 07:18:00.000,541.4
2026-04-11 07:19:00.000,537.4
2026-04-11 07:20:00.000,528.8
2026-04-11 07:21:00.000,499.6
2026-04-11 07:22:00.000,510.2
2026-04-11 07:23:00.000,541.8
2026-04-11 07:24:00.000,558.0
2026-04-11 07:25:00.000,541.5
2026-04-11 07:26:00.000,493.9
2026-04-11 07:27:00.000,525.5
2026-04-11 07:28:00.000,542.5
2026-04-11 07:29:00.000,542.6
2026-04-11 07:30:00.000,520.5
2026-04-11 07:31:00.000,522.1
2026-04-11 07:32:00.000,529.8
2026-04-11 07:33:00.000,465.7
2026-04-11 07:34:00.000,520.4
2026-04-11 07:35:00.000,517.4
2026-04-11 07:36:00.000,519.0
2026-04-11 07:37:00.000,525.2
2026-04-11 07:38:00.000,522.3
2026-04-11 07:39:00.000,527.5
2026-04-11 07:40:00.000,508.9
2026-04-11 07:41:00.000,537.1
2026-04-11 07:42:00.000,545.0
2026-04-11 07:43:00.000,527.1
2026-04-11 07:45:00.000,541.2
2026-04-11 07:46:00.000,533.5
2026-04-11 07:47:00.000,524.9
2026-04-11 07:48:00.000,522.9
2026-04-11 07:49:00.000,521.2
2026-04-11 07:50:00.000,541.5
2026-04-11 07:51:00.000,556.5
2026-04-11 07:52:00.000,552.7
2026-04-11 07:53:00.000,526.4
2026-04-11 07:54:00.000,549.4
2026-04-11 07:55:00.000,558.3
2026-04-11 07:56:00.000,541.7
2026-04-11 07:57:00.000,541.9
2026-04-11 07:58:00.000,515.4
2026-04-11 07:59:00.000,472.8
2026-04-11 08:00:00.000,504.2
2026-04-11 08:01:00.000,531.5
2026-04-11 08:02:00.000,502.5
2026-04-11 08:03:00.000,461.2
2026-04-11 08:04:00.000,475.0
2026-04-11 08:05:00.000,547.2
2026-04-11 08:06:00.000,523.1
2026-04-11 08:07:00.000,508.1
2026-04-11 08:08:00.000,543.0
2026-04-11 08:09:00.000,554.4
2026-04-11 08:10:00.000,524.6
2026-04-11 08:11:00.000,523.5
2026-04-11 08:12:00.000,493.1
2026-04-11 08:13:00.000,536.7
2026-04-11 08:14:00.000,552.1
2026-04-11 08:15:00.000,540.0
2026-04-11 08:16:00.000,500.7
2026-04-11 08:17:00.000,477.5
2026-04-11 08:18:00.000,573.2
2026-04-11 08:19:00.000,557.0
2026-04-11 08:20:00.000,514.1
2026-04-11 08:21:00.000,495.2
2026-04-11 08:22:00.000,547.2
2026-04-11 08:23:00.000,543.1
2026-04-11 08:24:00.000,534.8
2026-04-11 08:25:00.000,522.2
2026-04-11 08:26:00.000,528.5
2026-04-11 08:27:00.000,533.1
2026-04-11 08:28:00.000,515.7
2026-04-11 08:29:00.000,527.8
2026-04-11 08:30:00.000,485.7
2026-04-11 08:31:00.000,524.1
2026-04-11 08:32:00.000,494.4
2026-04-11 08:33:00.000,494.9
2026-04-11 08:34:00.000,518.7
2026-04-11 08:35:00.000,518.8
2026-04-11 08:36:00.000,554.4
2026-04-11 08:37:00.000,553.8
2026-04-11 08:38:00.000,538.4
2026-04-11 08:39:00.000,542.0
2026-04-11 08:40:00.000,525.6
2026-04-11 08:41:00.000,541.1
2026-04-11 08:42:00.000,542.8
2026-04-11 08:43:00.000,535.0
2026-04-11 08:44:00.000,492.3
2026-04-11 08:45:00.000,534.1
2026-04-11 08:46:00.000,544.5
2026-04-11 08:47:00.000,547.0
2026-04-11 08:48:00.000,513.0
2026-04-11 08:49:00.000,511.1
2026-04-11 08:50:00.000,531.5
2026-04-11 08:51:00.000,563.3
2026-04-11 08:52:00.000,543.2
2026-04-11 08:53:00.000,502.9
2026-04-11 08:54:00.000,518.8
2026-04-11 08:55:00.000,549.0
2026-04-11 08:56:00.000,548.4
2026-04-11 08:57:00.000,511.8
2026-04-11 08:58:00.000,519.3
2026-04-11 08:59:00.000,563.7
2026-04-11 09:00:00.000,546.8
2026-04-11 09:01:00.000,539.9
2026-04-11 09:02:00.000,501.0
2026-04-11 09:03:00.000,543.0
2026-04-11 09:04:00.000,563.2
2026-04-11 09:05:00.000,546.6
2026-04-11 09:06:00.000,516.3
2026-04-11 09:07:00.000,513.5
2026-04-11 09:08:00.000,550.7
2026-04-11 09:09:00.000,544.2
2026-04-11 09:10:00.000,529.3
2026-04-11 09:11:00.000,513.3
2026-04-11 09:12:00.000,547.1
2026-04-11 09:13:00.000,544.2
2026-04-11 09:14:00.000,536.6
2026-04-11 09:15:00.000,539.2
2026-04-11 09:16:00.000,496.8
2026-04-11 09:17:00.000,513.6
2026-04-11 09:18:00.000,519.0
2026-04-11 09:19:00.000,530.7
2026-04-11 09:20:00.000,501.9
2026-04-11 09:21:00.000,498.0
2026-04-11 09:22:00.000,524.7
2026-04-11 09:23:00.000,532.7
2026-04-11 09:24:00.000,485.7
2026-04-11 09:25:00.000,491.5
2026-04-11 09:26:00.000,510.6
2026-04-11 09:27:00.000,518.4
2026-04-11 09:31:00.000,531.6
2026-04-11 09:32:00.000,520.7
2026-04-11 09:33:00.000,524.8
2026-04-11 09:34:00.000,510.6
2026-04-11 09:35:00.000,525.9
2026-04-11 09:36:00.000,534.1
2026-04-11 09:37:00.000,525.0
2026-04-11 09:38:00.000,502.4
2026-04-11 09:39:00.000,476.5
2026-04-11 09:40:00.000,485.1
2026-04-11 09:41:00.000,523.0
2026-04-11 09:42:00.000,513.8
2026-04-11 09:43:00.000,497.3
2026-04-11 09:44:00.000,527.6
2026-04-11 09:45:00.000,520.5
2026-04-11 09:46:00.000,497.5
2026-04-11 09:47:00.000,508.6
2026-04-11 09:48:00.000,487.3
2026-04-11 09:49:00.000,487.6
2026-04-11 09:50:00.000,486.3
2026-04-11 09:51:00.000,484.5
2026-04-11 09:52:00.000,475.2
2026-04-11 09:53:00.000,479.1
2026-04-11 09:54:00.000,493.2
2026-04-11 09:55:00.000,508.8
2026-04-11 09:56:00.000,525.0
2026-04-11 09:57:00.000,489.4
2026-04-11 09:58:00.000,488.1
2026-04-11 09:59:00.000,494.9
2026-04-11 10:00:00.000,494.5
2026-04-11 10:01:00.000,486.3
2026-04-11 10:02:00.000,523.5
2026-04-11 10:03:00.000,508.4
2026-04-11 10:04:00.000,513.4
2026-04-11 10:05:00.000,507.1
2026-04-11 10:06:00.000,477.0
2026-04-11 10:07:00.000,498.6
2026-04-11 10:08:00.000,516.2
2026-04-11 10:09:00.000,513.2
2026-04-11 10:10:00.000,490.7
2026-04-11 10:11:00.000,491.0
2026-04-11 10:12:00.000,527.8
2026-04-11 10:13:00.000,517.9
2026-04-11 10:14:00.000,494.7
2026-04-11 10:15:00.000,463.9
2026-04-11 10:16:00.000,497.6
2026-04-11 10:17:00.000,500.2
2026-04-11 10:18:00.000,491.5
2026-04-11 10:19:00.000,467.5
2026-04-11 10:20:00.000,505.4
2026-04-11 10:21:00.000,519.4
2026-04-11 10:22:00.000,523.4
2026-04-11 10:23:00.000,524.4
2026-04-11 10:24:00.000,491.4
2026-04-11 10:25:00.000,495.4
2026-04-11 10:26:00.000,519.5
2026-04-11 10:27:00.000,528.0
2026-04-11 10:28:00.000,530.1
2026-04-11 10:29:00.000,496.4
2026-04-11 10:30:00.000,582.5
2026-04-11 10:31:00.000,579.4
2026-04-11 10:32:00.000,556.4
2026-04-11 10:33:00.000,571.2
2026-04-11 10:34:00.000,593.4
2026-04-11 10:35:00.000,570.7
2026-04-11 10:36:00.000,564.0
2026-04-11 10:37:00.000,544.9
2026-04-11 10:38:00.000,511.8
2026-04-11 10:39:00.000,548.6
2026-04-11 10:40:00.000,555.7
2026-04-11 10:41:00.000,534.3
2026-04-11 10:42:00.000,514.9
2026-04-11 10:43:00.000,508.0
2026-04-11 10:44:00.000,531.6
2026-04-11 10:45:00.000,520.9
2026-04-11 10:46:00.000,517.9
2026-04-11 10:47:00.000,495.5
2026-04-11 10:48:00.000,519.8
2026-04-11 10:49:00.000,526.2
2026-04-11 10:50:00.000,499.1
2026-04-11 10:51:00.000,493.6
2026-04-11 10:52:00.000,525.6
2026-04-11 10:53:00.000,517.6
2026-04-11 10:54:00.000,510.0
2026-04-11 10:55:00.000,512.9
2026-04-11 10:56:00.000,486.3
2026-04-11 10:57:00.000,480.2
2026-04-11 10:58:00.000,498.2
2026-04-11 11:01:00.000,488.8
2026-04-11 11:02:00.000,500.5
2026-04-11 11:03:00.000,521.8
2026-04-11 11:04:00.000,521.0
2026-04-11 11:05:00.000,505.7
2026-04-11 11:06:00.000,527.0
2026-04-11 11:07:00.000,510.0
2026-04-11 11:08:00.000,502.8
2026-04-11 11:09:00.000,486.1
2026-04-11 11:10:00.000,473.8
2026-04-11 11:11:00.000,493.0
2026-04-11 11:12:00.000,513.0
2026-04-11 11:13:00.000,521.1
2026-04-11 11:14:00.000,495.4
2026-04-11 11:15:00.000,479.8
2026-04-11 11:16:00.000,506.1
2026-04-11 11:17:00.000,501.8
2026-04-11 11:18:00.000,490.7
2026-04-11 11:19:00.000,466.0
2026-04-11 11:20:00.000,530.1
2026-04-11 11:21:00.000,520.6
2026-04-11 11:22:00.000,506.9
2026-04-11 11:23:00.000,492.6
2026-04-11 11:24:00.000,512.5
2026-04-11 11:25:00.000,508.2
2026-04-11 11:26:00.000,504.0
2026-04-11 11:27:00.000,504.9
2026-04-11 11:28:00.000,488.9
2026-04-11 11:29:00.000,505.4
2026-04-11 11:30:00.000,535.3
2026-04-11 11:31:00.000,550.1
2026-04-11 11:32:00.000,553.0
2026-04-11 11:33:00.000,533.2
2026-04-11 11:34:00.000,558.3
2026-04-11 11:35:00.000,541.4
2026-04-11 11:37:00.000,485.1
2026-04-11 11:38:00.000,528.6
2026-04-11 11:39:00.000,532.3
2026-04-11 11:40:00.000,512.3
2026-04-11 11:41:00.000,485.9
2026-04-11 11:42:00.000,512.3
2026-04-11 11:43:00.000,537.5
2026-04-11 11:44:00.000,516.1
2026-04-11 11:45:00.000,532.7
2026-04-11 11:46:00.000,554.6
2026-04-11 11:47:00.000,544.2
2026-04-11 11:48:00.000,549.1
2026-04-11 11:49:00.000,544.6
2026-04-11 11:50:00.000,540.3
2026-04-11 11:51:00.000,521.4
2026-04-11 11:52:00.000,562.5
2026-04-11 11:53:00.000,544.2
2026-04-11 11:54:00.000,549.3
2026-04-11 11:55:00.000,511.3
2026-04-11 11:56:00.000,553.9
2026-04-11 11:57:00.000,548.1
2026-04-11 11:58:00.000,541.2
2026-04-11 11:59:00.000,527.4
2026-04-11 12:00:00.000,526.6
2026-04-11 12:01:00.000,529.9
2026-04-11 12:02:00.000,534.8
2026-04-11 12:03:00.000,541.1
2026-04-11 12:04:00.000,528.7
2026-04-11 12:05:00.000,509.7
2026-04-11 12:06:00.000,529.0
2026-04-11 12:07:00.000,528.1
2026-04-11 12:08:00.000,539.7
2026-04-11 12:10:00.000,540.5
2026-04-11 12:11:00.000,553.8
2026-04-11 12:12:00.000,555.5
2026-04-11 12:13:00.000,529.6
2026-04-11 12:14:00.000,549.0
2026-04-11 12:15:00.000,575.7
2026-04-11 12:16:00.000,575.7
2026-04-11 12:17:00.000,557.5
2026-04-11 12:18:00.000,537.8
2026-04-11 12:19:00.000,544.5
2026-04-11 12:20:00.000,568.3
2026-04-11 12:21:00.000,561.2
2026-04-11 12:22:00.000,554.1
2026-04-11 12:23:00.000,517.5
2026-04-11 12:24:00.000,571.4
2026-04-11 12:25:00.000,565.8
2026-04-11 12:26:00.000,571.9
2026-04-11 12:27:00.000,526.2
2026-04-11 12:28:00.000,561.5
2026-04-11 12:29:00.000,566.1
2026-04-11 12:30:00.000,557.5
2026-04-11 12:31:00.000,538.4
2026-04-11 12:32:00.000,534.4
2026-04-11 12:33:00.000,549.6
2026-04-11 12:34:00.000,564.0
2026-04-11 12:35:00.000,570.1
2026-04-11 12:36:00.000,561.2
2026-04-11 12:37:00.000,540.8
2026-04-11 12:38:00.000,565.5
2026-04-11 12:39:00.000,591.0
2026-04-11 12:40:00.000,593.8
2026-04-11 12:41:00.000,544.1
2026-04-11 12:43:00.000,593.9
2026-04-11 12:44:00.000,571.2
2026-04-11 12:45:00.000,567.0
2026-04-11 12:46:00.000,585.7
2026-04-11 12:47:00.000,598.6
2026-04-11 12:48:00.000,604.1
2026-04-11 12:49:00.000,588.9
2026-04-11 12:50:00.000,563.8
2026-04-11 12:51:00.000,557.7
2026-04-11 12:52:00.000,571.8
2026-04-11 12:53:00.000,586.3
2026-04-11 12:54:00.000,584.4
2026-04-11 12:55:00.000,556.0
2026-04-11 12:56:00.000,580.7
2026-04-11 12:57:00.000,622.0
2026-04-11 12:58:00.000,604.0
2026-04-11 12:59:00.000,558.2
2026-04-11 13:01:00.000,578.5
2026-04-11 13:02:00.000,581.3
2026-04-11 13:03:00.000,572.5
2026-04-11 13:04:00.000,587.0
2026-04-11 13:05:00.000,591.3
2026-04-11 13:06:00.000,575.8
2026-04-11 13:07:00.000,578.7
2026-04-11 13:08:00.000,579.2
2026-04-11 13:09:00.000,555.0
2026-04-11 13:10:00.000,584.1
2026-04-11 13:11:00.000,575.5
2026-04-11 13:12:00.000,589.9
2026-04-11 13:13:00.000,548.0
2026-04-11 13:14:00.000,582.6
2026-04-11 13:16:00.000,603.3
2026-04-11 13:17:00.000,583.6
2026-04-11 13:18:00.000,603.1
2026-04-11 13:19:00.000,593.3
2026-04-11 13:20:00.000,581.6
2026-04-11 13:21:00.000,582.5
2026-04-11 13:22:00.000,585.2
2026-04-11 13:23:00.000,586.1
2026-04-11 13:24:00.000,578.2
2026-04-11 13:25:00.000,567.1
2026-04-11 13:26:00.000,573.3
2026-04-11 13:27:00.000,549.0
2026-04-11 13:28:00.000,594.8
2026-04-11 13:29:00.000,596.1
2026-04-11 13:30:00.000,583.0
2026-04-11 13:31:00.000,550.5
2026-04-11 13:32:00.000,584.7
2026-04-11 13:33:00.000,585.4
2026-04-11 13:34:00.000,583.3
2026-04-11 13:35:00.000,574.0
2026-04-11 13:36:00.000,575.6
2026-04-11 13:37:00.000,572.9
2026-04-11 13:38:00.000,565.4
2026-04-11 13:39:00.000,565.4
2026-04-11 13:40:00.000,566.8
2026-04-11 13:41:00.000,572.7
2026-04-11 13:42:00.000,587.5
2026-04-11 13:43:00.000,580.4
2026-04-11 13:44:00.000,576.2
2026-04-11 13:45:00.000,532.6
2026-04-11 13:46:00.000,586.1
2026-04-11 13:47:00.000,587.7
2026-04-11 13:48:00.000,587.8
2026-04-11 13:50:00.000,591.3
2026-04-11 13:51:00.000,580.9
2026-04-11 13:52:00.000,575.3
2026-04-11 13:53:00.000,571.9
2026-04-11 13:54:00.000,575.8
2026-04-11 13:55:00.000,587.4
2026-04-11 13:56:00.000,585.4
2026-04-11 13:57:00.000,571.3
2026-04-11 13:58:00.000,568.9
2026-04-11 13:59:00.000,558.0
2026-04-11 14:00:00.000,599.4
2026-04-11 14:01:00.000,586.0
2026-04-11 14:02:00.000,612.1
2026-04-11 14:03:00.000,559.0
2026-04-11 14:04:00.000,600.8
2026-04-11 14:05:00.000,579.8
2026-04-11 14:06:00.000,584.6
2026-04-11 14:07:00.000,564.4
2026-04-11 14:08:00.000,561.5
2026-04-11 14:09:00.000,572.9
2026-04-11 14:10:00.000,576.4
2026-04-11 14:11:00.000,566.4
2026-04-11 14:12:00.000,568.1
2026-04-11 14:13:00.000,571.8
2026-04-11 14:14:00.000,584.6
2026-04-11 14:15:00.000,584.9
2026-04-11 14:16:00.000,587.0
2026-04-11 14:17:00.000,588.2
2026-04-11 14:18:00.000,588.0
2026-04-11 14:19:00.000,582.8
2026-04-11 14:22:00.000,585.3
2026-04-11 14:23:00.000,581.9
2026-04-11 14:24:00.000,580.3
2026-04-11 14:25:00.000,583.6
2026-04-11 14:26:00.000,582.3
2026-04-11 14:27:00.000,576.4
2026-04-11 14:28:00.000,575.7
2026-04-11 14:30:00.000,574.5
2026-04-11 14:31:00.000,574.7
2026-04-11 14:32:00.000,576.1
2026-04-11 14:33:00.000,575.6
2026-04-11 14:34:00.000,577.2
2026-04-11 14:35:00.000,571.6
2026-04-11 14:36:00.000,571.9
2026-04-11 14:37:00.000,572.6
2026-04-11 14:38:00.000,571.0
2026-04-11 14:39:00.000,570.1
2026-04-11 14:40:00.000,570.3
2026-04-11 14:41:00.000,570.9
2026-04-11 14:42:00.000,568.7
2026-04-11 14:43:00.000,566.6
2026-04-11 14:45:00.000,567.3
2026-04-11 14:46:00.000,567.2
2026-04-11 14:47:00.000,567.2
2026-04-11 14:48:00.000,571.3
2026-04-11 14:49:00.000,571.3
2026-04-11 14:50:00.000,569.2
2026-04-11 14:51:00.000,571.4
2026-04-11 14:52:00.000,573.1
2026-04-11 14:55:00.000,571.3
2026-04-11 14:56:00.000,569.4
2026-04-11 14:57:00.000,567.7
2026-04-11 14:58:00.000,566.3
2026-04-11 14:59:00.000,566.9
2026-04-11 15:00:00.000,566.3
2026-04-11 15:01:00.000,566.3
2026-04-11 15:02:00.000,570.5
2026-04-11 15:03:00.000,569.6
2026-04-11 15:04:00.000,570.0
2026-04-11 15:05:00.000,564.6
2026-04-11 15:06:00.000,568.4
2026-04-11 15:07:00.000,568.4
2026-04-11 15:08:00.000,568.2
2026-04-11 15:09:00.000,568.3
2026-04-11 15:10:00.000,568.0
2026-04-11 15:11:00.000,568.0
2026-04-11 15:12:00.000,564.0
2026-04-11 15:13:00.000,561.5
2026-04-11 15:14:00.000,558.8
2026-04-11 15:15:00.000,559.5
2026-04-11 15:16:00.000,561.1
2026-04-11 15:17:00.000,561.2
2026-04-11 15:18:00.000,559.1
2026-04-11 15:19:00.000,562.1
2026-04-11 15:20:00.000,562.1
2026-04-11 15:21:00.000,561.9
2026-04-11 15:22:00.000,566.6
2026-04-11 15:23:00.000,566.9
2026-04-11 15:24:00.000,568.7
2026-04-11 15:25:00.000,574.7
2026-04-11 15:28:00.000,594.8
2026-04-11 15:29:00.000,590.0
2026-04-11 15:30:00.000,594.5
2026-04-11 15:31:00.000,598.2
2026-04-11 15:32:00.000,593.1
2026-04-11 15:33:00.000,588.0
2026-04-11 15:34:00.000,586.8
2026-04-11 15:35:00.000,583.5
2026-04-11 15:36:00.000,587.0
2026-04-11 15:37:00.000,584.5
2026-04-11 15:38:00.000,586.3
2026-04-11 15:39:00.000,582.4
2026-04-11 15:40:00.000,583.8
2026-04-11 15:41:00.000,582.7
2026-04-11 15:42:00.000,587.6
2026-04-11 15:43:00.000,587.0
2026-04-11 15:44:00.000,579.8
2026-04-11 15:45:00.000,574.9
2026-04-11 15:46:00.000,570.6
2026-04-11 15:47:00.000,570.3
2026-04-11 15:48:00.000,568.2
2026-04-11 15:49:00.000,568.7
2026-04-11 15:50:00.000,575.4
2026-04-11 15:51:00.000,578.1
2026-04-11 15:52:00.000,596.4
2026-04-11 15:53:00.000,595.1
2026-04-11 15:54:00.000,587.8
2026-04-11 15:55:00.000,578.7
2026-04-11 15:56:00.000,587.4
2026-04-11 15:57:00.000,587.5
2026-04-11 15:58:00.000,589.2
2026-04-11 16:02:00.000,586.0
2026-04-11 16:03:00.000,584.0
2026-04-11 16:04:00.000,582.7
2026-04-11 16:05:00.000,587.6
2026-04-11 16:06:00.000,589.9
2026-04-11 16:07:00.000,587.6
2026-04-11 16:08:00.000,592.0
2026-04-11 16:09:00.000,590.6
2026-04-11 16:10:00.000,593.9
2026-04-11 16:11:00.000,589.5
2026-04-11 16:12:00.000,589.7
2026-04-11 16:13:00.000,585.9
2026-04-11 16:15:00.000,589.8
2026-04-11 16:16:00.000,585.4
2026-04-11 16:17:00.000,583.4
2026-04-11 16:18:00.000,584.5
2026-04-11 16:19:00.000,584.5
2026-04-11 16:20:00.000,586.8
2026-04-11 16:21:00.000,592.0
2026-04-11 16:22:00.000,591.9
2026-04-11 16:23:00.000,593.0
2026-04-11 16:24:00.000,592.4
2026-04-11 16:25:00.000,592.2
2026-04-11 16:26:00.000,590.2
2026-04-11 16:27:00.000,589.1
2026-04-11 16:28:00.000,587.8
2026-04-11 16:30:00.000,571.1
2026-04-11 16:31:00.000,569.1
2026-04-11 16:34:00.000,582.0
2026-04-11 16:35:00.000,575.4
2026-04-11 16:36:00.000,563.3
2026-04-11 16:37:00.000,563.9
2026-04-11 16:38:00.000,572.2
2026-04-11 16:39:00.000,561.0
2026-04-11 16:40:00.000,567.6
2026-04-11 16:41:00.000,572.8
2026-04-11 16:42:00.000,572.2
2026-04-11 16:43:00.000,577.7
2026-04-11 16:45:00.000,577.2
2026-04-11 16:46:00.000,592.6
2026-04-11 16:47:00.000,590.6
2026-04-11 16:48:00.000,575.5
2026-04-11 16:49:00.000,571.5
2026-04-11 16:50:00.000,579.1
2026-04-11 16:51:00.000,579.4
2026-04-11 16:52:00.000,575.1
2026-04-11 16:53:00.000,582.5
2026-04-11 16:54:00.000,579.8
2026-04-11 16:55:00.000,571.1
2026-04-11 16:56:00.000,568.8
2026-04-11 16:57:00.000,581.3
2026-04-11 16:58:00.000,594.0
2026-04-11 17:00:00.000,576.8
2026-04-11 17:01:00.000,567.0
2026-04-11 17:02:00.000,574.4
2026-04-11 17:03:00.000,578.0
2026-04-11 17:04:00.000,573.2
2026-04-11 17:05:00.000,570.0
2026-04-11 17:07:00.000,572.5
2026-04-11 17:08:00.000,571.1
2026-04-11 17:09:00.000,570.5
2026-04-11 17:10:00.000,578.8
2026-04-11 17:11:00.000,584.4
2026-04-11 17:12:00.000,588.7
2026-04-11 17:13:00.000,574.9
2026-04-11 17:14:00.000,571.6
2026-04-11 17:15:00.000,574.0
2026-04-11 17:16:00.000,572.2
2026-04-11 17:17:00.000,565.3
2026-04-11 17:18:00.000,571.6
2026-04-11 17:19:00.000,571.0
2026-04-11 17:20:00.000,569.8
2026-04-11 17:21:00.000,568.1
2026-04-11 17:22:00.000,571.9
2026-04-11 17:23:00.000,579.4
2026-04-11 17:24:00.000,578.3
2026-04-11 17:25:00.000,576.8
2026-04-11 17:26:00.000,579.3
2026-04-11 17:27:00.000,566.9
2026-04-11 17:29:00.000,561.8
2026-04-11 17:30:00.000,578.3
2026-04-11 17:31:00.000,570.7
2026-04-11 17:32:00.000,567.9
2026-04-11 17:33:00.000,572.4
2026-04-11 17:36:00.000,594.2
2026-04-11 17:37:00.000,583.2
2026-04-11 17:38:00.000,581.6
2026-04-11 17:39:00.000,592.3
2026-04-11 17:40:00.000,590.0
2026-04-11 17:41:00.000,574.5
2026-04-11 17:42:00.000,537.9
2026-04-11 17:43:00.000,581.1
2026-04-11 17:44:00.000,575.5
2026-04-11 17:45:00.000,555.7
2026-04-11 17:46:00.000,528.8
2026-04-11 17:47:00.000,590.0
2026-04-11 17:48:00.000,574.2
2026-04-11 17:49:00.000,569.9
2026-04-11 17:50:00.000,558.5
2026-04-11 17:51:00.000,543.9
2026-04-11 17:52:00.000,569.0
2026-04-11 17:53:00.000,581.5
2026-04-11 17:54:00.000,575.5
2026-04-11 17:55:00.000,557.4
2026-04-11 17:56:00.000,535.7
2026-04-11 17:57:00.000,566.3
2026-04-11 17:58:00.000,574.8
2026-04-11 17:59:00.000,565.6
2026-04-11 18:00:00.000,526.3
2026-04-11 18:01:00.000,613.4
2026-04-11 18:02:00.000,598.0
2026-04-11 18:03:00.000,583.9
2026-04-11 18:04:00.000,565.1
2026-04-11 18:05:00.000,586.4
2026-04-11 18:06:00.000,591.0
2026-04-11 18:07:00.000,586.8
2026-04-11 18:08:00.000,571.2
2026-04-11 18:09:00.000,578.1
2026-04-11 18:10:00.000,603.8
2026-04-11 18:11:00.000,614.0
2026-04-11 18:13:00.000,567.6
2026-04-11 18:14:00.000,577.8
2026-04-11 18:15:00.000,619.9
2026-04-11 18:16:00.000,590.3
2026-04-11 18:17:00.000,561.3
2026-04-11 18:18:00.000,545.9
2026-04-11 18:19:00.000,608.9
2026-04-11 18:20:00.000,615.8
2026-04-11 18:21:00.000,598.3
2026-04-11 18:22:00.000,581.6
2026-04-11 18:23:00.000,589.9
2026-04-11 18:24:00.000,599.5
2026-04-11 18:25:00.000,599.4
2026-04-11 18:26:00.000,596.0
2026-04-11 18:27:00.000,580.9
2026-04-11 18:28:00.000,576.7
2026-04-11 18:31:00.000,596.5
2026-04-11 18:32:00.000,548.1
2026-04-11 18:33:00.000,599.6
2026-04-11 18:34:00.000,596.6
2026-04-11 18:35:00.000,565.4
2026-04-11 18:36:00.000,575.5
2026-04-11 18:37:00.000,597.4
2026-04-11 18:38:00.000,588.4
2026-04-11 18:39:00.000,554.9
2026-04-11 18:40:00.000,561.8
2026-04-11 18:41:00.000,570.7
2026-04-11 18:42:00.000,583.3
2026-04-11 18:43:00.000,588.7
2026-04-11 18:44:00.000,584.0
2026-04-11 18:45:00.000,592.2
2026-04-11 18:46:00.000,565.6
2026-04-11 18:47:00.000,568.2
2026-04-11 18:48:00.000,588.1
2026-04-11 18:49:00.000,589.2
2026-04-11 18:50:00.000,534.6
2026-04-11 18:51:00.000,580.2
2026-04-11 18:52:00.000,586.8
2026-04-11 18:53:00.000,572.7
2026-04-11 18:54:00.000,543.4
2026-04-11 18:55:00.000,583.5
2026-04-11 18:56:00.000,613.3
2026-04-11 18:57:00.000,607.1
2026-04-11 18:58:00.000,605.4
2026-04-11 18:59:00.000,589.7
2026-04-11 19:00:00.000,572.7
2026-04-11 19:01:00.000,613.9
2026-04-11 19:02:00.000,609.9
2026-04-11 19:03:00.000,603.8
2026-04-11 19:04:00.000,539.3
2026-04-11 19:05:00.000,627.0
2026-04-11 19:06:00.000,603.5
2026-04-11 19:07:00.000,598.0
2026-04-11 19:08:00.000,554.0
2026-04-11 19:09:00.000,599.3
2026-04-11 19:10:00.000,597.4
2026-04-11 19:11:00.000,591.8
2026-04-11 19:12:00.000,572.0
2026-04-11 19:13:00.000,576.8
2026-04-11 19:16:00.000,595.8
2026-04-11 19:17:00.000,582.3
2026-04-11 19:18:00.000,583.8
2026-04-11 19:19:00.000,644.9
2026-04-11 19:20:00.000,641.7
2026-04-11 19:21:00.000,581.6
2026-04-11 19:22:00.000,533.1
2026-04-11 19:23:00.000,581.2
2026-04-11 19:24:00.000,597.4
2026-04-11 19:25:00.000,580.1
2026-04-11 19:26:00.000,534.2
2026-04-11 19:27:00.000,579.7
2026-04-11 19:28:00.000,602.1
2026-04-11 19:29:00.000,585.6
2026-04-11 19:30:00.000,574.0
2026-04-11 19:31:00.000,555.7
2026-04-11 19:32:00.000,548.6
2026-04-11 19:33:00.000,578.9
2026-04-11 19:34:00.000,568.0
2026-04-11 19:35:00.000,565.4
2026-04-11 19:36:00.000,528.9
2026-04-11 19:37:00.000,589.8
2026-04-11 19:38:00.000,573.2
2026-04-11 19:39:00.000,570.1
2026-04-11 19:40:00.000,542.5
2026-04-11 19:41:00.000,577.7
2026-04-11 19:42:00.000,568.6
2026-04-11 19:43:00.000,564.6
2026-04-11 19:44:00.000,566.8
2026-04-11 19:45:00.000,567.8
2026-04-11 19:46:00.000,570.0
2026-04-11 19:47:00.000,571.9
2026-04-11 19:48:00.000,568.5
2026-04-11 19:49:00.000,565.6
2026-04-11 19:50:00.000,549.0
2026-04-11 19:51:00.000,573.1
2026-04-11 19:54:00.000,539.6
2026-04-11 19:55:00.000,573.3
2026-04-11 19:56:00.000,573.5
2026-04-11 19:57:00.000,564.2
2026-04-11 19:58:00.000,549.8
2026-04-11 19:59:00.000,567.3
2026-04-11 20:00:00.000,563.3
2026-04-11 20:01:00.000,563.2
2026-04-11 20:02:00.000,558.8
2026-04-11 20:03:00.000,552.1
2026-04-11 20:04:00.000,557.3
2026-04-11 20:05:00.000,571.7
2026-04-11 20:06:00.000,565.9
2026-04-11 20:07:00.000,569.7
2026-04-11 20:08:00.000,540.4
2026-04-11 20:09:00.000,582.6
2026-04-11 20:10:00.000,581.3
2026-04-11 20:11:00.000,573.8
2026-04-11 20:12:00.000,538.6
2026-04-11 20:13:00.000,576.2
2026-04-11 20:14:00.000,578.1
2026-04-11 20:15:00.000,566.2
2026-04-11 20:16:00.000,563.9
2026-04-11 20:17:00.000,587.6
2026-04-11 20:18:00.000,593.2
2026-04-11 20:19:00.000,571.7
2026-04-11 20:20:00.000,569.1
2026-04-11 20:21:00.000,563.4
2026-04-11 20:22:00.000,542.9
2026-04-11 20:23:00.000,579.5
2026-04-11 20:24:00.000,574.0
2026-04-11 20:26:00.000,539.0
2026-04-11 20:27:00.000,587.5
2026-04-11 20:28:00.000,585.4
2026-04-11 20:29:00.000,569.6
2026-04-11 20:30:00.000,545.4
2026-04-11 20:31:00.000,563.1
2026-04-11 20:32:00.000,577.9
2026-04-11 20:33:00.000,579.3
2026-04-11 20:34:00.000,566.7
2026-04-11 20:35:00.000,564.5
2026-04-11 20:36:00.000,584.8
2026-04-11 20:37:00.000,580.2
2026-04-11 20:38:00.000,582.3
2026-04-11 20:39:00.000,587.0
2026-04-11 20:40:00.000,540.7
2026-04-11 20:41:00.000,597.9
2026-04-11 20:42:00.000,566.5
2026-04-11 20:43:00.000,577.5
2026-04-11 20:44:00.000,569.9
2026-04-11 20:45:00.000,572.0
2026-04-11 20:46:00.000,580.0
2026-04-11 20:47:00.000,577.2
2026-04-11 20:48:00.000,556.9
2026-04-11 20:49:00.000,557.9
2026-04-11 20:50:00.000,575.7
2026-04-11 20:51:00.000,582.5
2026-04-11 20:52:00.000,572.9
2026-04-11 20:53:00.000,552.8
2026-04-11 20:54:00.000,561.1
2026-04-11 20:55:00.000,570.4
2026-04-11 20:56:00.000,560.9
2026-04-11 20:57:00.000,566.1
2026-04-11 20:59:00.000,568.5
2026-04-11 21:00:00.000,552.5
2026-04-11 21:01:00.000,559.9
2026-04-11 21:02:00.000,537.4
2026-04-11 21:03:00.000,564.0
2026-04-11 21:04:00.000,575.3
2026-04-11 21:05:00.000,561.8
2026-04-11 21:06:00.000,548.3
2026-04-11 21:07:00.000,554.8
2026-04-11 21:08:00.000,572.7
2026-04-11 21:09:00.000,560.6
2026-04-11 21:10:00.000,561.1
2026-04-11 21:11:00.000,555.9
2026-04-11 21:12:00.000,535.1
2026-04-11 21:13:00.000,576.4
2026-04-11 21:14:00.000,578.4
2026-04-11 21:15:00.000,573.9
2026-04-11 21:16:00.000,539.7
2026-04-11 21:17:00.000,565.1
2026-04-11 21:18:00.000,573.0
2026-04-11 21:19:00.000,565.7
2026-04-11 21:20:00.000,550.4
2026-04-11 21:21:00.000,559.2
2026-04-11 21:22:00.000,574.8
2026-04-11 21:23:00.000,576.0
2026-04-11 21:24:00.000,569.5
2026-04-11 21:25:00.000,547.3
2026-04-11 21:26:00.000,545.6
2026-04-11 21:27:00.000,580.9
2026-04-11 21:28:00.000,574.1
2026-04-11 21:29:00.000,572.4
2026-04-11 21:30:00.000,528.2
2026-04-11 21:31:00.000,527.4
2026-04-11 21:32:00.000,602.2
2026-04-11 21:33:00.000,570.6
2026-04-11 21:34:00.000,537.9
2026-04-11 21:35:00.000,555.5
2026-04-11 21:36:00.000,568.1
2026-04-11 21:37:00.000,569.5
2026-04-11 21:38:00.000,555.6
2026-04-11 21:39:00.000,535.0
2026-04-11 21:40:00.000,544.6
2026-04-11 21:41:00.000,565.0
2026-04-11 21:42:00.000,557.2
2026-04-11 21:43:00.000,548.1
2026-04-11 21:44:00.000,552.0
2026-04-11 21:45:00.000,569.9
2026-04-11 21:46:00.000,560.3
2026-04-11 21:47:00.000,566.0
2026-04-11 21:48:00.000,530.1
2026-04-11 21:49:00.000,561.1
2026-04-11 21:50:00.000,561.1
2026-04-11 21:51:00.000,564.6
2026-04-11 21:52:00.000,543.4
2026-04-11 21:53:00.000,544.8
2026-04-11 21:54:00.000,560.2
2026-04-11 21:55:00.000,561.8
2026-04-11 21:56:00.000,558.5
2026-04-11 21:57:00.000,540.7
2026-04-11 21:58:00.000,564.0
2026-04-11 21:59:00.000,556.7
2026-04-11 22:00:00.000,556.9
2026-04-11 22:01:00.000,560.7
2026-04-11 22:02:00.000,535.2
2026-04-11 22:03:00.000,573.5
2026-04-11 22:04:00.000,577.0
2026-04-11 22:06:00.000,536.7
2026-04-11 22:07:00.000,569.0
2026-04-11 22:08:00.000,560.5
2026-04-11 22:09:00.000,559.8
2026-04-11 22:10:00.000,544.5
2026-04-11 22:11:00.000,546.1
2026-04-11 22:12:00.000,572.6
2026-04-11 22:13:00.000,566.7
2026-04-11 22:14:00.000,583.0
2026-04-11 22:15:00.000,589.9
2026-04-11 22:16:00.000,575.4
2026-04-11 22:17:00.000,603.3
2026-04-11 22:18:00.000,596.9
2026-04-11 22:19:00.000,581.2
2026-04-11 22:20:00.000,555.2
2026-04-11 22:21:00.000,573.0
2026-04-11 22:22:00.000,584.5
2026-04-11 22:23:00.000,586.8
2026-04-11 22:24:00.000,583.1
2026-04-11 22:25:00.000,582.8
2026-04-11 22:26:00.000,588.1
2026-04-11 22:27:00.000,591.7
2026-04-11 22:28:00.000,576.7
2026-04-11 22:29:00.000,561.8
2026-04-11 22:30:00.000,579.7
2026-04-11 22:31:00.000,580.9
2026-04-11 22:32:00.000,574.1
2026-04-11 22:33:00.000,586.0
2026-04-11 22:34:00.000,574.3
2026-04-11 22:35:00.000,574.2
2026-04-11 22:36:00.000,574.4
2026-04-11 22:37:00.000,574.5
2026-04-11 22:39:00.000,551.0
2026-04-11 22:40:00.000,548.0
2026-04-11 22:41:00.000,544.5
2026-04-11 22:42:00.000,544.4
2026-04-11 22:43:00.000,543.8
2026-04-11 22:44:00.000,542.8
2026-04-11 22:45:00.000,542.6
2026-04-11 22:46:00.000,542.7
2026-04-11 22:47:00.000,543.0
2026-04-11 22:48:00.000,545.0
2026-04-11 22:49:00.000,544.5
2026-04-11 22:50:00.000,542.2
2026-04-11 22:51:00.000,544.2
2026-04-11 22:52:00.000,543.0
2026-04-11 22:53:00.000,544.1
2026-04-11 22:54:00.000,543.6
2026-04-11 22:55:00.000,545.3
2026-04-11 22:56:00.000,544.8
2026-04-11 22:57:00.000,543.9
2026-04-11 22:58:00.000,543.6
2026-04-11 22:59:00.000,545.1
2026-04-11 23:00:00.000,548.9
2026-04-11 23:01:00.000,550.1
2026-04-11 23:02:00.000,549.8
2026-04-11 23:03:00.000,548.5
2026-04-11 23:04:00.000,548.6
2026-04-11 23:05:00.000,550.3
2026-04-11 23:06:00.000,555.5
2026-04-11 23:07:00.000,558.9
2026-04-11 23:08:00.000,560.9
2026-04-11 23:09:00.000,568.0
2026-04-11 23:10:00.000,569.9
2026-04-11 23:11:00.000,565.1
2026-04-11 23:12:00.000,562.6
2026-04-11 23:13:00.000,560.0
2026-04-11 23:14:00.000,564.1
2026-04-11 23:15:00.000,571.2
2026-04-11 23:16:00.000,573.1
2026-04-11 23:17:00.000,573.5
2026-04-11 23:18:00.000,573.6
2026-04-11 23:19:00.000,569.2
2026-04-11 23:20:00.000,580.9
2026-04-11 23:21:00.000,577.8
2026-04-11 23:22:00.000,582.3
2026-04-11 23:23:00.000,577.6
2026-04-11 23:24:00.000,573.8
2026-04-11 23:25:00.000,572.2
2026-04-11 23:26:00.000,576.2
2026-04-11 23:27:00.000,574.3
2026-04-11 23:28:00.000,574.5
2026-04-11 23:29:00.000,573.2
2026-04-11 23:30:00.000,574.5
2026-04-11 23:31:00.000,576.8
2026-04-11 23:32:00.000,576.2
2026-04-11 23:33:00.000,579.3
2026-04-11 23:34:00.000,583.5
2026-04-11 23:35:00.000,584.4
2026-04-11 23:36:00.000,583.6
2026-04-11 23:37:00.000,580.2
2026-04-11 23:38:00.000,590.3
2026-04-11 23:39:00.000,586.7
2026-04-11 23:40:00.000,589.4
2026-04-11 23:41:00.000,589.1
2026-04-11 23:42:00.000,589.5
2026-04-11 23:43:00.000,589.7
2026-04-11 23:44:00.000,581.5
2026-04-11 23:45:00.000,580.6
2026-04-11 23:46:00.000,578.0
2026-04-11 23:47:00.000,577.7
2026-04-11 23:48:00.000,582.4
2026-04-11 23:49:00.000,582.1
2026-04-11 23:50:00.000,581.5
2026-04-11 23:51:00.000,578.1
2026-04-11 23:52:00.000,571.0
2026-04-11 23:53:00.000,566.6
2026-04-11 23:54:00.000,563.6
2026-04-11 23:55:00.000,563.4
2026-04-11 23:56:00.000,562.5
2026-04-11 23:57:00.000,563.2
2026-04-11 23:58:00.000,564.3
2026-04-11 23:59:00.000,566.2
2026-04-12 00:00:00.000,568.2
2026-04-12 00:01:00.000,569.0
2026-04-12 00:02:00.000,565.7
2026-04-12 00:03:00.000,564.4
2026-04-12 00:04:00.000,569.1
2026-04-12 00:05:00.000,571.4
2026-04-12 00:06:00.000,576.6
2026-04-12 00:07:00.000,584.1
2026-04-12 00:08:00.000,579.7
2026-04-12 00:09:00.000,582.1
2026-04-12 00:10:00.000,584.5
2026-04-12 00:11:00.000,585.2
2026-04-12 00:12:00.000,585.6
2026-04-12 00:13:00.000,588.4
2026-04-12 00:14:00.000,586.3
2026-04-12 00:15:00.000,584.7
2026-04-12 00:16:00.000,584.5
2026-04-12 00:17:00.000,582.8
2026-04-12 00:18:00.000,581.0
2026-04-12 00:19:00.000,566.1
2026-04-12 00:20:00.000,550.9
2026-04-12 00:21:00.000,564.9
2026-04-12 00:22:00.000,571.6
2026-04-12 00:23:00.000,568.7
2026-04-12 00:24:00.000,569.1
2026-04-12 00:25:00.000,576.1
2026-04-12 00:26:00.000,576.7
2026-04-12 00:27:00.000,575.4
2026-04-12 00:28:00.000,579.2
2026-04-12 00:29:00.000,574.7
2026-04-12 00:30:00.000,575.7
2026-04-12 00:31:00.000,583.5
2026-04-12 00:32:00.000,574.1
2026-04-12 00:33:00.000,560.0
2026-04-12 00:34:00.000,557.4
2026-04-12 00:35:00.000,558.0
2026-04-12 00:36:00.000,557.8
2026-04-12 00:37:00.000,557.8
2026-04-12 00:38:00.000,557.8
2026-04-12 00:39:00.000,554.0
2026-04-12 00:40:00.000,551.5
2026-04-12 00:41:00.000,557.8
2026-04-12 00:42:00.000,551.4
2026-04-12 00:43:00.000,560.3
2026-04-12 00:44:00.000,565.9
2026-04-12 00:45:00.000,564.4
2026-04-12 00:46:00.000,561.2
2026-04-12 00:47:00.000,563.3
2026-04-12 00:48:00.000,562.8
2026-04-12 00:49:00.000,561.4
2026-04-12 00:50:00.000,560.9
2026-04-12 00:51:00.000,561.4
2026-04-12 00:52:00.000,561.8
2026-04-12 00:53:00.000,560.3
2026-04-12 00:54:00.000,559.0
2026-04-12 00:55:00.000,559.3
2026-04-12 00:56:00.000,558.2
2026-04-12 00:57:00.000,555.5
2026-04-12 00:58:00.000,553.5
2026-04-12 00:59:00.000,554.6
2026-04-12 01:00:00.000,553.1
2026-04-12 01:01:00.000,553.6
2026-04-12 01:02:00.000,552.8
2026-04-12 01:03:00.000,553.0
2026-04-12 01:04:00.000,552.3
2026-04-12 01:05:00.000,552.2
2026-04-12 01:06:00.000,551.9
2026-04-12 01:07:00.000,552.5
2026-04-12 01:08:00.000,554.0
2026-04-12 01:09:00.000,552.2
2026-04-12 01:10:00.000,552.0
2026-04-12 01:11:00.000,551.0
2026-04-12 01:12:00.000,550.4
2026-04-12 01:13:00.000,550.9
2026-04-12 01:14:00.000,552.5
2026-04-12 01:15:00.000,551.2
2026-04-12 01:16:00.000,551.3
2026-04-12 01:17:00.000,550.8
2026-04-12 01:18:00.000,550.8
2026-04-12 01:19:00.000,551.3
2026-04-12 01:20:00.000,555.1
2026-04-12 01:21:00.000,554.5
2026-04-12 01:22:00.000,553.9
2026-04-12 01:23:00.000,554.1
2026-04-12 01:24:00.000,554.6
2026-04-12 01:25:00.000,555.1
2026-04-12 01:26:00.000,553.8
2026-04-12 01:27:00.000,552.3
2026-04-12 01:28:00.000,552.3
2026-04-12 01:29:00.000,549.0
2026-04-12 01:30:00.000,550.0
2026-04-12 01:31:00.000,550.1
2026-04-12 01:32:00.000,552.9
2026-04-12 01:33:00.000,554.9
2026-04-12 01:34:00.000,558.0
2026-04-12 01:35:00.000,561.2
2026-04-12 01:36:00.000,577.4
2026-04-12 01:37:00.000,588.6
2026-04-12 01:38:00.000,589.7
2026-04-12 01:39:00.000,590.2
2026-04-12 01:40:00.000,590.0
2026-04-12 01:41:00.000,592.3
2026-04-12 01:42:00.000,596.3
2026-04-12 01:43:00.000,601.4
2026-04-12 01:44:00.000,601.5
2026-04-12 01:45:00.000,602.5
2026-04-12 01:46:00.000,608.0
2026-04-12 01:47:00.000,592.5
2026-04-12 01:48:00.000,568.3
2026-04-12 01:49:00.000,571.7
2026-04-12 01:50:00.000,585.7
2026-04-12 01:51:00.000,590.0
2026-04-12 01:52:00.000,573.6
2026-04-12 01:53:00.000,559.6
2026-04-12 01:54:00.000,549.0
2026-04-12 01:55:00.000,549.0
2026-04-12 01:56:00.000,541.8
2026-04-12 01:57:00.000,541.2
2026-04-12 01:58:00.000,538.7
2026-04-12 01:59:00.000,537.2
2026-04-12 02:00:00.000,542.2
2026-04-12 02:01:00.000,538.1
2026-04-12 02:02:00.000,542.3
2026-04-12 02:03:00.000,537.0
2026-04-12 02:04:00.000,542.0
2026-04-12 02:05:00.000,544.6
2026-04-12 02:06:00.000,541.9
2026-04-12 02:07:00.000,542.3
2026-04-12 02:08:00.000,540.6
2026-04-12 02:09:00.000,539.2
2026-04-12 02:10:00.000,537.1
2026-04-12 02:11:00.000,533.0
2026-04-12 02:12:00.000,530.8
2026-04-12 02:13:00.000,532.8
2026-04-12 02:14:00.000,537.4
2026-04-12 02:15:00.000,535.7
2026-04-12 02:16:00.000,537.3
2026-04-12 02:17:00.000,533.3
2026-04-12 02:18:00.000,533.1
2026-04-12 02:19:00.000,534.9
2026-04-12 02:20:00.000,532.0
2026-04-12 02:21:00.000,531.2
2026-04-12 02:22:00.000,531.5
2026-04-12 02:23:00.000,533.7
2026-04-12 02:24:00.000,533.7
2026-04-12 02:25:00.000,533.7
2026-04-12 02:26:00.000,534.4
2026-04-12 02:27:00.000,536.1
2026-04-12 02:29:00.000,543.3
2026-04-12 02:30:00.000,543.8
2026-04-12 02:31:00.000,545.6
2026-04-12 02:32:00.000,543.4
2026-04-12 02:33:00.000,533.6
2026-04-12 02:34:00.000,525.4
2026-04-12 02:35:00.000,518.6
2026-04-12 02:36:00.000,520.1
2026-04-12 02:37:00.000,525.1
2026-04-12 02:38:00.000,529.1
2026-04-12 02:39:00.000,534.9
2026-04-12 02:40:00.000,541.4
2026-04-12 02:41:00.000,543.2
2026-04-12 02:42:00.000,543.6
2026-04-12 02:43:00.000,544.7
2026-04-12 02:44:00.000,549.0
2026-04-12 02:45:00.000,548.0
2026-04-12 02:46:00.000,546.3
2026-04-12 02:47:00.000,545.4
2026-04-12 02:48:00.000,549.9
2026-04-12 02:49:00.000,557.9
2026-04-12 02:50:00.000,560.7
2026-04-12 02:51:00.000,563.4
2026-04-12 02:52:00.000,571.1
2026-04-12 02:53:00.000,573.1
2026-04-12 02:54:00.000,573.4
2026-04-12 02:55:00.000,575.4
2026-04-12 02:56:00.000,575.6
2026-04-12 02:57:00.000,570.5
2026-04-12 02:58:00.000,566.7
2026-04-12 02:59:00.000,565.8
2026-04-12 03:00:00.000,564.5
2026-04-12 03:01:00.000,565.8
2026-04-12 03:02:00.000,559.3
2026-04-12 03:03:00.000,560.3
2026-04-12 03:04:00.000,568.1
2026-04-12 03:05:00.000,568.7
2026-04-12 03:06:00.000,559.4
2026-04-12 03:07:00.000,560.0
2026-04-12 03:08:00.000,556.3
2026-04-12 03:09:00.000,558.5
2026-04-12 03:10:00.000,559.0
2026-04-12 03:11:00.000,558.0
2026-04-12 03:12:00.000,560.1
2026-04-12 03:13:00.000,561.3
2026-04-12 03:14:00.000,539.4
2026-04-12 03:15:00.000,550.1
2026-04-12 03:16:00.000,566.7
2026-04-12 03:17:00.000,562.6
2026-04-12 03:18:00.000,555.7
2026-04-12 03:19:00.000,560.8
2026-04-12 03:20:00.000,557.5
2026-04-12 03:21:00.000,558.5
2026-04-12 03:22:00.000,557.5
2026-04-12 03:23:00.000,560.1
2026-04-12 03:24:00.000,553.8
2026-04-12 03:25:00.000,554.3
2026-04-12 03:26:00.000,556.1
2026-04-12 03:27:00.000,555.3
2026-04-12 03:28:00.000,553.1
2026-04-12 03:29:00.000,552.1
2026-04-12 03:30:00.000,553.6
2026-04-12 03:31:00.000,553.4
2026-04-12 03:32:00.000,550.4
2026-04-12 03:33:00.000,550.8
2026-04-12 03:34:00.000,551.4
2026-04-12 03:35:00.000,551.6
2026-04-12 03:37:00.000,552.9
2026-04-12 03:38:00.000,559.1
2026-04-12 03:39:00.000,566.4
2026-04-12 03:40:00.000,550.1
2026-04-12 03:41:00.000,555.0
2026-04-12 03:42:00.000,556.4
2026-04-12 03:43:00.000,546.2
2026-04-12 03:44:00.000,545.5
2026-04-12 03:45:00.000,545.3
2026-04-12 03:46:00.000,542.4
2026-04-12 03:47:00.000,548.9
2026-04-12 03:48:00.000,555.1
2026-04-12 03:49:00.000,548.5
2026-04-12 03:50:00.000,549.5
2026-04-12 03:51:00.000,546.7
2026-04-12 03:52:00.000,548.1
2026-04-12 03:53:00.000,548.9
2026-04-12 03:54:00.000,545.6
2026-04-12 03:55:00.000,546.5
2026-04-12 03:56:00.000,545.6
2026-04-12 03:57:00.000,549.0
2026-04-12 03:58:00.000,550.3
2026-04-12 04:00:00.000,552.2
2026-04-12 04:01:00.000,550.1
2026-04-12 04:02:00.000,548.4
2026-04-12 04:03:00.000,548.6
2026-04-12 04:04:00.000,549.4
2026-04-12 04:05:00.000,549.9
2026-04-12 04:06:00.000,546.4
2026-04-12 04:07:00.000,544.7
2026-04-12 04:09:00.000,547.2
2026-04-12 04:10:00.000,548.1
2026-04-12 04:11:00.000,550.2
2026-04-12 04:12:00.000,547.0
2026-04-12 04:13:00.000,546.9
2026-04-12 04:14:00.000,545.1
2026-04-12 04:15:00.000,542.9
2026-04-12 04:16:00.000,548.5
2026-04-12 04:17:00.000,546.3
2026-04-12 04:18:00.000,544.2
2026-04-12 04:19:00.000,543.5
2026-04-12 04:20:00.000,539.3
2026-04-12 04:21:00.000,551.9
2026-04-12 04:22:00.000,555.1
2026-04-12 04:23:00.000,563.9
2026-04-12 04:24:00.000,564.4
2026-04-12 04:25:00.000,574.9
2026-04-12 04:26:00.000,576.1
2026-04-12 04:27:00.000,577.5
2026-04-12 04:28:00.000,570.2
2026-04-12 04:29:00.000,569.5
2026-04-12 04:30:00.000,571.6
2026-04-12 04:31:00.000,572.4
2026-04-12 04:32:00.000,566.0
2026-04-12 04:33:00.000,559.7
2026-04-12 04:34:00.000,566.9
2026-04-12 04:35:00.000,577.7
2026-04-12 04:36:00.000,574.0
2026-04-12 04:37:00.000,558.9
2026-04-12 04:38:00.000,547.4
2026-04-12 04:39:00.000,586.9
2026-04-12 04:40:00.000,561.8
2026-04-12 04:42:00.000,551.4
2026-04-12 04:43:00.000,531.5
2026-04-12 04:44:00.000,573.4
2026-04-12 04:45:00.000,553.9
2026-04-12 04:46:00.000,561.9
2026-04-12 04:47:00.000,516.3
2026-04-12 04:48:00.000,534.0
2026-04-12 04:49:00.000,548.5
2026-04-12 04:50:00.000,540.5
2026-04-12 04:51:00.000,538.3
2026-04-12 04:52:00.000,522.4
2026-04-12 04:53:00.000,526.6
2026-04-12 04:54:00.000,516.9
2026-04-12 04:55:00.000,507.2
2026-04-12 04:56:00.000,518.5
2026-04-12 04:57:00.000,519.2
2026-04-12 04:58:00.000,526.1
2026-04-12 04:59:00.000,510.3
2026-04-12 05:00:00.000,522.8
2026-04-12 05:01:00.000,521.5
2026-04-12 05:02:00.000,532.3
2026-04-12 05:03:00.000,539.0
2026-04-12 05:04:00.000,535.2
2026-04-12 05:05:00.000,536.5
2026-04-12 05:06:00.000,550.3
2026-04-12 05:07:00.000,551.5
2026-04-12 05:08:00.000,531.5
2026-04-12 05:09:00.000,522.8
2026-04-12 05:10:00.000,522.8
2026-04-12 05:11:00.000,530.5
2026-04-12 05:12:00.000,525.5
2026-04-12 05:13:00.000,516.5
2026-04-12 05:15:00.000,533.8
2026-04-12 05:16:00.000,515.2
2026-04-12 05:17:00.000,521.5
2026-04-12 05:18:00.000,535.7
2026-04-12 05:19:00.000,514.3
2026-04-12 05:20:00.000,525.5
2026-04-12 05:21:00.000,530.1
2026-04-12 05:22:00.000,519.9
2026-04-12 05:23:00.000,514.8
2026-04-12 05:24:00.000,517.5
2026-04-12 05:25:00.000,548.6
2026-04-12 05:26:00.000,536.2
2026-04-12 05:27:00.000,517.0
2026-04-12 05:28:00.000,516.9
2026-04-12 05:29:00.000,550.8
2026-04-12 05:30:00.000,522.9
2026-04-12 05:31:00.000,535.6
2026-04-12 05:32:00.000,532.8
2026-04-12 05:33:00.000,532.7
2026-04-12 05:34:00.000,543.4
2026-04-12 05:35:00.000,538.6
2026-04-12 05:36:00.000,532.0
2026-04-12 05:37:00.000,532.7
2026-04-12 05:38:00.000,544.1
2026-04-12 05:39:00.000,547.9
2026-04-12 05:40:00.000,531.9
2026-04-12 05:41:00.000,526.8
2026-04-12 05:42:00.000,534.4
2026-04-12 05:43:00.000,544.9
2026-04-12 05:45:00.000,531.5
2026-04-12 05:46:00.000,528.5
2026-04-12 05:47:00.000,528.5
2026-04-12 05:48:00.000,572.1
2026-04-12 05:49:00.000,562.7
2026-04-12 05:50:00.000,562.5
2026-04-12 05:51:00.000,519.5
2026-04-12 05:52:00.000,526.9
2026-04-12 05:53:00.000,538.6
2026-04-12 05:54:00.000,530.1
2026-04-12 05:55:00.000,519.0
2026-04-12 05:56:00.000,516.9
2026-04-12 05:57:00.000,552.1
2026-04-12 05:58:00.000,533.9
2026-04-12 05:59:00.000,538.8
2026-04-12 06:00:00.000,524.7
2026-04-12 06:01:00.000,560.5
2026-04-12 06:02:00.000,537.6
2026-04-12 06:03:00.000,535.0
2026-04-12 06:04:00.000,554.3
2026-04-12 06:05:00.000,528.0
2026-04-12 06:06:00.000,548.7
2026-04-12 06:07:00.000,544.5
2026-04-12 06:08:00.000,543.4
2026-04-12 06:09:00.000,545.2
2026-04-12 06:10:00.000,555.6
2026-04-12 06:11:00.000,558.3
2026-04-12 06:12:00.000,535.4
2026-04-12 06:13:00.000,527.5
2026-04-12 06:14:00.000,519.4
2026-04-12 06:15:00.000,566.3
2026-04-12 06:16:00.000,539.5
2026-04-12 06:17:00.000,541.3
2026-04-12 06:18:00.000,535.5
2026-04-12 06:19:00.000,548.1
2026-04-12 06:20:00.000,549.3
2026-04-12 06:21:00.000,536.2
2026-04-12 06:22:00.000,547.8
2026-04-12 06:23:00.000,524.2
2026-04-12 06:24:00.000,536.6
2026-04-12 06:25:00.000,547.1
2026-04-12 06:26:00.000,536.7
2026-04-12 06:27:00.000,527.3
2026-04-12 06:28:00.000,528.5
2026-04-12 06:29:00.000,555.6
2026-04-12 06:30:00.000,549.4
2026-04-12 06:31:00.000,539.0
2026-04-12 06:32:00.000,524.4
2026-04-12 06:33:00.000,536.4
2026-04-12 06:34:00.000,534.4
2026-04-12 06:35:00.000,547.5
2026-04-12 06:36:00.000,542.4
2026-04-12 06:37:00.000,536.3
2026-04-12 06:38:00.000,542.4
2026-04-12 06:39:00.000,540.8
2026-04-12 06:40:00.000,540.8
2026-04-12 06:41:00.000,540.9
2026-04-12 06:42:00.000,544.0
2026-04-12 06:43:00.000,537.0
2026-04-12 06:45:00.000,516.8
2026-04-12 06:46:00.000,498.4
2026-04-12 06:47:00.000,543.5
2026-04-12 06:48:00.000,539.7
2026-04-12 06:49:00.000,516.6
2026-04-12 06:50:00.000,504.7
2026-04-12 06:51:00.000,518.9
2026-04-12 06:52:00.000,513.3
2026-04-12 06:53:00.000,512.1
2026-04-12 06:54:00.000,514.2
2026-04-12 06:55:00.000,496.6
2026-04-12 06:56:00.000,513.9
2026-04-12 06:57:00.000,520.4
2026-04-12 06:58:00.000,512.8
2026-04-12 06:59:00.000,507.9
2026-04-12 07:00:00.000,507.1
2026-04-12 07:01:00.000,537.4
2026-04-12 07:02:00.000,528.7
2026-04-12 07:03:00.000,519.7
2026-04-12 07:04:00.000,485.1
2026-04-12 07:05:00.000,530.7
2026-04-12 07:06:00.000,546.3
2026-04-12 07:07:00.000,502.7
2026-04-12 07:08:00.000,511.6
2026-04-12 07:09:00.000,517.8
2026-04-12 07:10:00.000,536.8
2026-04-12 07:11:00.000,527.0
2026-04-12 07:12:00.000,528.3
2026-04-12 07:13:00.000,511.4
2026-04-12 07:14:00.000,510.4
2026-04-12 07:15:00.000,533.3
2026-04-12 07:16:00.000,530.5
2026-04-12 07:17:00.000,517.4
2026-04-12 07:18:00.000,498.2
2026-04-12 07:19:00.000,534.1
2026-04-12 07:20:00.000,526.2
2026-04-12 07:21:00.000,525.4
2026-04-12 07:22:00.000,519.7
2026-04-12 07:23:00.000,529.0
2026-04-12 07:24:00.000,533.6
2026-04-12 07:25:00.000,529.3
2026-04-12 07:26:00.000,528.0
2026-04-12 07:27:00.000,516.0
2026-04-12 07:28:00.000,520.5
2026-04-12 07:29:00.000,523.8
2026-04-12 07:30:00.000,530.7
2026-04-12 07:31:00.000,516.2
2026-04-12 07:32:00.000,500.4
2026-04-12 07:33:00.000,532.4
2026-04-12 07:34:00.000,532.7
2026-04-12 07:35:00.000,528.9
2026-04-12 07:36:00.000,499.6
2026-04-12 07:37:00.000,533.0
2026-04-12 07:38:00.000,528.9
2026-04-12 07:39:00.000,526.2
2026-04-12 07:40:00.000,526.8
2026-04-12 07:41:00.000,528.4
2026-04-12 07:42:00.000,537.1
2026-04-12 07:43:00.000,521.8
2026-04-12 07:44:00.000,515.6
2026-04-12 07:45:00.000,522.0
2026-04-12 07:46:00.000,540.3
2026-04-12 07:47:00.000,547.1
2026-04-12 07:48:00.000,534.8
2026-04-12 07:49:00.000,532.4
2026-04-12 07:50:00.000,522.5
2026-04-12 07:51:00.000,538.6
2026-04-12 07:52:00.000,519.8
2026-04-12 07:53:00.000,513.4
2026-04-12 07:54:00.000,491.9
2026-04-12 07:55:00.000,566.6
2026-04-12 07:56:00.000,559.6
2026-04-12 07:57:00.000,547.3
2026-04-12 07:58:00.000,530.3
2026-04-12 07:59:00.000,524.6
2026-04-12 08:00:00.000,538.9
2026-04-12 08:01:00.000,545.0
2026-04-12 08:02:00.000,557.5
2026-04-12 08:03:00.000,550.2
2026-04-12 08:04:00.000,529.5
2026-04-12 08:05:00.000,537.3
2026-04-12 08:06:00.000,532.7
2026-04-12 08:07:00.000,537.6
2026-04-12 08:08:00.000,512.2
2026-04-12 08:09:00.000,552.5
2026-04-12 08:10:00.000,545.1
2026-04-12 08:11:00.000,542.7
2026-04-12 08:12:00.000,524.3
2026-04-12 08:13:00.000,542.7
2026-04-12 08:14:00.000,538.5
2026-04-12 08:15:00.000,532.4
2026-04-12 08:16:00.000,529.2
2026-04-12 08:17:00.000,519.8
2026-04-12 08:18:00.000,520.3
2026-04-12 08:19:00.000,525.7
2026-04-12 08:20:00.000,517.3
2026-04-12 08:21:00.000,509.2
2026-04-12 08:22:00.000,502.9
2026-04-12 08:23:00.000,535.5
2026-04-12 08:24:00.000,526.0
2026-04-12 08:25:00.000,514.4
2026-04-12 08:26:00.000,497.4
2026-04-12 08:27:00.000,536.4
2026-04-12 08:28:00.000,525.9
2026-04-12 08:29:00.000,517.0
2026-04-12 08:30:00.000,512.9
2026-04-12 08:31:00.000,504.2
2026-04-12 08:32:00.000,500.0
2026-04-12 08:33:00.000,502.1
2026-04-12 08:34:00.000,498.1
2026-04-12 08:35:00.000,490.0
2026-04-12 08:36:00.000,496.2
2026-04-12 08:37:00.000,516.0
2026-04-12 08:38:00.000,502.8
2026-04-12 08:39:00.000,507.5
2026-04-12 08:40:00.000,481.6
2026-04-12 08:41:00.000,501.4
2026-04-12 08:42:00.000,498.1
2026-04-12 08:43:00.000,502.1
2026-04-12 08:44:00.000,495.8
2026-04-12 08:45:00.000,503.9
2026-04-12 08:46:00.000,500.7
2026-04-12 08:47:00.000,502.1
2026-04-12 08:48:00.000,512.5
2026-04-12 08:49:00.000,515.7
2026-04-12 08:50:00.000,527.9
2026-04-12 08:51:00.000,530.1
2026-04-12 08:52:00.000,509.6
2026-04-12 08:53:00.000,513.1
2026-04-12 08:54:00.000,503.7
2026-04-12 08:55:00.000,566.0
2026-04-12 08:56:00.000,534.7
2026-04-12 08:57:00.000,510.4
2026-04-12 08:58:00.000,489.4
2026-04-12 08:59:00.000,522.6
2026-04-12 09:01:00.000,506.9
2026-04-12 09:02:00.000,515.6
2026-04-12 09:03:00.000,513.5
2026-04-12 09:04:00.000,514.8
2026-04-12 09:05:00.000,517.8
2026-04-12 09:06:00.000,507.3
2026-04-12 09:07:00.000,504.8
2026-04-12 09:08:00.000,506.2
2026-04-12 09:09:00.000,524.2
2026-04-12 09:10:00.000,542.3
2026-04-12 09:11:00.000,504.4
2026-04-12 09:12:00.000,506.6
2026-04-12 09:13:00.000,549.1
2026-04-12 09:16:00.000,535.3
2026-04-12 09:17:00.000,541.7
2026-04-12 09:18:00.000,542.8
2026-04-12 09:19:00.000,547.5
2026-04-12 09:20:00.000,544.4
2026-04-12 09:21:00.000,537.7
2026-04-12 09:22:00.000,535.0
2026-04-12 09:23:00.000,539.2
2026-04-12 09:24:00.000,539.9
2026-04-12 09:25:00.000,524.7
2026-04-12 09:26:00.000,518.5
2026-04-12 09:27:00.000,506.7
2026-04-12 09:30:00.000,543.2
2026-04-12 09:31:00.000,530.8
2026-04-12 09:32:00.000,535.2
2026-04-12 09:33:00.000,538.5
2026-04-12 09:34:00.000,536.5
2026-04-12 09:35:00.000,535.5
2026-04-12 09:36:00.000,512.8
2026-04-12 09:37:00.000,512.8
2026-04-12 09:39:00.000,524.7
2026-04-12 09:40:00.000,526.5
2026-04-12 09:41:00.000,527.3
2026-04-12 09:42:00.000,520.7
2026-04-12 09:45:00.000,541.8
2026-04-12 09:46:00.000,541.5
2026-04-12 09:47:00.000,543.5
2026-04-12 09:48:00.000,542.8
2026-04-12 09:49:00.000,517.5
2026-04-12 09:50:00.000,533.5
2026-04-12 09:51:00.000,551.7
2026-04-12 09:52:00.000,556.1
2026-04-12 09:53:00.000,557.1
2026-04-12 09:54:00.000,554.6
2026-04-12 09:55:00.000,544.4
2026-04-12 09:56:00.000,537.5
2026-04-12 09:57:00.000,541.8
2026-04-12 09:58:00.000,541.9
2026-04-12 10:03:00.000,540.0
2026-04-12 10:04:00.000,524.0
2026-04-12 10:05:00.000,520.1
2026-04-12 10:06:00.000,508.8
2026-04-12 10:07:00.000,507.6
2026-04-12 10:08:00.000,505.6
2026-04-12 10:09:00.000,507.2
2026-04-12 10:10:00.000,511.2
2026-04-12 10:12:00.000,501.1
2026-04-12 10:13:00.000,508.3
2026-04-12 10:15:00.000,523.8
2026-04-12 10:16:00.000,523.7
2026-04-12 10:17:00.000,521.9
2026-04-12 10:18:00.000,521.9
2026-04-12 10:19:00.000,524.4
2026-04-12 10:20:00.000,527.7
2026-04-12 10:21:00.000,533.4
2026-04-12 10:22:00.000,508.9
2026-04-12 10:23:00.000,500.1
2026-04-12 10:24:00.000,498.4
2026-04-12 10:25:00.000,498.3
2026-04-12 10:26:00.000,504.7
2026-04-12 10:27:00.000,510.2
2026-04-12 10:28:00.000,515.9
2026-04-12 10:29:00.000,521.6
2026-04-12 10:30:00.000,523.4
2026-04-12 10:31:00.000,530.4
2026-04-12 10:32:00.000,519.9
2026-04-12 10:33:00.000,515.7
2026-04-12 10:34:00.000,495.4
2026-04-12 10:35:00.000,494.6
2026-04-12 10:36:00.000,495.1
2026-04-12 10:37:00.000,491.7
2026-04-12 10:38:00.000,490.4
2026-04-12 10:39:00.000,490.7
2026-04-12 10:40:00.000,491.5
2026-04-12 10:41:00.000,492.7
2026-04-12 10:42:00.000,493.6
2026-04-12 10:43:00.000,493.7
2026-04-12 10:45:00.000,498.2
2026-04-12 10:46:00.000,503.0
2026-04-12 10:47:00.000,524.0
2026-04-12 10:48:00.000,521.9
2026-04-12 10:49:00.000,527.1
2026-04-12 10:50:00.000,520.2
2026-04-12 10:51:00.000,513.6
2026-04-12 10:52:00.000,502.4
2026-04-12 10:53:00.000,504.6
2026-04-12 10:54:00.000,497.1
2026-04-12 10:55:00.000,494.2
2026-04-12 10:56:00.000,498.4
2026-04-12 10:57:00.000,502.8
2026-04-12 10:58:00.000,501.5
2026-04-12 10:59:00.000,491.9
2026-04-12 11:00:00.000,493.2
2026-04-12 11:01:00.000,500.9
2026-04-12 11:02:00.000,512.9
2026-04-12 11:03:00.000,504.9
2026-04-12 11:04:00.000,516.6
2026-04-12 11:05:00.000,514.0
2026-04-12 11:06:00.000,508.6
2026-04-12 11:07:00.000,489.8
2026-04-12 11:08:00.000,495.4
2026-04-12 11:09:00.000,492.9
2026-04-12 11:10:00.000,487.9
2026-04-12 11:11:00.000,487.1
2026-04-12 11:12:00.000,487.4
2026-04-12 11:13:00.000,490.4
2026-04-12 11:14:00.000,503.3
2026-04-12 11:15:00.000,502.1
2026-04-12 11:16:00.000,500.1
2026-04-12 11:18:00.000,499.7
2026-04-12 11:19:00.000,499.1
2026-04-12 11:20:00.000,493.7
2026-04-12 11:21:00.000,488.5
2026-04-12 11:22:00.000,484.7
2026-04-12 11:23:00.000,514.4
2026-04-12 11:24:00.000,513.6
2026-04-12 11:25:00.000,498.1
2026-04-12 11:26:00.000,486.0
2026-04-12 11:27:00.000,485.8
2026-04-12 11:28:00.000,486.4
2026-04-12 11:29:00.000,485.0
2026-04-12 11:30:00.000,485.5
2026-04-12 11:31:00.000,488.5
2026-04-12 11:32:00.000,492.1
2026-04-12 11:33:00.000,490.7
2026-04-12 11:34:00.000,488.6
2026-04-12 11:35:00.000,491.2
2026-04-12 11:36:00.000,492.3
2026-04-12 11:37:00.000,494.6
2026-04-12 11:38:00.000,490.3
2026-04-12 11:39:00.000,490.5
2026-04-12 11:40:00.000,491.8
2026-04-12 11:41:00.000,492.8
2026-04-12 11:42:00.000,496.2
2026-04-12 11:43:00.000,495.6
2026-04-12 11:44:00.000,499.0
2026-04-12 11:45:00.000,500.0
2026-04-12 11:46:00.000,500.8
2026-04-12 11:47:00.000,500.4
2026-04-12 11:48:00.000,498.9
2026-04-12 11:49:00.000,496.7
2026-04-12 11:51:00.000,488.6
2026-04-12 11:52:00.000,488.8
2026-04-12 11:53:00.000,492.6
2026-04-12 11:54:00.000,491.4
2026-04-12 11:55:00.000,494.3
2026-04-12 11:56:00.000,498.0
2026-04-12 11:57:00.000,505.8
2026-04-12 11:58:00.000,507.5
2026-04-12 12:00:00.000,515.9
2026-04-12 12:01:00.000,513.5
2026-04-12 12:02:00.000,507.6
2026-04-12 12:03:00.000,503.4
2026-04-12 12:04:00.000,505.8
2026-04-12 12:05:00.000,510.7
2026-04-12 12:06:00.000,510.5
2026-04-12 12:07:00.000,494.8
2026-04-12 12:08:00.000,497.3
2026-04-12 12:09:00.000,492.4
2026-04-12 12:10:00.000,489.6
2026-04-12 12:11:00.000,517.2
2026-04-12 12:12:00.000,514.8
2026-04-12 12:13:00.000,508.2
2026-04-12 12:15:00.000,503.6
2026-04-12 12:16:00.000,508.9
2026-04-12 12:17:00.000,507.2
2026-04-12 12:18:00.000,509.7
2026-04-12 12:19:00.000,510.1
2026-04-12 12:20:00.000,496.1
2026-04-12 12:21:00.000,496.6
2026-04-12 12:22:00.000,495.5
2026-04-12 12:25:00.000,491.7
2026-04-12 12:26:00.000,492.5
2026-04-12 12:27:00.000,493.1
2026-04-12 12:28:00.000,494.7
2026-04-12 12:30:00.000,508.6
2026-04-12 12:31:00.000,511.4
2026-04-12 12:32:00.000,517.0
2026-04-12 12:33:00.000,516.7
2026-04-12 12:34:00.000,512.5
2026-04-12 12:35:00.000,511.0
2026-04-12 12:36:00.000,511.1
2026-04-12 12:37:00.000,509.4
2026-04-12 12:38:00.000,503.7
2026-04-12 12:39:00.000,507.5
2026-04-12 12:40:00.000,511.2
2026-04-12 12:41:00.000,496.3
2026-04-12 12:42:00.000,508.5
2026-04-12 12:43:00.000,502.3
2026-04-12 12:44:00.000,504.9
2026-04-12 12:45:00.000,506.0
2026-04-12 12:46:00.000,481.0
2026-04-12 12:47:00.000,493.3
2026-04-12 12:48:00.000,496.0
2026-04-12 12:49:00.000,489.3
2026-04-12 12:50:00.000,480.4
2026-04-12 12:51:00.000,484.7
2026-04-12 12:52:00.000,507.8
2026-04-12 12:53:00.000,502.6
2026-04-12 12:54:00.000,492.8
2026-04-12 12:55:00.000,485.7
2026-04-12 12:56:00.000,511.0
2026-04-12 12:58:00.000,488.8
2026-04-12 12:59:00.000,492.9
2026-04-12 13:00:00.000,462.1
2026-04-12 13:01:00.000,501.4
2026-04-12 13:02:00.000,503.2
2026-04-12 13:03:00.000,489.7
2026-04-12 13:04:00.000,479.2
2026-04-12 13:05:00.000,488.2
2026-04-12 13:06:00.000,499.3
2026-04-12 13:07:00.000,495.2
2026-04-12 13:08:00.000,484.2
2026-04-12 13:09:00.000,466.2
2026-04-12 13:10:00.000,460.4
2026-04-12 13:11:00.000,487.2
2026-04-12 13:12:00.000,488.2
2026-04-12 13:13:00.000,492.4
2026-04-12 13:14:00.000,491.5
2026-04-12 13:15:00.000,498.1
2026-04-12 13:16:00.000,486.6
2026-04-12 13:17:00.000,491.8
2026-04-12 13:18:00.000,487.8
2026-04-12 13:19:00.000,491.7
2026-04-12 13:20:00.000,490.6
2026-04-12 13:21:00.000,486.8
2026-04-12 13:22:00.000,482.7
2026-04-12 13:23:00.000,486.4
2026-04-12 13:24:00.000,496.9
2026-04-12 13:25:00.000,489.0
2026-04-12 13:26:00.000,480.3
2026-04-12 13:27:00.000,479.2
2026-04-12 13:28:00.000,498.4
2026-04-12 13:29:00.000,489.3
2026-04-12 13:32:00.000,476.8
2026-04-12 13:33:00.000,483.6
2026-04-12 13:34:00.000,482.1
2026-04-12 13:35:00.000,486.6
2026-04-12 13:36:00.000,482.3
2026-04-12 13:37:00.000,482.3
2026-04-12 13:38:00.000,487.0
2026-04-12 13:39:00.000,483.2
2026-04-12 13:40:00.000,480.6
2026-04-12 13:41:00.000,477.0
2026-04-12 13:42:00.000,484.7
2026-04-12 13:43:00.000,490.1
2026-04-12 13:44:00.000,483.1
2026-04-12 13:45:00.000,480.8
2026-04-12 13:46:00.000,474.4
2026-04-12 13:47:00.000,493.0
2026-04-12 13:48:00.000,488.6
2026-04-12 13:49:00.000,484.4
2026-04-12 13:50:00.000,469.6
2026-04-12 13:51:00.000,484.2
2026-04-12 13:52:00.000,486.5
2026-04-12 13:53:00.000,484.2
2026-04-12 13:54:00.000,473.0
2026-04-12 13:55:00.000,469.3
2026-04-12 13:56:00.000,500.5
2026-04-12 13:57:00.000,497.5
2026-04-12 13:58:00.000,476.9
2026-04-12 13:59:00.000,471.1
2026-04-12 14:00:00.000,517.6
2026-04-12 14:01:00.000,514.0
2026-04-12 14:02:00.000,504.8
2026-04-12 14:03:00.000,504.7
2026-04-12 14:04:00.000,499.2
2026-04-12 14:05:00.000,499.8
2026-04-12 14:06:00.000,493.6
2026-04-12 14:07:00.000,490.5
2026-04-12 14:08:00.000,490.4
2026-04-12 14:09:00.000,501.7
2026-04-12 14:10:00.000,502.4
2026-04-12 14:11:00.000,488.0
2026-04-12 14:12:00.000,478.3
2026-04-12 14:13:00.000,475.4
2026-04-12 14:14:00.000,502.9
2026-04-12 14:15:00.000,488.5
2026-04-12 14:16:00.000,483.0
2026-04-12 14:17:00.000,486.8
2026-04-12 14:18:00.000,498.0
2026-04-12 14:19:00.000,481.9
2026-04-12 14:20:00.000,483.1
2026-04-12 14:21:00.000,487.2
2026-04-12 14:22:00.000,469.7
2026-04-12 14:23:00.000,469.5
2026-04-12 14:24:00.000,484.4
2026-04-12 14:25:00.000,486.2
2026-04-12 14:26:00.000,470.1
2026-04-12 14:27:00.000,464.1
2026-04-12 14:28:00.000,490.1
2026-04-12 14:29:00.000,488.4
2026-04-12 14:30:00.000,474.6
2026-04-12 14:31:00.000,468.8
2026-04-12 14:32:00.000,528.6
2026-04-12 14:33:00.000,510.9
2026-04-12 14:34:00.000,503.9
2026-04-12 14:35:00.000,488.3
2026-04-12 14:36:00.000,486.9
2026-04-12 14:38:00.000,491.2
2026-04-12 14:39:00.000,492.5
2026-04-12 14:40:00.000,499.1
2026-04-12 14:41:00.000,509.8
2026-04-12 14:42:00.000,512.8
2026-04-12 14:43:00.000,507.2
2026-04-12 14:46:00.000,521.3
2026-04-12 14:47:00.000,498.4
2026-04-12 14:48:00.000,480.8
2026-04-12 14:49:00.000,508.3
2026-04-12 14:50:00.000,534.4
2026-04-12 14:51:00.000,497.0
2026-04-12 14:52:00.000,488.5
2026-04-12 14:53:00.000,497.4
2026-04-12 14:54:00.000,491.3
2026-04-12 14:55:00.000,494.5
2026-04-12 14:56:00.000,487.5
2026-04-12 14:57:00.000,482.5
2026-04-12 14:58:00.000,476.9
2026-04-12 15:01:00.000,490.4
2026-04-12 15:02:00.000,478.8
2026-04-12 15:03:00.000,460.9
2026-04-12 15:04:00.000,479.6
2026-04-12 15:05:00.000,480.8
2026-04-12 15:06:00.000,482.8
2026-04-12 15:07:00.000,466.7
2026-04-12 15:08:00.000,486.8
2026-04-12 15:09:00.000,490.7
2026-04-12 15:10:00.000,475.2
2026-04-12 15:11:00.000,475.0
2026-04-12 15:12:00.000,468.1
2026-04-12 15:13:00.000,479.0
2026-04-12 15:15:00.000,483.8
2026-04-12 15:16:00.000,485.1
2026-04-12 15:17:00.000,467.7
2026-04-12 15:18:00.000,490.7
2026-04-12 15:19:00.000,485.2
2026-04-12 15:20:00.000,486.7
2026-04-12 15:21:00.000,483.3
2026-04-12 15:22:00.000,519.8
2026-04-12 15:23:00.000,525.4
2026-04-12 15:24:00.000,514.5
2026-04-12 15:25:00.000,502.1
2026-04-12 15:26:00.000,507.7
2026-04-12 15:27:00.000,507.7
2026-04-12 15:28:00.000,514.2
2026-04-12 15:29:00.000,509.4
2026-04-12 15:30:00.000,489.8
2026-04-12 15:31:00.000,482.0
2026-04-12 15:32:00.000,497.9
2026-04-12 15:33:00.000,495.3
2026-04-12 15:34:00.000,487.5
2026-04-12 15:35:00.000,463.4
2026-04-12 15:36:00.000,509.1
2026-04-12 15:37:00.000,486.8
2026-04-12 15:38:00.000,486.9
2026-04-12 15:39:00.000,473.5
2026-04-12 15:40:00.000,481.6
2026-04-12 15:41:00.000,489.3
2026-04-12 15:42:00.000,491.0
2026-04-12 15:43:00.000,479.7
2026-04-12 15:44:00.000,478.6
2026-04-12 15:45:00.000,493.7
2026-04-12 15:46:00.000,499.0
2026-04-12 15:47:00.000,496.0
2026-04-12 15:48:00.000,498.2
2026-04-12 15:49:00.000,484.6
2026-04-12 15:50:00.000,507.9
2026-04-12 15:51:00.000,491.5
2026-04-12 15:52:00.000,496.0
2026-04-12 15:53:00.000,461.1
2026-04-12 15:54:00.000,514.8
2026-04-12 15:55:00.000,523.3
2026-04-12 15:56:00.000,516.8
2026-04-12 15:57:00.000,503.8
2026-04-12 15:58:00.000,508.8
2026-04-12 15:59:00.000,505.6
2026-04-12 16:02:00.000,493.4
2026-04-12 16:03:00.000,488.8
2026-04-12 16:04:00.000,496.7
2026-04-12 16:05:00.000,487.3
2026-04-12 16:06:00.000,485.1
2026-04-12 16:07:00.000,475.3
2026-04-12 16:08:00.000,510.2
2026-04-12 16:09:00.000,487.8
2026-04-12 16:10:00.000,485.1
2026-04-12 16:11:00.000,480.2
2026-04-12 16:12:00.000,505.0
2026-04-12 16:13:00.000,502.3
2026-04-12 16:14:00.000,490.0
2026-04-12 16:15:00.000,485.9
2026-04-12 16:16:00.000,523.7
2026-04-12 16:17:00.000,507.1
2026-04-12 16:18:00.000,487.1
2026-04-12 16:19:00.000,491.0
2026-04-12 16:20:00.000,496.5
2026-04-12 16:21:00.000,485.2
2026-04-12 16:22:00.000,512.1
2026-04-12 16:23:00.000,512.3
2026-04-12 16:24:00.000,491.4
2026-04-12 16:25:00.000,503.7
2026-04-12 16:26:00.000,527.5
2026-04-12 16:27:00.000,532.5
2026-04-12 16:28:00.000,513.1
2026-04-12 16:29:00.000,515.1
2026-04-12 16:30:00.000,517.8
2026-04-12 16:31:00.000,531.5
2026-04-12 16:32:00.000,523.6
2026-04-12 16:33:00.000,516.6
2026-04-12 16:34:00.000,496.1
2026-04-12 16:35:00.000,491.3
2026-04-12 16:36:00.000,527.4
2026-04-12 16:37:00.000,514.5
2026-04-12 16:38:00.000,489.9
2026-04-12 16:39:00.000,477.1
2026-04-12 16:40:00.000,524.7
2026-04-12 16:41:00.000,498.3
2026-04-12 16:42:00.000,503.0
2026-04-12 16:43:00.000,502.5
2026-04-12 16:44:00.000,509.8
2026-04-12 16:45:00.000,507.7
2026-04-12 16:46:00.000,497.6
2026-04-12 16:47:00.000,510.9
2026-04-12 16:48:00.000,520.1
2026-04-12 16:49:00.000,486.5
2026-04-12 16:50:00.000,481.1
2026-04-12 16:51:00.000,477.9
2026-04-12 16:52:00.000,475.2
2026-04-12 16:53:00.000,468.8
2026-04-12 16:54:00.000,503.0
2026-04-12 16:55:00.000,495.7
2026-04-12 16:56:00.000,489.6
2026-04-12 16:57:00.000,458.7
2026-04-12 16:58:00.000,519.4
2026-04-12 16:59:00.000,509.4
2026-04-12 17:00:00.000,503.3
2026-04-12 17:01:00.000,493.4
2026-04-12 17:02:00.000,511.8
2026-04-12 17:03:00.000,523.8
2026-04-12 17:04:00.000,508.4
2026-04-12 17:05:00.000,499.5
2026-04-12 17:06:00.000,487.4
2026-04-12 17:07:00.000,487.8
2026-04-12 17:08:00.000,517.1
2026-04-12 17:09:00.000,510.0
2026-04-12 17:10:00.000,494.9
2026-04-12 17:11:00.000,496.9
2026-04-12 17:12:00.000,497.0
2026-04-12 17:13:00.000,500.6
2026-04-12 17:14:00.000,479.9
2026-04-12 17:15:00.000,453.4
2026-04-12 17:16:00.000,483.2
2026-04-12 17:17:00.000,478.4
2026-04-12 17:18:00.000,481.5
2026-04-12 17:19:00.000,465.7
2026-04-12 17:20:00.000,472.3
2026-04-12 17:21:00.000,483.9
2026-04-12 17:22:00.000,480.3
2026-04-12 17:23:00.000,480.2
2026-04-12 17:24:00.000,469.5
2026-04-12 17:25:00.000,457.3
2026-04-12 17:26:00.000,489.8
2026-04-12 17:27:00.000,495.7
2026-04-12 17:28:00.000,481.5
2026-04-12 17:29:00.000,452.1
2026-04-12 17:30:00.000,495.7
2026-04-12 17:31:00.000,479.3
2026-04-12 17:32:00.000,476.9
2026-04-12 17:33:00.000,463.0
2026-04-12 17:34:00.000,484.7
2026-04-12 17:35:00.000,489.1
2026-04-12 17:36:00.000,484.9
2026-04-12 17:37:00.000,478.3
2026-04-12 17:38:00.000,477.7
2026-04-12 17:39:00.000,486.8
2026-04-12 17:40:00.000,487.7
2026-04-12 17:41:00.000,481.2
2026-04-12 17:42:00.000,484.1
2026-04-12 17:43:00.000,466.0
2026-04-12 17:44:00.000,504.7
2026-04-12 17:45:00.000,489.5
2026-04-12 17:46:00.000,481.5
2026-04-12 17:47:00.000,465.4
2026-04-12 17:48:00.000,489.8
2026-04-12 17:49:00.000,486.7
2026-04-12 17:50:00.000,480.0
2026-04-12 17:51:00.000,474.2
2026-04-12 17:52:00.000,485.3
2026-04-12 17:53:00.000,498.0
2026-04-12 17:54:00.000,501.0
2026-04-12 17:55:00.000,482.8
2026-04-12 17:56:00.000,478.8
2026-04-12 17:57:00.000,480.4
2026-04-12 17:58:00.000,512.1
2026-04-12 17:59:00.000,513.0
2026-04-12 18:00:00.000,494.4
2026-04-12 18:01:00.000,454.5
2026-04-12 18:02:00.000,495.3
2026-04-12 18:03:00.000,482.2
2026-04-12 18:04:00.000,497.2
2026-04-12 18:05:00.000,494.4
2026-04-12 18:06:00.000,502.4
2026-04-12 18:07:00.000,506.8
2026-04-12 18:08:00.000,499.1
2026-04-12 18:09:00.000,480.0
2026-04-12 18:10:00.000,471.7
2026-04-12 18:11:00.000,480.6
2026-04-12 18:12:00.000,501.3
2026-04-12 18:13:00.000,531.0
2026-04-12 18:14:00.000,516.0
2026-04-12 18:15:00.000,485.4
2026-04-12 18:16:00.000,541.1
2026-04-12 18:17:00.000,539.6
2026-04-12 18:18:00.000,523.9
2026-04-12 18:19:00.000,483.8
2026-04-12 18:20:00.000,518.6
2026-04-12 18:21:00.000,501.0
2026-04-12 18:22:00.000,505.0
2026-04-12 18:23:00.000,488.4
2026-04-12 18:24:00.000,505.1
2026-04-12 18:25:00.000,518.4
2026-04-12 18:26:00.000,514.9
2026-04-12 18:27:00.000,518.3
2026-04-12 18:28:00.000,484.8
2026-04-12 18:31:00.000,495.7
2026-04-12 18:32:00.000,512.0
2026-04-12 18:33:00.000,465.6
2026-04-12 18:34:00.000,533.1
2026-04-12 18:35:00.000,518.4
2026-04-12 18:36:00.000,518.9
2026-04-12 18:37:00.000,502.5
2026-04-12 18:38:00.000,517.4
2026-04-12 18:39:00.000,515.4
2026-04-12 18:40:00.000,506.7
2026-04-12 18:41:00.000,477.0
2026-04-12 18:42:00.000,474.1
2026-04-12 18:43:00.000,499.5
2026-04-12 18:44:00.000,500.4
2026-04-12 18:45:00.000,496.3
2026-04-12 18:46:00.000,492.8
2026-04-12 18:47:00.000,472.5
2026-04-12 18:48:00.000,502.0
2026-04-12 18:49:00.000,506.8
2026-04-12 18:50:00.000,487.6
2026-04-12 18:51:00.000,475.3
2026-04-12 18:52:00.000,519.9
2026-04-12 18:53:00.000,504.0
2026-04-12 18:54:00.000,511.1
2026-04-12 18:55:00.000,491.1
2026-04-12 18:56:00.000,507.2
2026-04-12 18:57:00.000,514.9
2026-04-12 18:58:00.000,491.6
2026-04-12 18:59:00.000,491.1
2026-04-12 19:00:00.000,484.9
2026-04-12 19:03:00.000,471.2
2026-04-12 19:04:00.000,485.6
2026-04-12 19:05:00.000,469.7
2026-04-12 19:06:00.000,492.9
2026-04-12 19:07:00.000,487.9
2026-04-12 19:08:00.000,477.0
2026-04-12 19:09:00.000,470.1
2026-04-12 19:10:00.000,485.1
2026-04-12 19:11:00.000,498.2
2026-04-12 19:12:00.000,487.7
2026-04-12 19:13:00.000,474.5
2026-04-12 19:16:00.000,472.7
2026-04-12 19:17:00.000,478.7
2026-04-12 19:18:00.000,475.9
2026-04-12 19:19:00.000,471.5
2026-04-12 19:20:00.000,479.9
2026-04-12 19:21:00.000,485.7
2026-04-12 19:22:00.000,487.0
2026-04-12 19:23:00.000,476.4
2026-04-12 19:24:00.000,499.3
2026-04-12 19:25:00.000,485.6
2026-04-12 19:26:00.000,481.3
2026-04-12 19:27:00.000,456.5
2026-04-12 19:28:00.000,437.9
2026-04-12 19:29:00.000,455.9
2026-04-12 19:30:00.000,477.0
2026-04-12 19:31:00.000,469.2
2026-04-12 19:32:00.000,459.2
2026-04-12 19:33:00.000,467.0
2026-04-12 19:36:00.000,461.9
2026-04-12 19:37:00.000,460.4
2026-04-12 19:38:00.000,481.4
2026-04-12 19:39:00.000,462.5
2026-04-12 19:40:00.000,469.5
2026-04-12 19:41:00.000,467.6
2026-04-12 19:42:00.000,482.5
2026-04-12 19:43:00.000,481.5
2026-04-12 19:44:00.000,470.4
2026-04-12 19:45:00.000,458.7
2026-04-12 19:46:00.000,473.5
2026-04-12 19:47:00.000,488.7
2026-04-12 19:48:00.000,468.8
2026-04-12 19:49:00.000,461.9
2026-04-12 19:50:00.000,464.9
2026-04-12 19:51:00.000,471.1
2026-04-12 19:52:00.000,472.6
2026-04-12 19:53:00.000,459.2
2026-04-12 19:54:00.000,466.2
2026-04-12 19:55:00.000,443.2
2026-04-12 19:56:00.000,475.6
2026-04-12 19:57:00.000,469.7
2026-04-12 19:58:00.000,464.7
2026-04-12 19:59:00.000,452.0
2026-04-12 20:00:00.000,481.6
2026-04-12 20:01:00.000,474.2
2026-04-12 20:02:00.000,470.1
2026-04-12 20:03:00.000,461.7
2026-04-12 20:04:00.000,452.7
2026-04-12 20:05:00.000,474.2
2026-04-12 20:06:00.000,475.4
2026-04-12 20:07:00.000,465.2
2026-04-12 20:08:00.000,465.0
2026-04-12 20:09:00.000,461.0
2026-04-12 20:10:00.000,477.4
2026-04-12 20:11:00.000,462.5
2026-04-12 20:12:00.000,485.8
2026-04-12 20:13:00.000,459.1
2026-04-12 20:14:00.000,487.4
2026-04-12 20:15:00.000,486.9
2026-04-12 20:16:00.000,482.2
2026-04-12 20:17:00.000,478.6
2026-04-12 20:18:00.000,478.3
2026-04-12 20:19:00.000,482.7
2026-04-12 20:20:00.000,476.2
2026-04-12 20:21:00.000,466.6
2026-04-12 20:22:00.000,463.6
2026-04-12 20:23:00.000,480.9
2026-04-12 20:24:00.000,475.2
2026-04-12 20:25:00.000,471.3
2026-04-12 20:26:00.000,476.1
2026-04-12 20:27:00.000,461.0
2026-04-12 20:28:00.000,481.1
2026-04-12 20:29:00.000,467.8
2026-04-12 20:30:00.000,472.6
2026-04-12 20:31:00.000,461.5
2026-04-12 20:32:00.000,481.9
2026-04-12 20:33:00.000,479.3
2026-04-12 20:34:00.000,457.5
2026-04-12 20:35:00.000,451.0
2026-04-12 20:36:00.000,451.2
2026-04-12 20:37:00.000,468.7
2026-04-12 20:38:00.000,456.2
2026-04-12 20:39:00.000,449.7
2026-04-12 20:41:00.000,469.0
2026-04-12 20:42:00.000,455.1
2026-04-12 20:43:00.000,455.4
2026-04-12 20:44:00.000,459.7
2026-04-12 20:45:00.000,457.3
2026-04-12 20:46:00.000,465.8
2026-04-12 20:47:00.000,468.9
2026-04-12 20:48:00.000,466.1
2026-04-12 20:49:00.000,450.1
2026-04-12 20:50:00.000,453.0
2026-04-12 20:51:00.000,469.5
2026-04-12 20:52:00.000,456.0
2026-04-12 20:53:00.000,452.2
2026-04-12 20:54:00.000,439.5
2026-04-12 20:55:00.000,437.4
2026-04-12 20:56:00.000,460.8
2026-04-12 20:57:00.000,450.2
2026-04-12 20:58:00.000,460.5
2026-04-12 20:59:00.000,450.7
2026-04-12 21:00:00.000,463.8
2026-04-12 21:01:00.000,463.7
2026-04-12 21:02:00.000,458.4
2026-04-12 21:03:00.000,446.2
2026-04-12 21:04:00.000,455.5
2026-04-12 21:05:00.000,465.8
2026-04-12 21:06:00.000,462.8
2026-04-12 21:07:00.000,452.1
2026-04-12 21:08:00.000,447.4
2026-04-12 21:09:00.000,461.5
2026-04-12 21:10:00.000,464.8
2026-04-12 21:11:00.000,451.2
2026-04-12 21:12:00.000,447.8
2026-04-12 21:14:00.000,448.3
2026-04-12 21:15:00.000,452.1
2026-04-12 21:16:00.000,482.9
2026-04-12 21:17:00.000,472.9
2026-04-12 21:18:00.000,469.8
2026-04-12 21:19:00.000,464.2
2026-04-12 21:20:00.000,487.1
2026-04-12 21:21:00.000,498.3
2026-04-12 21:22:00.000,504.9
2026-04-12 21:23:00.000,507.9
2026-04-12 21:24:00.000,483.4
2026-04-12 21:25:00.000,478.5
2026-04-12 21:26:00.000,468.9
2026-04-12 21:27:00.000,490.7
2026-04-12 21:28:00.000,490.4
2026-04-12 21:29:00.000,495.0
2026-04-12 21:30:00.000,493.8
2026-04-12 21:32:00.000,503.2
2026-04-12 21:33:00.000,485.5
2026-04-12 21:34:00.000,498.6
2026-04-12 21:35:00.000,474.4
2026-04-12 21:36:00.000,482.7
2026-04-12 21:37:00.000,487.2
2026-04-12 21:38:00.000,475.2
2026-04-12 21:39:00.000,467.3
2026-04-12 21:42:00.000,489.0
2026-04-12 21:43:00.000,468.2
2026-04-12 21:44:00.000,475.0
2026-04-12 21:45:00.000,517.7
2026-04-12 21:47:00.000,470.9
2026-04-12 21:48:00.000,472.4
2026-04-12 21:49:00.000,470.4
2026-04-12 21:50:00.000,474.5
2026-04-12 21:51:00.000,473.3
2026-04-12 21:52:00.000,481.3
2026-04-12 21:53:00.000,481.7
2026-04-12 21:54:00.000,482.7
2026-04-12 21:55:00.000,487.4
2026-04-12 21:56:00.000,482.4
2026-04-12 21:57:00.000,485.5
2026-04-12 21:58:00.000,488.1
2026-04-12 22:01:00.000,474.8
2026-04-12 22:02:00.000,483.4
2026-04-12 22:03:00.000,460.1
2026-04-12 22:04:00.000,479.2
2026-04-12 22:05:00.000,489.6
2026-04-12 22:06:00.000,484.2
2026-04-12 22:07:00.000,468.6
2026-04-12 22:08:00.000,482.0
2026-04-12 22:09:00.000,488.7
2026-04-12 22:10:00.000,477.3
2026-04-12 22:11:00.000,474.6
2026-04-12 22:12:00.000,482.6
2026-04-12 22:13:00.000,489.7
2026-04-12 22:14:00.000,482.1
2026-04-12 22:15:00.000,472.4
2026-04-12 22:16:00.000,470.9
2026-04-12 22:17:00.000,495.1
2026-04-12 22:18:00.000,479.5
2026-04-12 22:19:00.000,479.2
2026-04-12 22:21:00.000,485.2
2026-04-12 22:22:00.000,482.0
2026-04-12 22:23:00.000,485.8
2026-04-12 22:24:00.000,488.8
2026-04-12 22:25:00.000,480.9
2026-04-12 22:26:00.000,473.8
2026-04-12 22:27:00.000,477.2
2026-04-12 22:28:00.000,482.7
2026-04-12 22:29:00.000,485.4
2026-04-12 22:30:00.000,489.4
2026-04-12 22:31:00.000,495.4
2026-04-12 22:32:00.000,488.8
2026-04-12 22:33:00.000,487.6
2026-04-12 22:34:00.000,480.1
2026-04-12 22:35:00.000,480.2
2026-04-12 22:36:00.000,493.1
2026-04-12 22:37:00.000,471.4
2026-04-12 22:38:00.000,469.5
2026-04-12 22:39:00.000,459.5
2026-04-12 22:40:00.000,470.2
2026-04-12 22:41:00.000,477.9
2026-04-12 22:42:00.000,477.8
2026-04-12 22:43:00.000,466.2
2026-04-12 22:44:00.000,461.5
2026-04-12 22:45:00.000,504.8
2026-04-12 22:46:00.000,490.5
2026-04-12 22:47:00.000,485.1
2026-04-12 22:48:00.000,487.8
2026-04-12 22:49:00.000,471.6
2026-04-12 22:50:00.000,481.8
2026-04-12 22:51:00.000,481.0
2026-04-12 22:52:00.000,480.9
2026-04-12 22:53:00.000,482.7
2026-04-12 22:54:00.000,477.3
2026-04-12 22:55:00.000,474.7
2026-04-12 22:56:00.000,476.6
2026-04-12 22:57:00.000,482.3
2026-04-12 22:58:00.000,480.5
2026-04-12 22:59:00.000,473.5
2026-04-12 23:00:00.000,465.6
2026-04-12 23:01:00.000,469.1
2026-04-12 23:02:00.000,479.0
2026-04-12 23:03:00.000,476.0
2026-04-12 23:04:00.000,471.3
2026-04-12 23:05:00.000,469.5
2026-04-12 23:06:00.000,467.7
2026-04-12 23:07:00.000,472.3
2026-04-12 23:08:00.000,473.7
2026-04-12 23:09:00.000,475.2
2026-04-12 23:10:00.000,474.1
2026-04-12 23:11:00.000,470.9
2026-04-12 23:12:00.000,471.5
2026-04-12 23:13:00.000,472.9
2026-04-12 23:14:00.000,471.3
2026-04-12 23:15:00.000,467.9
2026-04-12 23:16:00.000,466.2
2026-04-12 23:17:00.000,467.0
2026-04-12 23:18:00.000,465.0
2026-04-12 23:19:00.000,461.3
2026-04-12 23:20:00.000,454.6
2026-04-12 23:21:00.000,459.3
2026-04-12 23:22:00.000,463.9
2026-04-12 23:23:00.000,458.6
2026-04-12 23:24:00.000,455.2
2026-04-12 23:25:00.000,454.7
2026-04-12 23:26:00.000,456.5
2026-04-12 23:27:00.000,456.6
2026-04-12 23:28:00.000,458.6
2026-04-12 23:29:00.000,461.4
2026-04-12 23:30:00.000,459.6
2026-04-12 23:31:00.000,455.5
2026-04-12 23:32:00.000,457.8
2026-04-12 23:33:00.000,462.7
2026-04-12 23:34:00.000,461.0
2026-04-12 23:35:00.000,473.5
2026-04-12 23:36:00.000,473.1
2026-04-12 23:37:00.000,465.4
2026-04-12 23:38:00.000,479.0
2026-04-12 23:39:00.000,478.4
2026-04-12 23:40:00.000,482.0
2026-04-12 23:41:00.000,477.4
2026-04-12 23:42:00.000,478.9
2026-04-12 23:43:00.000,482.2
2026-04-12 23:44:00.000,485.0
2026-04-12 23:45:00.000,486.6
2026-04-12 23:46:00.000,486.2
2026-04-12 23:47:00.000,484.6
2026-04-12 23:48:00.000,481.1
2026-04-12 23:49:00.000,474.7
2026-04-12 23:50:00.000,474.1
2026-04-12 23:51:00.000,475.2
2026-04-12 23:52:00.000,473.4
2026-04-12 23:53:00.000,475.0
2026-04-12 23:54:00.000,484.8
2026-04-12 23:55:00.000,480.2
2026-04-12 23:56:00.000,475.2
2026-04-12 23:57:00.000,475.7
2026-04-12 23:59:00.000,474.0
2026-04-13 00:00:00.000,476.7
2026-04-13 00:01:00.000,478.8
2026-04-13 00:02:00.000,480.9
2026-04-13 00:03:00.000,477.6
2026-04-13 00:04:00.000,472.5
2026-04-13 00:05:00.000,478.2
2026-04-13 00:06:00.000,470.7
2026-04-13 00:07:00.000,474.1
2026-04-13 00:08:00.000,471.3
2026-04-13 00:09:00.000,460.2
2026-04-13 00:10:00.000,456.3
2026-04-13 00:11:00.000,456.0
2026-04-13 00:12:00.000,455.7
2026-04-13 00:13:00.000,450.8
2026-04-13 00:14:00.000,449.0
2026-04-13 00:15:00.000,454.3
2026-04-13 00:16:00.000,462.5
2026-04-13 00:17:00.000,466.8
2026-04-13 00:18:00.000,471.9
2026-04-13 00:19:00.000,477.6
2026-04-13 00:20:00.000,474.7
2026-04-13 00:21:00.000,472.4
2026-04-13 00:22:00.000,470.5
2026-04-13 00:23:00.000,462.6
2026-04-13 00:24:00.000,467.6
2026-04-13 00:25:00.000,458.3
2026-04-13 00:26:00.000,462.1
2026-04-13 00:27:00.000,459.1
2026-04-13 00:28:00.000,463.0
2026-04-13 00:29:00.000,463.4
2026-04-13 00:30:00.000,465.7
2026-04-13 00:31:00.000,466.7
2026-04-13 00:32:00.000,473.4
2026-04-13 00:33:00.000,468.5
2026-04-13 00:34:00.000,463.3
2026-04-13 00:35:00.000,462.8
2026-04-13 00:36:00.000,463.1
2026-04-13 00:37:00.000,467.5
2026-04-13 00:38:00.000,481.9
2026-04-13 00:39:00.000,486.0
2026-04-13 00:40:00.000,498.9
2026-04-13 00:41:00.000,465.4
2026-04-13 00:42:00.000,464.4
2026-04-13 00:43:00.000,468.6
2026-04-13 00:44:00.000,470.8
2026-04-13 00:45:00.000,461.3
2026-04-13 00:46:00.000,456.0
2026-04-13 00:47:00.000,456.9
2026-04-13 00:48:00.000,456.3
2026-04-13 00:49:00.000,456.2
2026-04-13 00:50:00.000,457.2
2026-04-13 00:51:00.000,457.3
2026-04-13 00:52:00.000,456.8
2026-04-13 00:53:00.000,455.8
2026-04-13 00:54:00.000,456.6
2026-04-13 00:55:00.000,453.0
2026-04-13 00:56:00.000,452.9
2026-04-13 00:57:00.000,452.1
2026-04-13 00:58:00.000,449.9
2026-04-13 00:59:00.000,486.4
2026-04-13 01:00:00.000,477.0
2026-04-13 01:01:00.000,466.9
2026-04-13 01:02:00.000,481.6
2026-04-13 01:03:00.000,477.4
2026-04-13 01:04:00.000,471.5
2026-04-13 01:05:00.000,472.9
2026-04-13 01:06:00.000,458.0
2026-04-13 01:07:00.000,456.2
2026-04-13 01:08:00.000,450.1
2026-04-13 01:09:00.000,447.2
2026-04-13 01:10:00.000,459.4
2026-04-13 01:11:00.000,460.6
2026-04-13 01:12:00.000,458.7
2026-04-13 01:13:00.000,456.5
2026-04-13 01:14:00.000,453.6
2026-04-13 01:15:00.000,468.6
2026-04-13 01:16:00.000,469.9
2026-04-13 01:17:00.000,468.9
2026-04-13 01:18:00.000,472.6
2026-04-13 01:19:00.000,471.9
2026-04-13 01:20:00.000,462.9
2026-04-13 01:21:00.000,466.7
2026-04-13 01:22:00.000,478.6
2026-04-13 01:23:00.000,482.5
2026-04-13 01:24:00.000,486.3
2026-04-13 01:25:00.000,491.2
2026-04-13 01:26:00.000,485.7
2026-04-13 01:27:00.000,490.7
2026-04-13 01:30:00.000,493.5
2026-04-13 01:31:00.000,487.2
2026-04-13 01:32:00.000,499.8
2026-04-13 01:33:00.000,504.6
2026-04-13 01:34:00.000,504.4
2026-04-13 01:35:00.000,503.1
2026-04-13 01:36:00.000,504.8
2026-04-13 01:37:00.000,506.5
2026-04-13 01:38:00.000,474.0
2026-04-13 01:39:00.000,475.5
2026-04-13 01:40:00.000,477.4
2026-04-13 01:41:00.000,473.5
2026-04-13 01:42:00.000,466.6
2026-04-13 01:43:00.000,488.8
2026-04-13 01:44:00.000,488.9
2026-04-13 01:45:00.000,463.7
2026-04-13 01:46:00.000,471.1
2026-04-13 01:47:00.000,470.4
2026-04-13 01:48:00.000,474.0
2026-04-13 01:49:00.000,463.3
2026-04-13 01:50:00.000,468.7
2026-04-13 01:51:00.000,475.8
2026-04-13 01:52:00.000,479.2
2026-04-13 01:53:00.000,477.4
2026-04-13 01:54:00.000,477.1
2026-04-13 01:55:00.000,479.4
2026-04-13 01:56:00.000,481.0
2026-04-13 01:57:00.000,480.7
2026-04-13 01:58:00.000,476.2
2026-04-13 01:59:00.000,477.0
2026-04-13 02:00:00.000,477.3
2026-04-13 02:01:00.000,491.3
2026-04-13 02:02:00.000,509.3
2026-04-13 02:03:00.000,465.1
2026-04-13 02:04:00.000,476.6
2026-04-13 02:05:00.000,477.3
2026-04-13 02:06:00.000,479.2
2026-04-13 02:07:00.000,475.5
2026-04-13 02:08:00.000,475.4
2026-04-13 02:09:00.000,477.3
2026-04-13 02:10:00.000,477.5
2026-04-13 02:11:00.000,465.7
2026-04-13 02:12:00.000,457.5
2026-04-13 02:14:00.000,453.2
2026-04-13 02:15:00.000,452.2
2026-04-13 02:16:00.000,445.1
2026-04-13 02:17:00.000,449.5
2026-04-13 02:18:00.000,444.8
2026-04-13 02:19:00.000,446.0
2026-04-13 02:20:00.000,446.7
2026-04-13 02:21:00.000,443.6
2026-04-13 02:22:00.000,440.1
2026-04-13 02:23:00.000,442.0
2026-04-13 02:24:00.000,442.2
2026-04-13 02:25:00.000,443.6
2026-04-13 02:26:00.000,444.5
2026-04-13 02:27:00.000,444.2
2026-04-13 02:28:00.000,445.5
2026-04-13 02:29:00.000,448.6
2026-04-13 02:30:00.000,446.1
2026-04-13 02:31:00.000,444.0
2026-04-13 02:32:00.000,440.1
2026-04-13 02:33:00.000,442.8
2026-04-13 02:34:00.000,457.5
2026-04-13 02:35:00.000,453.3
2026-04-13 02:36:00.000,454.4
2026-04-13 02:37:00.000,455.2
2026-04-13 02:38:00.000,444.7
2026-04-13 02:39:00.000,441.8
2026-04-13 02:40:00.000,440.0
2026-04-13 02:41:00.000,438.8
2026-04-13 02:42:00.000,437.2
2026-04-13 02:43:00.000,436.4
2026-04-13 02:44:00.000,436.3
2026-04-13 02:45:00.000,436.0
2026-04-13 02:46:00.000,435.1
2026-04-13 02:47:00.000,435.0
2026-04-13 02:49:00.000,458.2
2026-04-13 02:50:00.000,445.6
2026-04-13 02:51:00.000,446.5
2026-04-13 02:52:00.000,451.2
2026-04-13 02:53:00.000,461.1
2026-04-13 02:54:00.000,449.3
2026-04-13 02:55:00.000,445.3
2026-04-13 02:56:00.000,447.7
2026-04-13 02:57:00.000,449.5
2026-04-13 02:58:00.000,451.2
2026-04-13 02:59:00.000,447.8
2026-04-13 03:00:00.000,439.2
2026-04-13 03:01:00.000,436.6
2026-04-13 03:02:00.000,436.1
2026-04-13 03:03:00.000,437.3
2026-04-13 03:04:00.000,435.5
2026-04-13 03:05:00.000,440.5
2026-04-13 03:06:00.000,442.5
2026-04-13 03:07:00.000,439.7
2026-04-13 03:08:00.000,447.3
2026-04-13 03:09:00.000,448.5
2026-04-13 03:10:00.000,439.1
2026-04-13 03:11:00.000,434.5
2026-04-13 03:12:00.000,445.2
2026-04-13 03:13:00.000,445.0
2026-04-13 03:14:00.000,448.4
2026-04-13 03:15:00.000,452.2
2026-04-13 03:16:00.000,451.3
2026-04-13 03:17:00.000,461.3
2026-04-13 03:18:00.000,457.5
2026-04-13 03:19:00.000,439.9
2026-04-13 03:20:00.000,438.0
2026-04-13 03:21:00.000,443.2
2026-04-13 03:22:00.000,434.9
2026-04-13 03:23:00.000,438.5
2026-04-13 03:24:00.000,435.6
2026-04-13 03:25:00.000,435.5
2026-04-13 03:26:00.000,433.7
2026-04-13 03:27:00.000,433.0
2026-04-13 03:28:00.000,433.5
2026-04-13 03:29:00.000,432.4
2026-04-13 03:30:00.000,431.2
2026-04-13 03:31:00.000,431.1
2026-04-13 03:32:00.000,431.4
2026-04-13 03:33:00.000,433.5
2026-04-13 03:34:00.000,431.5
2026-04-13 03:35:00.000,431.5
2026-04-13 03:36:00.000,432.3
2026-04-13 03:37:00.000,450.0
2026-04-13 03:38:00.000,444.2
2026-04-13 03:39:00.000,452.9
2026-04-13 03:40:00.000,441.5
2026-04-13 03:41:00.000,439.7
2026-04-13 03:42:00.000,443.8
2026-04-13 03:43:00.000,445.2
2026-04-13 03:44:00.000,442.3
2026-04-13 03:45:00.000,443.9
2026-04-13 03:46:00.000,445.7
2026-04-13 03:47:00.000,442.9
2026-04-13 03:48:00.000,442.8
2026-04-13 03:49:00.000,445.6
2026-04-13 03:50:00.000,476.4
2026-04-13 03:51:00.000,474.6
2026-04-13 03:52:00.000,461.4
2026-04-13 03:53:00.000,472.3
2026-04-13 03:54:00.000,443.3
2026-04-13 03:55:00.000,472.2
2026-04-13 03:56:00.000,464.1
2026-04-13 03:57:00.000,474.4
2026-04-13 03:58:00.000,465.4
2026-04-13 04:00:00.000,455.4
2026-04-13 04:01:00.000,452.8
2026-04-13 04:02:00.000,451.1
2026-04-13 04:03:00.000,454.5
2026-04-13 04:04:00.000,454.8
2026-04-13 04:05:00.000,447.9
2026-04-13 04:06:00.000,454.5
2026-04-13 04:07:00.000,465.2
2026-04-13 04:08:00.000,465.5
2026-04-13 04:09:00.000,460.2
2026-04-13 04:10:00.000,452.9
2026-04-13 04:11:00.000,459.1
2026-04-13 04:12:00.000,440.8
2026-04-13 04:13:00.000,436.3
2026-04-13 04:14:00.000,434.0
2026-04-13 04:15:00.000,432.9
2026-04-13 04:16:00.000,438.1
2026-04-13 04:17:00.000,441.0
2026-04-13 04:18:00.000,440.5
2026-04-13 04:19:00.000,441.0
2026-04-13 04:20:00.000,440.1
2026-04-13 04:21:00.000,437.7
2026-04-13 04:22:00.000,434.4
2026-04-13 04:23:00.000,430.3
2026-04-13 04:24:00.000,430.3
2026-04-13 04:25:00.000,430.5
2026-04-13 04:26:00.000,428.1
2026-04-13 04:27:00.000,429.4
2026-04-13 04:28:00.000,430.2
2026-04-13 04:29:00.000,432.8
2026-04-13 04:30:00.000,430.4
2026-04-13 04:31:00.000,435.6
2026-04-13 04:32:00.000,450.5
2026-04-13 04:33:00.000,454.0
2026-04-13 04:34:00.000,438.2
2026-04-13 04:35:00.000,430.8
2026-04-13 04:36:00.000,442.9
2026-04-13 04:37:00.000,443.1
2026-04-13 04:38:00.000,431.5
2026-04-13 04:39:00.000,424.8
2026-04-13 04:40:00.000,444.3
2026-04-13 04:41:00.000,445.2
2026-04-13 04:42:00.000,433.2
2026-04-13 04:43:00.000,437.8
2026-04-13 04:44:00.000,431.4
2026-04-13 04:45:00.000,429.3
2026-04-13 04:46:00.000,432.4
2026-04-13 04:47:00.000,435.9
2026-04-13 04:48:00.000,428.4
2026-04-13 04:49:00.000,431.0
2026-04-13 04:50:00.000,425.7
2026-04-13 04:51:00.000,421.1
2026-04-13 04:52:00.000,435.1
2026-04-13 04:53:00.000,419.3
2026-04-13 04:54:00.000,411.9
2026-04-13 04:55:00.000,438.4
2026-04-13 04:57:00.000,435.4
2026-04-13 04:58:00.000,437.0
2026-04-13 04:59:00.000,445.8
2026-04-13 05:00:00.000,443.0
2026-04-13 05:01:00.000,435.9
2026-04-13 05:02:00.000,427.2
2026-04-13 05:03:00.000,442.1
2026-04-13 05:04:00.000,449.7
2026-04-13 05:05:00.000,443.5
2026-04-13 05:06:00.000,432.5
2026-04-13 05:07:00.000,414.2
2026-04-13 05:08:00.000,413.8
2026-04-13 05:09:00.000,445.3
2026-04-13 05:10:00.000,435.4
2026-04-13 05:11:00.000,425.4
2026-04-13 05:12:00.000,439.3
2026-04-13 05:13:00.000,473.1
2026-04-13 05:14:00.000,451.8
2026-04-13 05:15:00.000,458.7
2026-04-13 05:16:00.000,437.6
2026-04-13 05:17:00.000,453.2
2026-04-13 05:18:00.000,437.0
2026-04-13 05:19:00.000,430.1
2026-04-13 05:20:00.000,424.1
2026-04-13 05:21:00.000,429.2
2026-04-13 05:22:00.000,439.4
2026-04-13 05:23:00.000,441.2
2026-04-13 05:24:00.000,436.8
2026-04-13 05:25:00.000,427.9
2026-04-13 05:26:00.000,438.2
2026-04-13 05:27:00.000,438.6
2026-04-13 05:28:00.000,442.3
2026-04-13 05:30:00.000,443.8
2026-04-13 05:31:00.000,438.1
2026-04-13 05:32:00.000,434.5
2026-04-13 05:33:00.000,438.7
2026-04-13 05:34:00.000,432.2
2026-04-13 05:35:00.000,412.5
2026-04-13 05:36:00.000,423.9
2026-04-13 05:37:00.000,440.0
2026-04-13 05:38:00.000,432.8
2026-04-13 05:39:00.000,434.7
2026-04-13 05:40:00.000,450.2
2026-04-13 05:41:00.000,437.5
2026-04-13 05:44:00.000,438.2
2026-04-13 05:45:00.000,440.3
2026-04-13 05:46:00.000,427.5
2026-04-13 05:47:00.000,430.3
2026-04-13 05:48:00.000,438.9
2026-04-13 05:49:00.000,432.0
2026-04-13 05:50:00.000,427.3
2026-04-13 05:51:00.000,430.9
2026-04-13 05:52:00.000,427.0
2026-04-13 05:53:00.000,426.3
2026-04-13 05:54:00.000,431.2
2026-04-13 05:55:00.000,434.1
2026-04-13 05:56:00.000,428.9
2026-04-13 05:57:00.000,416.8
2026-04-13 05:58:00.000,428.9
2026-04-13 06:01:00.000,417.2
2026-04-13 06:03:00.000,452.1
2026-04-13 06:04:00.000,429.2
2026-04-13 06:05:00.000,429.4
2026-04-13 06:06:00.000,427.4
2026-04-13 06:07:00.000,441.0
2026-04-13 06:08:00.000,437.5
2026-04-13 06:09:00.000,429.1
2026-04-13 06:10:00.000,424.0
2026-04-13 06:11:00.000,419.2
2026-04-13 06:12:00.000,432.1
2026-04-13 06:13:00.000,436.9
2026-04-13 06:14:00.000,442.6
2026-04-13 06:15:00.000,417.8
2026-04-13 06:16:00.000,442.8
2026-04-13 06:17:00.000,431.9
2026-04-13 06:18:00.000,425.8
2026-04-13 06:19:00.000,420.3
2026-04-13 06:20:00.000,432.8
2026-04-13 06:21:00.000,432.6
2026-04-13 06:22:00.000,434.5
2026-04-13 06:23:00.000,434.6
2026-04-13 06:24:00.000,425.5
2026-04-13 06:25:00.000,426.6
2026-04-13 06:26:00.000,450.0
2026-04-13 06:27:00.000,471.8
2026-04-13 06:28:00.000,466.6
2026-04-13 06:29:00.000,452.2
2026-04-13 06:30:00.000,457.8
2026-04-13 06:31:00.000,452.4
2026-04-13 06:32:00.000,463.0
2026-04-13 06:33:00.000,441.8
2026-04-13 06:34:00.000,496.5
2026-04-13 06:35:00.000,497.4
2026-04-13 06:36:00.000,486.6
2026-04-13 06:37:00.000,474.8
2026-04-13 06:38:00.000,474.8
2026-04-13 06:39:00.000,479.1
2026-04-13 06:40:00.000,466.8
2026-04-13 06:41:00.000,465.0
2026-04-13 06:42:00.000,469.4
2026-04-13 06:43:00.000,477.0
2026-04-13 06:44:00.000,483.7
2026-04-13 06:45:00.000,460.4
2026-04-13 06:46:00.000,462.8
2026-04-13 06:47:00.000,447.3
2026-04-13 06:48:00.000,489.5
2026-04-13 06:49:00.000,470.0
2026-04-13 06:50:00.000,441.7
2026-04-13 06:51:00.000,431.5
2026-04-13 06:52:00.000,458.8
2026-04-13 06:53:00.000,442.5
2026-04-13 06:54:00.000,440.2
2026-04-13 06:55:00.000,435.8
2026-04-13 06:56:00.000,433.2
2026-04-13 06:57:00.000,433.1
2026-04-13 06:58:00.000,431.0
2026-04-13 07:01:00.000,425.1
2026-04-13 07:02:00.000,442.4
2026-04-13 07:03:00.000,446.0
2026-04-13 07:04:00.000,462.4
2026-04-13 07:05:00.000,463.9
2026-04-13 07:06:00.000,466.9
2026-04-13 07:07:00.000,456.3
2026-04-13 07:08:00.000,455.4
2026-04-13 07:09:00.000,460.2
2026-04-13 07:10:00.000,449.5
2026-04-13 07:11:00.000,460.0
2026-04-13 07:12:00.000,465.2
2026-04-13 07:13:00.000,461.5
2026-04-13 07:14:00.000,439.9
2026-04-13 07:15:00.000,427.2
2026-04-13 07:16:00.000,429.3
2026-04-13 07:17:00.000,407.5
2026-04-13 07:18:00.000,431.7
2026-04-13 07:19:00.000,432.1
2026-04-13 07:20:00.000,475.8
2026-04-13 07:21:00.000,441.1
2026-04-13 07:22:00.000,426.0
2026-04-13 07:23:00.000,414.4
2026-04-13 07:24:00.000,431.4
2026-04-13 07:25:00.000,425.5
2026-04-13 07:26:00.000,420.8
2026-04-13 07:27:00.000,424.7
2026-04-13 07:28:00.000,426.1
2026-04-13 07:29:00.000,432.6
2026-04-13 07:30:00.000,441.6
2026-04-13 07:31:00.000,444.7
2026-04-13 07:32:00.000,436.4
2026-04-13 07:33:00.000,422.3
2026-04-13 07:34:00.000,433.1
2026-04-13 07:35:00.000,431.4
2026-04-13 07:36:00.000,435.6
2026-04-13 07:37:00.000,419.5
2026-04-13 07:38:00.000,437.0
2026-04-13 07:39:00.000,432.7
2026-04-13 07:40:00.000,430.7
2026-04-13 07:41:00.000,430.4
2026-04-13 07:42:00.000,437.5
2026-04-13 07:43:00.000,433.5
2026-04-13 07:44:00.000,437.7
2026-04-13 07:45:00.000,439.7
2026-04-13 07:46:00.000,439.5
2026-04-13 07:47:00.000,442.6
2026-04-13 07:48:00.000,443.9
2026-04-13 07:49:00.000,439.4
2026-04-13 07:50:00.000,435.8
2026-04-13 07:51:00.000,415.0
2026-04-13 07:52:00.000,440.6
2026-04-13 07:53:00.000,430.3
2026-04-13 07:54:00.000,434.0
2026-04-13 07:55:00.000,415.4
2026-04-13 07:56:00.000,441.8
2026-04-13 07:57:00.000,434.9
2026-04-13 07:58:00.000,432.4
2026-04-13 07:59:00.000,418.3
2026-04-13 08:00:00.000,438.5
2026-04-13 08:01:00.000,435.5
2026-04-13 08:02:00.000,433.6
2026-04-13 08:03:00.000,433.7
2026-04-13 08:04:00.000,425.3
2026-04-13 08:05:00.000,414.7
2026-04-13 08:06:00.000,428.9
2026-04-13 08:07:00.000,435.9
2026-04-13 08:08:00.000,432.3
2026-04-13 08:09:00.000,411.7
2026-04-13 08:10:00.000,439.6
2026-04-13 08:11:00.000,435.1
2026-04-13 08:12:00.000,431.0
2026-04-13 08:13:00.000,423.1
2026-04-13 08:14:00.000,421.1
2026-04-13 08:15:00.000,438.9
2026-04-13 08:16:00.000,430.6
2026-04-13 08:17:00.000,424.7
2026-04-13 08:18:00.000,424.1
2026-04-13 08:19:00.000,426.8
2026-04-13 08:20:00.000,430.3
2026-04-13 08:21:00.000,429.9
2026-04-13 08:22:00.000,438.8
2026-04-13 08:23:00.000,423.2
2026-04-13 08:24:00.000,449.8
2026-04-13 08:25:00.000,427.8
2026-04-13 08:26:00.000,427.7
2026-04-13 08:27:00.000,422.4
2026-04-13 08:28:00.000,449.5
2026-04-13 08:29:00.000,441.4
2026-04-13 08:30:00.000,438.2
2026-04-13 08:31:00.000,433.1
2026-04-13 08:32:00.000,412.2
2026-04-13 08:33:00.000,415.9
2026-04-13 08:34:00.000,434.0
2026-04-13 08:35:00.000,434.8
2026-04-13 08:36:00.000,426.0
2026-04-13 08:37:00.000,421.2
2026-04-13 08:38:00.000,438.2
2026-04-13 08:39:00.000,434.8
2026-04-13 08:40:00.000,431.0
2026-04-13 08:41:00.000,437.0
2026-04-13 08:42:00.000,444.0
2026-04-13 08:43:00.000,430.9
2026-04-13 08:44:00.000,434.4
2026-04-13 08:45:00.000,431.0
2026-04-13 08:46:00.000,423.1
2026-04-13 08:47:00.000,420.4
2026-04-13 08:48:00.000,436.8
2026-04-13 08:49:00.000,430.8
2026-04-13 08:50:00.000,426.8
2026-04-13 08:51:00.000,430.5
2026-04-13 08:52:00.000,432.2
2026-04-13 08:53:00.000,430.7
2026-04-13 08:54:00.000,429.3
2026-04-13 08:55:00.000,416.0
2026-04-13 08:56:00.000,434.2
2026-04-13 08:57:00.000,427.5
2026-04-13 08:58:00.000,428.4
2026-04-13 08:59:00.000,413.3
2026-04-13 09:00:00.000,436.2
2026-04-13 09:01:00.000,428.6
2026-04-13 09:02:00.000,426.7
2026-04-13 09:03:00.000,421.6
2026-04-13 09:04:00.000,422.7
2026-04-13 09:05:00.000,425.8
2026-04-13 09:06:00.000,425.0
2026-04-13 09:07:00.000,426.1
2026-04-13 09:08:00.000,427.5
2026-04-13 09:09:00.000,423.3
2026-04-13 09:10:00.000,424.8
2026-04-13 09:11:00.000,418.9
2026-04-13 09:12:00.000,434.6
2026-04-13 09:13:00.000,426.7
2026-04-13 09:14:00.000,424.5
2026-04-13 09:15:00.000,437.1
2026-04-13 09:16:00.000,439.2
2026-04-13 09:17:00.000,446.7
2026-04-13 09:18:00.000,416.4
2026-04-13 09:19:00.000,427.7
2026-04-13 09:20:00.000,440.7
2026-04-13 09:21:00.000,451.5
2026-04-13 09:22:00.000,445.7
2026-04-13 09:23:00.000,450.9
2026-04-13 09:24:00.000,461.5
2026-04-13 09:25:00.000,440.5
2026-04-13 09:26:00.000,431.0
2026-04-13 09:27:00.000,414.3
2026-04-13 09:28:00.000,434.9
2026-04-13 09:29:00.000,425.4
2026-04-13 09:30:00.000,426.3
2026-04-13 09:31:00.000,416.7
2026-04-13 09:32:00.000,443.8
2026-04-13 09:33:00.000,450.3
2026-04-13 09:34:00.000,463.1
2026-04-13 09:35:00.000,447.3
2026-04-13 09:36:00.000,412.0
2026-04-13 09:37:00.000,432.8
2026-04-13 09:38:00.000,475.6
2026-04-13 09:39:00.000,470.4
2026-04-13 09:40:00.000,467.2
2026-04-13 09:41:00.000,455.1
2026-04-13 09:42:00.000,472.8
2026-04-13 09:43:00.000,467.6
2026-04-13 09:44:00.000,455.9
2026-04-13 09:45:00.000,440.9
2026-04-13 09:46:00.000,485.5
2026-04-13 09:47:00.000,472.8
2026-04-13 09:48:00.000,465.0
2026-04-13 09:49:00.000,454.2
2026-04-13 09:50:00.000,451.0
2026-04-13 09:51:00.000,447.1
2026-04-13 09:52:00.000,451.9
2026-04-13 09:53:00.000,456.8
2026-04-13 09:54:00.000,457.6
2026-04-13 09:55:00.000,448.7
2026-04-13 09:56:00.000,435.0
2026-04-13 09:57:00.000,437.0
2026-04-13 09:58:00.000,436.4
2026-04-13 09:59:00.000,430.3
2026-04-13 10:00:00.000,431.1
2026-04-13 10:01:00.000,444.8
2026-04-13 10:02:00.000,442.8
2026-04-13 10:03:00.000,420.9
2026-04-13 10:04:00.000,438.3
2026-04-13 10:05:00.000,436.7
2026-04-13 10:06:00.000,435.6
2026-04-13 10:07:00.000,429.5
2026-04-13 10:08:00.000,441.0
2026-04-13 10:09:00.000,440.5
2026-04-13 10:10:00.000,427.4
2026-04-13 10:11:00.000,421.4
2026-04-13 10:12:00.000,417.7
2026-04-13 10:13:00.000,422.0
2026-04-13 10:14:00.000,428.2
2026-04-13 10:15:00.000,419.6
2026-04-13 10:16:00.000,422.9
2026-04-13 10:17:00.000,418.1
2026-04-13 10:18:00.000,392.6
2026-04-13 10:19:00.000,431.4
2026-04-13 10:20:00.000,428.5
2026-04-13 10:21:00.000,426.5
2026-04-13 10:22:00.000,397.7
2026-04-13 10:23:00.000,414.3
2026-04-13 10:24:00.000,426.9
2026-04-13 10:25:00.000,422.2
2026-04-13 10:26:00.000,415.3
2026-04-13 10:27:00.000,413.6
2026-04-13 10:28:00.000,419.0
2026-04-13 10:29:00.000,428.2
2026-04-13 10:30:00.000,421.1
2026-04-13 10:31:00.000,421.5
2026-04-13 10:32:00.000,435.6
2026-04-13 10:33:00.000,434.8
2026-04-13 10:34:00.000,442.8
2026-04-13 10:35:00.000,432.4
2026-04-13 10:36:00.000,447.7
2026-04-13 10:37:00.000,442.3
2026-04-13 10:38:00.000,446.1
2026-04-13 10:39:00.000,420.2
2026-04-13 10:40:00.000,427.1
2026-04-13 10:41:00.000,448.0
2026-04-13 10:42:00.000,450.6
2026-04-13 10:43:00.000,421.5
2026-04-13 10:44:00.000,412.2
2026-04-13 10:45:00.000,427.0
2026-04-13 10:46:00.000,423.9
2026-04-13 10:47:00.000,423.9
2026-04-13 10:48:00.000,428.5
2026-04-13 10:49:00.000,420.0
2026-04-13 10:50:00.000,473.8
2026-04-13 10:51:00.000,448.3
2026-04-13 10:52:00.000,430.6
2026-04-13 10:53:00.000,427.3
2026-04-13 10:54:00.000,433.0
2026-04-13 10:55:00.000,435.6
2026-04-13 10:56:00.000,431.0
2026-04-13 10:57:00.000,423.3
2026-04-13 10:58:00.000,417.0
2026-04-13 11:02:00.000,432.6
2026-04-13 11:03:00.000,425.8
2026-04-13 11:04:00.000,446.3
2026-04-13 11:05:00.000,458.1
2026-04-13 11:06:00.000,435.7
2026-04-13 11:07:00.000,439.4
2026-04-13 11:08:00.000,458.6
2026-04-13 11:09:00.000,449.7
2026-04-13 11:10:00.000,442.2
2026-04-13 11:11:00.000,434.8
2026-04-13 11:12:00.000,448.4
2026-04-13 11:13:00.000,452.0
2026-04-13 11:14:00.000,433.1
2026-04-13 11:15:00.000,416.2
2026-04-13 11:16:00.000,413.9
2026-04-13 11:17:00.000,421.5
2026-04-13 11:18:00.000,415.7
2026-04-13 11:19:00.000,418.6
2026-04-13 11:20:00.000,425.1
2026-04-13 11:21:00.000,453.9
2026-04-13 11:22:00.000,431.5
2026-04-13 11:23:00.000,434.9
2026-04-13 11:24:00.000,426.6
2026-04-13 11:25:00.000,410.2
2026-04-13 11:26:00.000,427.5
2026-04-13 11:27:00.000,428.8
2026-04-13 11:28:00.000,421.6
2026-04-13 11:29:00.000,415.6
2026-04-13 11:30:00.000,416.5
2026-04-13 11:31:00.000,420.7
2026-04-13 11:32:00.000,419.2
2026-04-13 11:35:00.000,419.7
2026-04-13 11:36:00.000,419.9
2026-04-13 11:37:00.000,419.0
2026-04-13 11:38:00.000,412.2
2026-04-13 11:39:00.000,402.6
2026-04-13 11:40:00.000,425.4
2026-04-13 11:41:00.000,420.3
2026-04-13 11:42:00.000,418.3
2026-04-13 11:43:00.000,407.1
2026-04-13 11:44:00.000,413.3
2026-04-13 11:45:00.000,419.2
2026-04-13 11:46:00.000,417.0
2026-04-13 11:47:00.000,413.3
2026-04-13 11:48:00.000,407.3
2026-04-13 11:49:00.000,408.2
2026-04-13 11:50:00.000,405.6
2026-04-13 11:51:00.000,407.3
2026-04-13 11:52:00.000,408.1
2026-04-13 11:53:00.000,404.1
2026-04-13 11:54:00.000,420.2
2026-04-13 11:55:00.000,418.6
2026-04-13 11:56:00.000,416.4
2026-04-13 11:57:00.000,407.8
2026-04-13 11:58:00.000,420.3
2026-04-13 11:59:00.000,414.9
2026-04-13 12:00:00.000,408.9
2026-04-13 12:01:00.000,413.1
2026-04-13 12:02:00.000,419.8
2026-04-13 12:03:00.000,430.1
2026-04-13 12:04:00.000,433.1
2026-04-13 12:06:00.000,418.0
2026-04-13 12:07:00.000,417.9
2026-04-13 12:08:00.000,417.5
2026-04-13 12:09:00.000,413.9
2026-04-13 12:10:00.000,415.0
2026-04-13 12:11:00.000,414.8
2026-04-13 12:12:00.000,414.4
2026-04-13 12:13:00.000,417.8
2026-04-13 12:14:00.000,416.3
2026-04-13 12:15:00.000,416.5
2026-04-13 12:16:00.000,416.3
2026-04-13 12:17:00.000,417.3
2026-04-13 12:18:00.000,418.3
2026-04-13 12:19:00.000,419.5
2026-04-13 12:20:00.000,420.1
2026-04-13 12:21:00.000,418.2
2026-04-13 12:22:00.000,423.6
2026-04-13 12:23:00.000,428.1
2026-04-13 12:24:00.000,426.7
2026-04-13 12:25:00.000,436.0
2026-04-13 12:26:00.000,453.5
2026-04-13 12:27:00.000,456.9
2026-04-13 12:28:00.000,457.0
2026-04-13 12:29:00.000,449.3
2026-04-13 12:30:00.000,443.3
2026-04-13 12:31:00.000,430.5
2026-04-13 12:32:00.000,422.9
2026-04-13 12:33:00.000,424.2
2026-04-13 12:34:00.000,420.2
2026-04-13 12:35:00.000,411.5
2026-04-13 12:36:00.000,410.4
2026-04-13 12:37:00.000,410.8
2026-04-13 12:42:00.000,428.6
2026-04-13 12:43:00.000,473.2
2026-04-13 12:44:00.000,416.9
2026-04-13 12:45:00.000,421.2
2026-04-13 12:46:00.000,422.7
2026-04-13 12:47:00.000,436.7
2026-04-13 12:48:00.000,436.8
2026-04-13 12:49:00.000,433.6
2026-04-13 12:50:00.000,429.9
2026-04-13 12:51:00.000,426.5
2026-04-13 12:52:00.000,427.9
2026-04-13 12:53:00.000,419.0
2026-04-13 12:54:00.000,417.5
2026-04-13 12:55:00.000,416.0
2026-04-13 12:56:00.000,417.1
2026-04-13 12:57:00.000,450.2
2026-04-13 12:58:00.000,454.2
2026-04-13 12:59:00.000,456.6
2026-04-13 13:00:00.000,449.7
2026-04-13 13:01:00.000,452.0
2026-04-13 13:02:00.000,451.7
2026-04-13 13:03:00.000,452.7
2026-04-13 13:04:00.000,452.9
2026-04-13 13:05:00.000,453.0
2026-04-13 13:06:00.000,456.9
2026-04-13 13:07:00.000,459.4
2026-04-13 13:08:00.000,456.2
2026-04-13 13:09:00.000,452.4
2026-04-13 13:10:00.000,444.9
2026-04-13 13:11:00.000,442.7
2026-04-13 13:12:00.000,439.2
2026-04-13 13:15:00.000,447.8
2026-04-13 13:16:00.000,451.6
2026-04-13 13:17:00.000,454.2
2026-04-13 13:18:00.000,452.6
2026-04-13 13:19:00.000,447.4
2026-04-13 13:20:00.000,446.3
2026-04-13 13:21:00.000,448.4
2026-04-13 13:22:00.000,449.9
2026-04-13 13:23:00.000,451.0
2026-04-13 13:24:00.000,452.0
2026-04-13 13:25:00.000,452.6
2026-04-13 13:26:00.000,452.8
2026-04-13 13:27:00.000,451.0
2026-04-13 13:30:00.000,455.2
2026-04-13 13:31:00.000,456.7
2026-04-13 13:32:00.000,458.1
2026-04-13 13:33:00.000,462.6
2026-04-13 13:34:00.000,464.5
2026-04-13 13:35:00.000,465.0
2026-04-13 13:36:00.000,462.7
2026-04-13 13:37:00.000,464.3
2026-04-13 13:38:00.000,466.4
2026-04-13 13:39:00.000,464.4
2026-04-13 13:40:00.000,461.5
2026-04-13 13:41:00.000,458.1
2026-04-13 13:42:00.000,459.2
2026-04-13 13:43:00.000,451.6
2026-04-13 13:45:00.000,458.4
2026-04-13 13:48:00.000,456.2
2026-04-13 13:49:00.000,458.7
2026-04-13 13:50:00.000,458.8
2026-04-13 13:51:00.000,461.0
2026-04-13 13:52:00.000,462.1
2026-04-13 13:53:00.000,463.0
2026-04-13 13:54:00.000,462.1
2026-04-13 13:55:00.000,459.7
2026-04-13 13:56:00.000,461.2
2026-04-13 13:57:00.000,463.1
2026-04-13 13:58:00.000,458.4
2026-04-13 13:59:00.000,459.9
2026-04-13 14:00:00.000,459.8
2026-04-13 14:01:00.000,456.3
2026-04-13 14:02:00.000,455.8
2026-04-13 14:03:00.000,458.4
2026-04-13 14:04:00.000,450.5
2026-04-13 14:05:00.000,457.9
2026-04-13 14:06:00.000,458.2
2026-04-13 14:07:00.000,459.1
2026-04-13 14:08:00.000,458.6
2026-04-13 14:09:00.000,462.1
2026-04-13 14:10:00.000,468.0
2026-04-13 14:11:00.000,465.8
2026-04-13 14:12:00.000,457.9
2026-04-13 14:13:00.000,454.2
2026-04-13 14:14:00.000,450.4
2026-04-13 14:15:00.000,450.5
2026-04-13 14:16:00.000,451.0
2026-04-13 14:17:00.000,449.7
2026-04-13 14:18:00.000,452.6
2026-04-13 14:21:00.000,454.1
2026-04-13 14:22:00.000,455.9
2026-04-13 14:23:00.000,457.5
2026-04-13 14:24:00.000,457.9
2026-04-13 14:25:00.000,453.4
2026-04-13 14:26:00.000,447.4
2026-04-13 14:27:00.000,443.7
2026-04-13 14:28:00.000,441.0
2026-04-13 14:29:00.000,438.9
2026-04-13 14:30:00.000,439.8
2026-04-13 14:31:00.000,444.7
2026-04-13 14:32:00.000,450.9
2026-04-13 14:33:00.000,449.5
2026-04-13 14:34:00.000,448.0
2026-04-13 14:35:00.000,451.0
2026-04-13 14:36:00.000,447.9
2026-04-13 14:37:00.000,448.7
2026-04-13 14:38:00.000,443.8
2026-04-13 14:39:00.000,444.8
2026-04-13 14:40:00.000,445.0
2026-04-13 14:41:00.000,445.7
2026-04-13 14:42:00.000,446.9
2026-04-13 14:43:00.000,441.6
2026-04-13 14:44:00.000,440.3
2026-04-13 14:45:00.000,440.2
2026-04-13 14:46:00.000,447.5
2026-04-13 14:47:00.000,445.7
2026-04-13 14:48:00.000,448.6
2026-04-13 14:49:00.000,448.0
2026-04-13 14:50:00.000,448.2
2026-04-13 14:51:00.000,445.7
2026-04-13 14:54:00.000,463.8
2026-04-13 14:55:00.000,460.5
2026-04-13 14:56:00.000,461.1
2026-04-13 14:57:00.000,459.3
2026-04-13 14:58:00.000,454.6
2026-04-13 15:00:00.000,456.1
2026-04-13 15:01:00.000,456.7
2026-04-13 15:02:00.000,458.4
2026-04-13 15:03:00.000,457.7
2026-04-13 15:04:00.000,454.5
2026-04-13 15:05:00.000,452.3
2026-04-13 15:06:00.000,452.5
2026-04-13 15:07:00.000,451.7
2026-04-13 15:08:00.000,453.1
2026-04-13 15:09:00.000,452.4
2026-04-13 15:10:00.000,452.7
2026-04-13 15:11:00.000,448.7
2026-04-13 15:12:00.000,449.7
2026-04-13 15:13:00.000,450.8
2026-04-13 15:15:00.000,449.0
2026-04-13 15:16:00.000,448.5
2026-04-13 15:17:00.000,447.5
2026-04-13 15:18:00.000,448.1
2026-04-13 15:19:00.000,450.1
2026-04-13 15:20:00.000,449.8
2026-04-13 15:21:00.000,448.6
2026-04-13 15:22:00.000,444.8
2026-04-13 15:23:00.000,449.6
2026-04-13 15:24:00.000,443.8
2026-04-13 15:27:00.000,421.6
2026-04-13 15:28:00.000,423.4
2026-04-13 15:33:00.000,416.2
2026-04-13 15:34:00.000,409.6
2026-04-13 15:35:00.000,415.2
2026-04-13 15:36:00.000,417.1
2026-04-13 15:37:00.000,431.5
2026-04-13 15:38:00.000,441.2
2026-04-13 15:39:00.000,445.2
2026-04-13 15:40:00.000,419.8
2026-04-13 15:41:00.000,423.1
2026-04-13 15:42:00.000,442.3
2026-04-13 15:43:00.000,435.4
2026-04-13 15:44:00.000,427.3
2026-04-13 15:45:00.000,413.1
2026-04-13 15:46:00.000,409.7
2026-04-13 15:47:00.000,427.9
2026-04-13 15:48:00.000,446.9
2026-04-13 15:49:00.000,435.1
2026-04-13 15:50:00.000,414.0
2026-04-13 15:51:00.000,431.2
2026-04-13 15:52:00.000,426.2
2026-04-13 15:53:00.000,422.6
2026-04-13 15:54:00.000,431.6
2026-04-13 15:55:00.000,451.1
2026-04-13 15:56:00.000,449.0
2026-04-13 15:57:00.000,447.4
2026-04-13 15:58:00.000,438.7
2026-04-13 16:02:00.000,443.0
2026-04-13 16:03:00.000,436.0
2026-04-13 16:04:00.000,436.6
2026-04-13 16:05:00.000,452.4
2026-04-13 16:06:00.000,439.7
2026-04-13 16:07:00.000,438.4
2026-04-13 16:08:00.000,419.0
2026-04-13 16:09:00.000,445.9
2026-04-13 16:10:00.000,453.7
2026-04-13 16:11:00.000,439.7
2026-04-13 16:12:00.000,426.1
2026-04-13 16:13:00.000,458.5
2026-04-13 16:14:00.000,459.8
2026-04-13 16:15:00.000,446.3
2026-04-13 16:16:00.000,437.1
2026-04-13 16:17:00.000,441.7
2026-04-13 16:18:00.000,449.6
2026-04-13 16:19:00.000,453.0
2026-04-13 16:20:00.000,453.3
2026-04-13 16:21:00.000,442.1
2026-04-13 16:22:00.000,429.3
2026-04-13 16:23:00.000,438.2
2026-04-13 16:24:00.000,458.4
2026-04-13 16:25:00.000,446.7
2026-04-13 16:26:00.000,426.5
2026-04-13 16:27:00.000,445.4
2026-04-13 16:28:00.000,456.0
2026-04-13 16:29:00.000,443.5
2026-04-13 16:30:00.000,434.3
2026-04-13 16:31:00.000,435.0
2026-04-13 16:32:00.000,435.4
2026-04-13 16:35:00.000,430.0
2026-04-13 16:36:00.000,426.9
2026-04-13 16:37:00.000,450.3
2026-04-13 16:38:00.000,446.8
2026-04-13 16:39:00.000,449.1
2026-04-13 16:40:00.000,416.2
2026-04-13 16:41:00.000,452.3
2026-04-13 16:42:00.000,450.4
2026-04-13 16:43:00.000,452.4
2026-04-13 16:44:00.000,422.7
2026-04-13 16:45:00.000,436.1
2026-04-13 16:46:00.000,448.2
2026-04-13 16:47:00.000,444.4
2026-04-13 16:48:00.000,432.9
2026-04-13 16:49:00.000,430.8
2026-04-13 16:50:00.000,438.2
2026-04-13 16:51:00.000,443.4
2026-04-13 16:52:00.000,438.4
2026-04-13 16:53:00.000,429.1
2026-04-13 16:54:00.000,433.7
2026-04-13 16:55:00.000,443.6
2026-04-13 16:57:00.000,428.9
2026-04-13 16:58:00.000,417.1
2026-04-13 16:59:00.000,446.6
2026-04-13 17:00:00.000,440.8
2026-04-13 17:01:00.000,412.0
2026-04-13 17:02:00.000,402.4
2026-04-13 17:03:00.000,412.7
2026-04-13 17:04:00.000,434.0
2026-04-13 17:05:00.000,445.0
2026-04-13 17:06:00.000,438.8
2026-04-13 17:07:00.000,425.2
2026-04-13 17:08:00.000,418.0
2026-04-13 17:09:00.000,444.8
2026-04-13 17:10:00.000,432.4
2026-04-13 17:11:00.000,429.6
2026-04-13 17:12:00.000,410.1
2026-04-13 17:13:00.000,445.7
2026-04-13 17:14:00.000,443.6
2026-04-13 17:15:00.000,431.5
2026-04-13 17:16:00.000,421.1
2026-04-13 17:17:00.000,432.0
2026-04-13 17:18:00.000,435.4
2026-04-13 17:19:00.000,426.6
2026-04-13 17:20:00.000,424.9
2026-04-13 17:21:00.000,426.7
2026-04-13 17:22:00.000,431.8
2026-04-13 17:23:00.000,433.2
2026-04-13 17:24:00.000,424.6
2026-04-13 17:25:00.000,420.1
2026-04-13 17:26:00.000,412.4
2026-04-13 17:27:00.000,435.9
2026-04-13 17:28:00.000,425.2
2026-04-13 17:29:00.000,413.4
2026-04-13 17:30:00.000,408.2
2026-04-13 17:31:00.000,426.8
2026-04-13 17:32:00.000,422.0
2026-04-13 17:33:00.000,416.6
2026-04-13 17:34:00.000,407.2
2026-04-13 17:35:00.000,415.2
2026-04-13 17:36:00.000,434.4
2026-04-13 17:37:00.000,437.2
2026-04-13 17:38:00.000,431.0
2026-04-13 17:41:00.000,444.1
2026-04-13 17:42:00.000,436.0
2026-04-13 17:43:00.000,424.5
2026-04-13 17:44:00.000,414.5
2026-04-13 17:45:00.000,429.4
2026-04-13 17:46:00.000,442.0
2026-04-13 17:47:00.000,411.0
2026-04-13 17:48:00.000,390.8
2026-04-13 17:49:00.000,410.6
2026-04-13 17:50:00.000,416.8
2026-04-13 17:51:00.000,411.8
2026-04-13 17:52:00.000,408.6
2026-04-13 17:53:00.000,401.0
2026-04-13 17:54:00.000,404.1
2026-04-13 17:55:00.000,417.7
2026-04-13 17:56:00.000,419.3
2026-04-13 17:57:00.000,412.0
2026-04-13 17:58:00.000,401.1
2026-04-13 17:59:00.000,420.2
2026-04-13 18:00:00.000,416.6
2026-04-13 18:01:00.000,410.5
2026-04-13 18:02:00.000,392.0
2026-04-13 18:03:00.000,422.1
2026-04-13 18:04:00.000,421.0
2026-04-13 18:05:00.000,413.9
2026-04-13 18:06:00.000,408.5
2026-04-13 18:07:00.000,407.8
2026-04-13 18:08:00.000,410.9
2026-04-13 18:09:00.000,411.2
2026-04-13 18:10:00.000,408.6
2026-04-13 18:11:00.000,407.4
2026-04-13 18:12:00.000,400.2
2026-04-13 18:13:00.000,403.5
2026-04-13 18:14:00.000,412.6
2026-04-13 18:15:00.000,407.6
2026-04-13 18:16:00.000,396.3
2026-04-13 18:17:00.000,405.2
2026-04-13 18:18:00.000,410.0
2026-04-13 18:19:00.000,419.2
2026-04-13 18:20:00.000,405.6
2026-04-13 18:21:00.000,404.8
2026-04-13 18:22:00.000,406.7
2026-04-13 18:23:00.000,415.4
2026-04-13 18:24:00.000,412.2
2026-04-13 18:25:00.000,404.1
2026-04-13 18:26:00.000,401.5
2026-04-13 18:27:00.000,401.0
2026-04-13 18:28:00.000,401.5
2026-04-13 18:29:00.000,401.2
2026-04-13 18:30:00.000,394.2
2026-04-13 18:31:00.000,405.5
2026-04-13 18:32:00.000,403.7
2026-04-13 18:33:00.000,403.9
2026-04-13 18:34:00.000,388.0
2026-04-13 18:35:00.000,409.3
2026-04-13 18:36:00.000,428.0
2026-04-13 18:37:00.000,431.9
2026-04-13 18:38:00.000,402.8
2026-04-13 18:39:00.000,399.7
2026-04-13 18:40:00.000,409.7
2026-04-13 18:41:00.000,422.8
2026-04-13 18:42:00.000,418.2
2026-04-13 18:43:00.000,401.2
2026-04-13 18:44:00.000,399.9
2026-04-13 18:45:00.000,392.2
2026-04-13 18:46:00.000,396.0
2026-04-13 18:47:00.000,410.3
2026-04-13 18:48:00.000,392.9
2026-04-13 18:49:00.000,398.5
2026-04-13 18:50:00.000,395.7
2026-04-13 18:51:00.000,402.0
2026-04-13 18:52:00.000,395.8
2026-04-13 18:53:00.000,391.4
2026-04-13 18:54:00.000,401.3
2026-04-13 18:55:00.000,402.8
2026-04-13 18:56:00.000,400.3
2026-04-13 18:57:00.000,402.0
2026-04-13 18:58:00.000,405.1
2026-04-13 18:59:00.000,405.5
2026-04-13 19:00:00.000,406.7
2026-04-13 19:01:00.000,406.3
2026-04-13 19:02:00.000,402.6
2026-04-13 19:03:00.000,402.8
2026-04-13 19:04:00.000,406.2
2026-04-13 19:05:00.000,406.8
2026-04-13 19:06:00.000,393.7
2026-04-13 19:07:00.000,405.2
2026-04-13 19:08:00.000,402.2
2026-04-13 19:09:00.000,395.4
2026-04-13 19:10:00.000,390.9
2026-04-13 19:11:00.000,396.3
2026-04-13 19:12:00.000,396.0
2026-04-13 19:13:00.000,394.0
2026-04-13 19:14:00.000,392.1
2026-04-13 19:15:00.000,393.1
2026-04-13 19:16:00.000,397.7
2026-04-13 19:17:00.000,393.2
2026-04-13 19:18:00.000,394.1
2026-04-13 19:19:00.000,393.8
2026-04-13 19:20:00.000,392.2
2026-04-13 19:21:00.000,399.7
2026-04-13 19:22:00.000,391.7
2026-04-13 19:23:00.000,399.1
2026-04-13 19:24:00.000,393.9
2026-04-13 19:25:00.000,400.9
2026-04-13 19:26:00.000,402.8
2026-04-13 19:27:00.000,400.1
2026-04-13 19:28:00.000,393.9
2026-04-13 19:29:00.000,399.0
2026-04-13 19:30:00.000,403.7
2026-04-13 19:31:00.000,398.3
2026-04-13 19:32:00.000,399.6
2026-04-13 19:33:00.000,410.1
2026-04-13 19:34:00.000,416.7
2026-04-13 19:35:00.000,411.5
2026-04-13 19:36:00.000,415.8
2026-04-13 19:37:00.000,423.7
2026-04-13 19:38:00.000,405.0
2026-04-13 19:39:00.000,415.5
2026-04-13 19:40:00.000,406.0
2026-04-13 19:41:00.000,412.4
2026-04-13 19:42:00.000,401.8
2026-04-13 19:43:00.000,416.5
2026-04-13 19:44:00.000,433.6
2026-04-13 19:45:00.000,424.3
2026-04-13 19:46:00.000,411.2
2026-04-13 19:47:00.000,415.7
2026-04-13 19:48:00.000,420.7
2026-04-13 19:49:00.000,417.3
2026-04-13 19:50:00.000,420.3
2026-04-13 19:51:00.000,408.2
2026-04-13 19:52:00.000,409.2
2026-04-13 19:53:00.000,427.6
2026-04-13 19:54:00.000,427.9
2026-04-13 19:55:00.000,417.2
2026-04-13 19:56:00.000,402.5
2026-04-13 19:57:00.000,390.0
2026-04-13 19:58:00.000,405.5
2026-04-13 19:59:00.000,402.9
2026-04-13 20:00:00.000,395.4
2026-04-13 20:01:00.000,386.7
2026-04-13 20:02:00.000,390.0
2026-04-13 20:03:00.000,398.7
2026-04-13 20:04:00.000,398.0
2026-04-13 20:05:00.000,401.8
2026-04-13 20:06:00.000,401.3
2026-04-13 20:07:00.000,399.8
2026-04-13 20:08:00.000,403.2
2026-04-13 20:09:00.000,397.8
2026-04-13 20:10:00.000,396.3
2026-04-13 20:11:00.000,398.5
2026-04-13 20:12:00.000,400.3
2026-04-13 20:13:00.000,401.1
2026-04-13 20:14:00.000,395.8
2026-04-13 20:15:00.000,384.1
2026-04-13 20:16:00.000,391.5
2026-04-13 20:17:00.000,398.2
2026-04-13 20:18:00.000,396.6
2026-04-13 20:19:00.000,389.5
2026-04-13 20:20:00.000,386.8
2026-04-13 20:21:00.000,409.4
2026-04-13 20:22:00.000,411.0
2026-04-13 20:23:00.000,406.6
2026-04-13 20:25:00.000,389.1
2026-04-13 20:26:00.000,423.6
2026-04-13 20:27:00.000,420.6
2026-04-13 20:28:00.000,403.0
2026-04-13 20:29:00.000,404.9
2026-04-13 20:30:00.000,416.7
2026-04-13 20:31:00.000,417.0
2026-04-13 20:32:00.000,415.6
2026-04-13 20:33:00.000,422.1
2026-04-13 20:34:00.000,421.3
2026-04-13 20:35:00.000,411.5
2026-04-13 20:36:00.000,409.2
2026-04-13 20:37:00.000,417.2
2026-04-13 20:38:00.000,434.8
2026-04-13 20:39:00.000,433.5
2026-04-13 20:41:00.000,423.3
2026-04-13 20:42:00.000,414.3
2026-04-13 20:43:00.000,400.7
2026-04-13 20:44:00.000,404.8
2026-04-13 20:45:00.000,399.3
2026-04-13 20:46:00.000,393.0
2026-04-13 20:47:00.000,383.0
2026-04-13 20:48:00.000,393.7
2026-04-13 20:49:00.000,406.2
2026-04-13 20:50:00.000,399.3
2026-04-13 20:51:00.000,392.7
2026-04-13 20:52:00.000,399.0
2026-04-13 20:53:00.000,399.9
2026-04-13 20:54:00.000,402.5
2026-04-13 20:55:00.000,400.9
2026-04-13 20:56:00.000,412.6
2026-04-13 20:59:00.000,419.8
2026-04-13 21:00:00.000,408.9
2026-04-13 21:01:00.000,413.2
2026-04-13 21:02:00.000,416.8
2026-04-13 21:03:00.000,414.3
2026-04-13 21:04:00.000,408.5
2026-04-13 21:05:00.000,415.0
2026-04-13 21:06:00.000,420.7
2026-04-13 21:07:00.000,413.8
2026-04-13 21:08:00.000,405.8
2026-04-13 21:09:00.000,402.7
2026-04-13 21:10:00.000,410.9
2026-04-13 21:11:00.000,409.5
2026-04-13 21:12:00.000,405.2
2026-04-13 21:13:00.000,406.0
2026-04-13 21:14:00.000,396.1
2026-04-13 21:15:00.000,404.0
2026-04-13 21:16:00.000,397.6
2026-04-13 21:17:00.000,400.9
2026-04-13 21:18:00.000,394.8
2026-04-13 21:19:00.000,377.9
2026-04-13 21:20:00.000,384.5
2026-04-13 21:21:00.000,395.6
2026-04-13 21:22:00.000,394.4
2026-04-13 21:23:00.000,383.4
2026-04-13 21:24:00.000,380.5
2026-04-13 21:25:00.000,402.8
2026-04-13 21:26:00.000,400.5
2026-04-13 21:27:00.000,394.3
2026-04-13 21:28:00.000,384.6
2026-04-13 21:29:00.000,407.7
2026-04-13 21:32:00.000,407.3
2026-04-13 21:33:00.000,396.5
2026-04-13 21:34:00.000,398.1
2026-04-13 21:35:00.000,399.4
2026-04-13 21:36:00.000,392.6
2026-04-13 21:37:00.000,393.9
2026-04-13 21:38:00.000,400.5
2026-04-13 21:39:00.000,400.5
2026-04-13 21:40:00.000,396.1
2026-04-13 21:41:00.000,392.7
2026-04-13 21:42:00.000,399.6
2026-04-13 21:43:00.000,396.8
2026-04-13 21:44:00.000,398.9
2026-04-13 21:45:00.000,392.0
2026-04-13 21:46:00.000,399.0
2026-04-13 21:47:00.000,393.9
2026-04-13 21:48:00.000,399.5
2026-04-13 21:49:00.000,401.0
2026-04-13 21:50:00.000,401.8
2026-04-13 21:51:00.000,401.7
2026-04-13 21:52:00.000,399.2
2026-04-13 21:53:00.000,398.3
2026-04-13 21:54:00.000,392.5
2026-04-13 21:55:00.000,393.4
2026-04-13 21:56:00.000,403.3
2026-04-13 21:57:00.000,395.0
2026-04-13 21:58:00.000,396.3
2026-04-13 21:59:00.000,399.1
2026-04-13 22:00:00.000,399.1
2026-04-13 22:01:00.000,399.2
2026-04-13 22:02:00.000,399.2
2026-04-13 22:03:00.000,399.2
2026-04-13 22:05:00.000,400.3
2026-04-13 22:06:00.000,399.7
2026-04-13 22:07:00.000,401.6
2026-04-13 22:08:00.000,404.0
2026-04-13 22:09:00.000,402.9
2026-04-13 22:10:00.000,403.2
2026-04-13 22:11:00.000,405.0
2026-04-13 22:12:00.000,402.8
2026-04-13 22:13:00.000,391.9
2026-04-13 22:14:00.000,379.5
2026-04-13 22:15:00.000,392.0
2026-04-13 22:16:00.000,389.7
2026-04-13 22:17:00.000,381.6
2026-04-13 22:18:00.000,387.6
2026-04-13 22:19:00.000,392.3
2026-04-13 22:20:00.000,389.0
2026-04-13 22:21:00.000,385.4
2026-04-13 22:22:00.000,380.2
2026-04-13 22:23:00.000,385.1
2026-04-13 22:24:00.000,378.6
2026-04-13 22:25:00.000,383.7
2026-04-13 22:26:00.000,385.1
2026-04-13 22:27:00.000,383.0
2026-04-13 22:28:00.000,383.9
2026-04-13 22:29:00.000,380.5
2026-04-13 22:30:00.000,386.9
2026-04-13 22:31:00.000,386.1
2026-04-13 22:32:00.000,388.4
2026-04-13 22:33:00.000,389.9
2026-04-13 22:34:00.000,390.5
2026-04-13 22:35:00.000,395.7
2026-04-13 22:36:00.000,396.2
2026-04-13 22:38:00.000,391.2
2026-04-13 22:39:00.000,395.5
2026-04-13 22:40:00.000,395.2
2026-04-13 22:41:00.000,392.7
2026-04-13 22:42:00.000,396.4
2026-04-13 22:43:00.000,394.1
2026-04-13 22:44:00.000,392.1
2026-04-13 22:45:00.000,390.7
2026-04-13 22:46:00.000,388.6
2026-04-13 22:47:00.000,390.6
2026-04-13 22:48:00.000,390.4
2026-04-13 22:49:00.000,387.8
2026-04-13 22:50:00.000,386.1
2026-04-13 22:51:00.000,386.8
2026-04-13 22:52:00.000,386.4
2026-04-13 22:53:00.000,396.7
2026-04-13 22:54:00.000,393.8
2026-04-13 22:55:00.000,411.4
2026-04-13 22:56:00.000,422.3
2026-04-13 22:57:00.000,417.9
2026-04-13 22:58:00.000,406.4
2026-04-13 22:59:00.000,396.9
2026-04-13 23:00:00.000,405.1
2026-04-13 23:01:00.000,419.7
2026-04-13 23:02:00.000,406.6
2026-04-13 23:03:00.000,408.0
2026-04-13 23:04:00.000,396.1
2026-04-13 23:05:00.000,408.4
2026-04-13 23:06:00.000,385.7
2026-04-13 23:07:00.000,403.2
2026-04-13 23:08:00.000,395.2
2026-04-13 23:09:00.000,393.5
2026-04-13 23:10:00.000,392.8
2026-04-13 23:11:00.000,388.4
2026-04-13 23:12:00.000,384.5
2026-04-13 23:13:00.000,390.5
2026-04-13 23:14:00.000,389.9
2026-04-13 23:15:00.000,390.5
2026-04-13 23:16:00.000,393.8
2026-04-13 23:17:00.000,396.6
2026-04-13 23:18:00.000,397.2
2026-04-13 23:19:00.000,393.8
2026-04-13 23:20:00.000,385.8
2026-04-13 23:21:00.000,398.1
2026-04-13 23:22:00.000,396.8
2026-04-13 23:23:00.000,395.0
2026-04-13 23:24:00.000,396.9
2026-04-13 23:25:00.000,397.5
2026-04-13 23:26:00.000,395.9
2026-04-13 23:27:00.000,393.6
2026-04-13 23:28:00.000,395.2
2026-04-13 23:29:00.000,396.7
2026-04-13 23:30:00.000,396.8
2026-04-13 23:31:00.000,397.8
2026-04-13 23:32:00.000,398.2
2026-04-13 23:33:00.000,397.0
2026-04-13 23:34:00.000,396.5
2026-04-13 23:35:00.000,394.5
2026-04-13 23:36:00.000,394.6
2026-04-13 23:37:00.000,395.6
2026-04-13 23:38:00.000,397.2
2026-04-13 23:39:00.000,396.4
2026-04-13 23:40:00.000,397.4
2026-04-13 23:41:00.000,396.9
2026-04-13 23:42:00.000,396.7
2026-04-13 23:43:00.000,400.6
2026-04-13 23:44:00.000,400.0
2026-04-13 23:45:00.000,398.8
2026-04-13 23:46:00.000,398.3
2026-04-13 23:47:00.000,399.0
2026-04-13 23:48:00.000,398.6
2026-04-13 23:49:00.000,395.9
2026-04-13 23:50:00.000,396.1
2026-04-13 23:51:00.000,396.8
2026-04-13 23:52:00.000,391.2
2026-04-13 23:53:00.000,361.2
2026-04-13 23:54:00.000,394.2
2026-04-13 23:55:00.000,393.9
2026-04-13 23:56:00.000,396.1
2026-04-13 23:57:00.000,393.2
2026-04-13 23:58:00.000,390.4
2026-04-13 23:59:00.000,388.8
2026-04-14 00:00:00.000,388.5
2026-04-14 00:01:00.000,390.0
2026-04-14 00:02:00.000,390.8
2026-04-14 00:03:00.000,389.6
2026-04-14 00:04:00.000,389.4
2026-04-14 00:05:00.000,391.8
2026-04-14 00:06:00.000,391.3
2026-04-14 00:07:00.000,389.5
2026-04-14 00:08:00.000,387.2
2026-04-14 00:09:00.000,388.3
2026-04-14 00:10:00.000,383.1
2026-04-14 00:11:00.000,377.7
2026-04-14 00:12:00.000,376.9
2026-04-14 00:13:00.000,368.4
2026-04-14 00:14:00.000,363.5
2026-04-14 00:15:00.000,362.5
2026-04-14 00:16:00.000,380.5
2026-04-14 00:17:00.000,379.2
2026-04-14 00:18:00.000,372.6
2026-04-14 00:19:00.000,364.9
2026-04-14 00:20:00.000,371.4
2026-04-14 00:21:00.000,385.6
2026-04-14 00:22:00.000,384.2
2026-04-14 00:23:00.000,378.1
2026-04-14 00:24:00.000,381.3
2026-04-14 00:25:00.000,387.2
2026-04-14 00:26:00.000,384.9
2026-04-14 00:27:00.000,386.5
2026-04-14 00:28:00.000,387.3
2026-04-14 00:29:00.000,387.2
2026-04-14 00:30:00.000,386.8
2026-04-14 00:31:00.000,385.9
2026-04-14 00:32:00.000,387.1
2026-04-14 00:33:00.000,387.7
2026-04-14 00:34:00.000,387.3
2026-04-14 00:35:00.000,386.9
2026-04-14 00:36:00.000,386.4
2026-04-14 00:37:00.000,388.4
2026-04-14 00:38:00.000,391.0
2026-04-14 00:39:00.000,389.5
2026-04-14 00:40:00.000,388.3
2026-04-14 00:41:00.000,387.2
2026-04-14 00:42:00.000,382.4
2026-04-14 00:43:00.000,386.8
2026-04-14 00:44:00.000,386.8
2026-04-14 00:45:00.000,389.7
2026-04-14 00:46:00.000,389.2
2026-04-14 00:47:00.000,387.5
2026-04-14 00:48:00.000,386.9
2026-04-14 00:49:00.000,378.3
2026-04-14 00:50:00.000,383.1
2026-04-14 00:51:00.000,390.2
2026-04-14 00:52:00.000,388.0
2026-04-14 00:53:00.000,381.3
2026-04-14 00:54:00.000,391.4
2026-04-14 00:55:00.000,396.5
2026-04-14 00:56:00.000,396.3
2026-04-14 00:57:00.000,393.5
2026-04-14 00:58:00.000,391.8
2026-04-14 00:59:00.000,379.9
2026-04-14 01:00:00.000,387.3
2026-04-14 01:01:00.000,393.1
2026-04-14 01:02:00.000,394.5
2026-04-14 01:03:00.000,395.3
2026-04-14 01:04:00.000,394.8
2026-04-14 01:05:00.000,392.7
2026-04-14 01:06:00.000,398.6
2026-04-14 01:07:00.000,396.3
2026-04-14 01:08:00.000,393.1
2026-04-14 01:09:00.000,394.5
2026-04-14 01:10:00.000,395.7
2026-04-14 01:11:00.000,393.5
2026-04-14 01:12:00.000,394.2
2026-04-14 01:13:00.000,397.8
2026-04-14 01:14:00.000,391.3
2026-04-14 01:15:00.000,398.0
2026-04-14 01:16:00.000,396.9
2026-04-14 01:17:00.000,396.3
2026-04-14 01:18:00.000,395.2
2026-04-14 01:19:00.000,398.0
2026-04-14 01:20:00.000,399.4
2026-04-14 01:21:00.000,399.2
2026-04-14 01:22:00.000,395.9
2026-04-14 01:23:00.000,396.1
2026-04-14 01:24:00.000,396.2
2026-04-14 01:25:00.000,396.8
2026-04-14 01:26:00.000,399.3
2026-04-14 01:27:00.000,396.2
2026-04-14 01:30:00.000,404.6
2026-04-14 01:31:00.000,405.9
2026-04-14 01:32:00.000,402.3
2026-04-14 01:33:00.000,402.6
2026-04-14 01:34:00.000,404.8
2026-04-14 01:35:00.000,395.5
2026-04-14 01:36:00.000,395.0
2026-04-14 01:37:00.000,395.6
2026-04-14 01:38:00.000,395.7
2026-04-14 01:39:00.000,399.1
2026-04-14 01:40:00.000,392.1
2026-04-14 01:41:00.000,391.5
2026-04-14 01:42:00.000,389.7
2026-04-14 01:43:00.000,391.2
2026-04-14 01:44:00.000,397.1
2026-04-14 01:45:00.000,393.3
2026-04-14 01:46:00.000,396.1
2026-04-14 01:47:00.000,393.3
2026-04-14 01:48:00.000,394.4
2026-04-14 01:49:00.000,389.1
2026-04-14 01:50:00.000,391.6
2026-04-14 01:51:00.000,393.4
2026-04-14 01:52:00.000,398.7
2026-04-14 01:53:00.000,398.9
2026-04-14 01:54:00.000,399.1
2026-04-14 01:55:00.000,395.9
2026-04-14 01:56:00.000,396.5
2026-04-14 01:57:00.000,396.6
2026-04-14 01:58:00.000,394.2
2026-04-14 01:59:00.000,398.5
2026-04-14 02:00:00.000,400.0
2026-04-14 02:01:00.000,402.9
2026-04-14 02:02:00.000,404.9
2026-04-14 02:03:00.000,405.3
2026-04-14 02:04:00.000,405.3
2026-04-14 02:05:00.000,406.8
2026-04-14 02:06:00.000,401.3
2026-04-14 02:07:00.000,397.4
2026-04-14 02:08:00.000,401.1
2026-04-14 02:09:00.000,402.4
2026-04-14 02:10:00.000,401.8
2026-04-14 02:11:00.000,405.7
2026-04-14 02:12:00.000,409.4
2026-04-14 02:14:00.000,405.7
2026-04-14 02:15:00.000,405.4
2026-04-14 02:16:00.000,402.9
2026-04-14 02:17:00.000,404.8
2026-04-14 02:18:00.000,399.8
2026-04-14 02:19:00.000,399.3
2026-04-14 02:20:00.000,397.2
2026-04-14 02:21:00.000,397.2
2026-04-14 02:22:00.000,398.4
2026-04-14 02:23:00.000,407.0
2026-04-14 02:24:00.000,410.7
2026-04-14 02:25:00.000,408.9
2026-04-14 02:26:00.000,418.0
2026-04-14 02:27:00.000,418.0
2026-04-14 02:28:00.000,416.6
2026-04-14 02:29:00.000,415.2
2026-04-14 02:30:00.000,411.6
2026-04-14 02:31:00.000,413.0
2026-04-14 02:32:00.000,412.6
2026-04-14 02:33:00.000,410.5
2026-04-14 02:34:00.000,410.1
2026-04-14 02:35:00.000,409.5
2026-04-14 02:36:00.000,410.4
2026-04-14 02:37:00.000,415.4
2026-04-14 02:38:00.000,418.1
2026-04-14 02:39:00.000,416.5
2026-04-14 02:40:00.000,415.3
2026-04-14 02:41:00.000,415.8
2026-04-14 02:42:00.000,414.8
2026-04-14 02:43:00.000,413.6
2026-04-14 02:44:00.000,414.5
2026-04-14 02:45:00.000,413.7
2026-04-14 02:46:00.000,416.0
2026-04-14 02:47:00.000,412.5
2026-04-14 02:49:00.000,399.9
2026-04-14 02:50:00.000,405.0
2026-04-14 02:51:00.000,398.5
2026-04-14 02:52:00.000,399.7
2026-04-14 02:53:00.000,399.1
2026-04-14 02:54:00.000,397.0
2026-04-14 02:55:00.000,393.6
2026-04-14 02:56:00.000,393.3
2026-04-14 02:57:00.000,393.5
2026-04-14 02:58:00.000,391.4
2026-04-14 02:59:00.000,389.8
2026-04-14 03:00:00.000,390.3
2026-04-14 03:01:00.000,392.5
2026-04-14 03:02:00.000,391.2
2026-04-14 03:03:00.000,387.4
2026-04-14 03:04:00.000,402.9
2026-04-14 03:05:00.000,405.0
2026-04-14 03:06:00.000,402.9
2026-04-14 03:07:00.000,403.7
2026-04-14 03:08:00.000,401.5
2026-04-14 03:09:00.000,403.3
2026-04-14 03:10:00.000,405.6
2026-04-14 03:11:00.000,400.0
2026-04-14 03:12:00.000,395.7
2026-04-14 03:13:00.000,394.5
2026-04-14 03:14:00.000,392.9
2026-04-14 03:15:00.000,393.8
2026-04-14 03:16:00.000,395.3
2026-04-14 03:17:00.000,393.0
2026-04-14 03:18:00.000,392.8
2026-04-14 03:19:00.000,392.3
2026-04-14 03:20:00.000,391.9
2026-04-14 03:21:00.000,393.6
2026-04-14 03:22:00.000,388.7
2026-04-14 03:23:00.000,390.5
2026-04-14 03:24:00.000,389.2
2026-04-14 03:25:00.000,386.7
2026-04-14 03:26:00.000,386.1
2026-04-14 03:27:00.000,386.9
2026-04-14 03:28:00.000,385.4
2026-04-14 03:29:00.000,383.6
2026-04-14 03:30:00.000,382.9
2026-04-14 03:31:00.000,382.2
2026-04-14 03:32:00.000,381.0
2026-04-14 03:33:00.000,380.2
2026-04-14 03:34:00.000,380.7
2026-04-14 03:35:00.000,380.8
2026-04-14 03:36:00.000,382.0
2026-04-14 03:37:00.000,380.3
2026-04-14 03:38:00.000,376.9
2026-04-14 03:39:00.000,377.3
2026-04-14 03:40:00.000,377.2
2026-04-14 03:41:00.000,376.8
2026-04-14 03:42:00.000,375.3
2026-04-14 03:43:00.000,375.9
2026-04-14 03:44:00.000,374.7
2026-04-14 03:45:00.000,374.3
2026-04-14 03:46:00.000,375.0
2026-04-14 03:47:00.000,375.4
2026-04-14 03:48:00.000,376.1
2026-04-14 03:49:00.000,376.3
2026-04-14 03:50:00.000,378.9
2026-04-14 03:51:00.000,378.0
2026-04-14 03:52:00.000,377.5
2026-04-14 03:53:00.000,377.2
2026-04-14 03:54:00.000,378.3
2026-04-14 03:55:00.000,376.2
2026-04-14 03:56:00.000,376.7
2026-04-14 03:57:00.000,377.1
2026-04-14 03:58:00.000,377.6
2026-04-14 04:00:00.000,382.5
2026-04-14 04:01:00.000,380.0
2026-04-14 04:02:00.000,378.1
2026-04-14 04:03:00.000,379.2
2026-04-14 04:04:00.000,380.1
2026-04-14 04:05:00.000,380.1
2026-04-14 04:06:00.000,379.6
2026-04-14 04:07:00.000,376.9
2026-04-14 04:08:00.000,377.2
2026-04-14 04:09:00.000,383.0
2026-04-14 04:10:00.000,379.1
2026-04-14 04:11:00.000,381.1
2026-04-14 04:12:00.000,381.3
2026-04-14 04:13:00.000,383.1
2026-04-14 04:14:00.000,383.4
2026-04-14 04:15:00.000,384.8
2026-04-14 04:16:00.000,384.6
2026-04-14 04:17:00.000,383.1
2026-04-14 04:18:00.000,380.5
2026-04-14 04:19:00.000,378.8
2026-04-14 04:20:00.000,381.0
2026-04-14 04:21:00.000,383.5
2026-04-14 04:22:00.000,381.6
2026-04-14 04:23:00.000,383.9
2026-04-14 04:24:00.000,383.8
2026-04-14 04:25:00.000,382.3
2026-04-14 04:26:00.000,385.7
2026-04-14 04:27:00.000,386.9
2026-04-14 04:28:00.000,401.4
2026-04-14 04:29:00.000,404.2
2026-04-14 04:30:00.000,409.4
2026-04-14 04:31:00.000,395.1
2026-04-14 04:32:00.000,402.2
2026-04-14 04:33:00.000,409.1
2026-04-14 04:34:00.000,402.7
2026-04-14 04:35:00.000,397.7
2026-04-14 04:36:00.000,390.7
2026-04-14 04:37:00.000,384.4
2026-04-14 04:38:00.000,386.5
2026-04-14 04:39:00.000,382.1
2026-04-14 04:41:00.000,374.7
2026-04-14 04:42:00.000,367.8
2026-04-14 04:43:00.000,379.4
2026-04-14 04:44:00.000,386.6
2026-04-14 04:45:00.000,388.1
2026-04-14 04:46:00.000,371.8
2026-04-14 04:47:00.000,374.6
2026-04-14 04:48:00.000,389.0
2026-04-14 04:49:00.000,396.8
2026-04-14 04:50:00.000,399.3
2026-04-14 04:51:00.000,401.1
2026-04-14 04:52:00.000,401.6
2026-04-14 04:53:00.000,404.2
2026-04-14 04:54:00.000,405.1
2026-04-14 04:55:00.000,401.7
2026-04-14 04:56:00.000,401.5
2026-04-14 04:57:00.000,405.1
2026-04-14 04:58:00.000,405.7
2026-04-14 04:59:00.000,398.0
2026-04-14 05:01:00.000,397.4
2026-04-14 05:02:00.000,395.8
2026-04-14 05:03:00.000,392.6
2026-04-14 05:04:00.000,402.5
2026-04-14 05:05:00.000,407.4
2026-04-14 05:06:00.000,404.6
2026-04-14 05:07:00.000,397.5
2026-04-14 05:08:00.000,392.6
2026-04-14 05:10:00.000,397.6
2026-04-14 05:11:00.000,400.2
2026-04-14 05:12:00.000,407.0
2026-04-14 05:14:00.000,387.6
2026-04-14 05:15:00.000,413.0
2026-04-14 05:16:00.000,414.9
2026-04-14 05:17:00.000,405.6
2026-04-14 05:18:00.000,405.5
2026-04-14 05:19:00.000,405.8
2026-04-14 05:20:00.000,399.8
2026-04-14 05:21:00.000,398.1
2026-04-14 05:22:00.000,400.2
2026-04-14 05:23:00.000,391.1
2026-04-14 05:24:00.000,374.9
2026-04-14 05:25:00.000,370.1
2026-04-14 05:26:00.000,368.3
2026-04-14 05:27:00.000,368.8
2026-04-14 05:28:00.000,372.4
2026-04-14 05:29:00.000,370.9
2026-04-14 05:30:00.000,372.5
2026-04-14 05:31:00.000,361.9
2026-04-14 05:32:00.000,370.7
2026-04-14 05:33:00.000,369.1
2026-04-14 05:34:00.000,367.6
2026-04-14 05:35:00.000,365.2
2026-04-14 05:36:00.000,369.8
2026-04-14 05:37:00.000,371.9
2026-04-14 05:38:00.000,369.8
2026-04-14 05:39:00.000,369.4
2026-04-14 05:40:00.000,369.0
2026-04-14 05:41:00.000,368.8
2026-04-14 05:42:00.000,369.8
2026-04-14 05:43:00.000,370.1
2026-04-14 05:44:00.000,369.2
2026-04-14 05:45:00.000,366.5
2026-04-14 05:47:00.000,365.2
2026-04-14 05:48:00.000,370.3
2026-04-14 05:49:00.000,371.7
2026-04-14 05:50:00.000,376.7
2026-04-14 05:51:00.000,374.5
2026-04-14 05:52:00.000,371.5
2026-04-14 05:53:00.000,371.5
2026-04-14 05:54:00.000,372.7
2026-04-14 05:55:00.000,372.4
2026-04-14 05:56:00.000,370.5
2026-04-14 05:57:00.000,370.3
2026-04-14 05:58:00.000,370.8
2026-04-14 06:01:00.000,370.6
2026-04-14 06:02:00.000,370.4
2026-04-14 06:03:00.000,363.3
2026-04-14 06:04:00.000,376.2
2026-04-14 06:05:00.000,371.8
2026-04-14 06:06:00.000,370.1
2026-04-14 06:07:00.000,365.3
2026-04-14 06:08:00.000,370.5
2026-04-14 06:09:00.000,371.6
2026-04-14 06:10:00.000,368.1
2026-04-14 06:11:00.000,366.5
2026-04-14 06:12:00.000,361.0
2026-04-14 06:13:00.000,360.1
2026-04-14 06:14:00.000,363.0
2026-04-14 06:15:00.000,365.2
2026-04-14 06:16:00.000,365.4
2026-04-14 06:17:00.000,367.2
2026-04-14 06:18:00.000,365.2
2026-04-14 06:19:00.000,365.1
2026-04-14 06:20:00.000,361.4
2026-04-14 06:21:00.000,362.2
2026-04-14 06:22:00.000,366.7
2026-04-14 06:23:00.000,364.9
2026-04-14 06:24:00.000,364.3
2026-04-14 06:25:00.000,364.7
2026-04-14 06:26:00.000,367.5
2026-04-14 06:27:00.000,368.6
2026-04-14 06:28:00.000,364.4
2026-04-14 06:29:00.000,364.1
2026-04-14 06:30:00.000,361.7
2026-04-14 06:31:00.000,364.1
2026-04-14 06:32:00.000,361.8
2026-04-14 06:33:00.000,364.2
2026-04-14 06:34:00.000,361.7
2026-04-14 06:35:00.000,356.2
2026-04-14 06:36:00.000,367.3
2026-04-14 06:37:00.000,365.5
2026-04-14 06:38:00.000,361.8
2026-04-14 06:39:00.000,353.4
2026-04-14 06:40:00.000,358.1
2026-04-14 06:41:00.000,362.4
2026-04-14 06:42:00.000,359.9
2026-04-14 06:43:00.000,359.0
2026-04-14 06:44:00.000,358.6
2026-04-14 06:45:00.000,361.9
2026-04-14 06:46:00.000,364.3
2026-04-14 06:47:00.000,363.7
2026-04-14 06:48:00.000,364.9
2026-04-14 06:49:00.000,364.9
2026-04-14 06:50:00.000,365.5
2026-04-14 06:51:00.000,363.6
2026-04-14 06:52:00.000,363.5
2026-04-14 06:53:00.000,364.8
2026-04-14 06:54:00.000,367.1
2026-04-14 06:55:00.000,366.0
2026-04-14 06:56:00.000,363.3
2026-04-14 06:57:00.000,362.6
2026-04-14 06:58:00.000,365.8
2026-04-14 07:01:00.000,363.3
2026-04-14 07:02:00.000,361.9
2026-04-14 07:03:00.000,364.1
2026-04-14 07:04:00.000,364.9
2026-04-14 07:05:00.000,363.7
2026-04-14 07:06:00.000,364.3
2026-04-14 07:07:00.000,362.7
2026-04-14 07:08:00.000,363.0
2026-04-14 07:09:00.000,360.8
2026-04-14 07:10:00.000,363.4
2026-04-14 07:11:00.000,356.0
2026-04-14 07:12:00.000,362.2
2026-04-14 07:13:00.000,368.6
2026-04-14 07:14:00.000,367.8
2026-04-14 07:15:00.000,365.6
2026-04-14 07:16:00.000,363.8
2026-04-14 07:17:00.000,367.7
2026-04-14 07:18:00.000,365.7
2026-04-14 07:19:00.000,368.0
2026-04-14 07:20:00.000,366.6
2026-04-14 07:21:00.000,367.3
2026-04-14 07:22:00.000,367.2
2026-04-14 07:23:00.000,368.0
2026-04-14 07:24:00.000,367.8
2026-04-14 07:25:00.000,367.8
2026-04-14 07:26:00.000,362.0
2026-04-14 07:27:00.000,374.1
2026-04-14 07:28:00.000,370.8
2026-04-14 07:29:00.000,364.2
2026-04-14 07:30:00.000,366.4
2026-04-14 07:31:00.000,373.0
2026-04-14 07:32:00.000,370.5
2026-04-14 07:33:00.000,367.7
2026-04-14 07:34:00.000,365.3
2026-04-14 07:35:00.000,365.6
2026-04-14 07:36:00.000,363.9
2026-04-14 07:37:00.000,364.7
2026-04-14 07:38:00.000,365.9
2026-04-14 07:39:00.000,370.0
2026-04-14 07:40:00.000,366.5
2026-04-14 07:41:00.000,367.3
2026-04-14 07:42:00.000,367.2
2026-04-14 07:43:00.000,360.1
2026-04-14 07:44:00.000,377.5
2026-04-14 07:45:00.000,373.1
2026-04-14 07:46:00.000,368.3
2026-04-14 07:47:00.000,366.3
2026-04-14 07:48:00.000,368.1
2026-04-14 07:49:00.000,374.6
2026-04-14 07:50:00.000,370.7
2026-04-14 07:51:00.000,370.3
2026-04-14 07:52:00.000,369.0
2026-04-14 07:53:00.000,368.5
2026-04-14 07:54:00.000,371.0
2026-04-14 07:55:00.000,367.4
2026-04-14 07:56:00.000,368.3
2026-04-14 07:57:00.000,364.5
2026-04-14 07:58:00.000,363.4
2026-04-14 08:00:00.000,371.6
2026-04-14 08:01:00.000,369.1
2026-04-14 08:02:00.000,370.1
2026-04-14 08:03:00.000,371.3
2026-04-14 08:04:00.000,367.0
2026-04-14 08:05:00.000,367.5
2026-04-14 08:06:00.000,367.2
2026-04-14 08:07:00.000,365.9
2026-04-14 08:08:00.000,365.7
2026-04-14 08:09:00.000,366.6
2026-04-14 08:10:00.000,369.2
2026-04-14 08:11:00.000,368.3
2026-04-14 08:12:00.000,369.0
2026-04-14 08:13:00.000,370.3
2026-04-14 08:14:00.000,367.8
2026-04-14 08:15:00.000,362.4
2026-04-14 08:16:00.000,369.7
2026-04-14 08:17:00.000,371.8
2026-04-14 08:18:00.000,367.5
2026-04-14 08:19:00.000,367.5
2026-04-14 08:20:00.000,368.4
2026-04-14 08:21:00.000,370.8
2026-04-14 08:22:00.000,368.4
2026-04-14 08:23:00.000,370.0
2026-04-14 08:24:00.000,365.7
2026-04-14 08:25:00.000,372.4
2026-04-14 08:26:00.000,371.6
2026-04-14 08:27:00.000,372.3
2026-04-14 08:28:00.000,370.4
2026-04-14 08:29:00.000,369.3
2026-04-14 08:30:00.000,375.0
2026-04-14 08:31:00.000,377.4
2026-04-14 08:32:00.000,362.7
2026-04-14 08:33:00.000,363.9
2026-04-14 08:34:00.000,369.9
2026-04-14 08:35:00.000,374.4
2026-04-14 08:36:00.000,373.3
2026-04-14 08:37:00.000,374.5
2026-04-14 08:38:00.000,370.5
2026-04-14 08:39:00.000,371.0
2026-04-14 08:40:00.000,369.8
2026-04-14 08:41:00.000,371.3
2026-04-14 08:42:00.000,371.7
2026-04-14 08:43:00.000,373.4
2026-04-14 08:44:00.000,372.8
2026-04-14 08:45:00.000,372.0
2026-04-14 08:46:00.000,374.7
2026-04-14 08:47:00.000,370.5
2026-04-14 08:48:00.000,377.6
2026-04-14 08:49:00.000,376.9
2026-04-14 08:50:00.000,373.0
2026-04-14 08:51:00.000,375.3
2026-04-14 08:52:00.000,372.9
2026-04-14 08:53:00.000,372.2
2026-04-14 08:54:00.000,366.7
2026-04-14 08:55:00.000,366.4
2026-04-14 08:56:00.000,363.4
2026-04-14 08:57:00.000,364.2
2026-04-14 08:58:00.000,374.2
2026-04-14 08:59:00.000,377.5
2026-04-14 09:00:00.000,378.5
2026-04-14 09:01:00.000,373.9
2026-04-14 09:02:00.000,372.0
2026-04-14 09:03:00.000,372.4
2026-04-14 09:04:00.000,372.7
2026-04-14 09:05:00.000,372.7
2026-04-14 09:06:00.000,375.0
2026-04-14 09:07:00.000,378.3
2026-04-14 09:08:00.000,380.6
2026-04-14 09:09:00.000,380.1
2026-04-14 09:10:00.000,371.8
2026-04-14 09:11:00.000,377.7
2026-04-14 09:12:00.000,379.3
2026-04-14 09:13:00.000,374.7
2026-04-14 09:14:00.000,366.4
2026-04-14 09:15:00.000,366.6
2026-04-14 09:16:00.000,368.8
2026-04-14 09:17:00.000,366.7
2026-04-14 09:18:00.000,368.4
2026-04-14 09:19:00.000,363.5
2026-04-14 09:20:00.000,363.7
2026-04-14 09:21:00.000,364.9
2026-04-14 09:22:00.000,361.7
2026-04-14 09:23:00.000,358.6
2026-04-14 09:24:00.000,358.5
2026-04-14 09:25:00.000,361.2
2026-04-14 09:26:00.000,362.8
2026-04-14 09:27:00.000,358.9
2026-04-14 09:28:00.000,362.2
2026-04-14 09:29:00.000,365.3
2026-04-14 09:30:00.000,366.7
2026-04-14 09:31:00.000,376.8
2026-04-14 09:32:00.000,378.0
2026-04-14 09:33:00.000,368.3
2026-04-14 09:34:00.000,355.9
2026-04-14 09:35:00.000,347.4
2026-04-14 09:36:00.000,350.9
2026-04-14 09:37:00.000,355.1
2026-04-14 09:38:00.000,362.0
2026-04-14 09:39:00.000,365.7
2026-04-14 09:40:00.000,369.3
2026-04-14 09:41:00.000,364.2
2026-04-14 09:42:00.000,366.3
2026-04-14 09:43:00.000,376.2
2026-04-14 09:44:00.000,368.7
2026-04-14 09:45:00.000,371.0
2026-04-14 09:46:00.000,363.9
2026-04-14 09:47:00.000,372.6
2026-04-14 09:48:00.000,374.2
2026-04-14 09:49:00.000,373.3
2026-04-14 09:50:00.000,374.3
2026-04-14 09:51:00.000,375.3
2026-04-14 09:52:00.000,372.6
2026-04-14 09:53:00.000,371.3
2026-04-14 09:54:00.000,371.7
2026-04-14 09:55:00.000,368.7
2026-04-14 09:56:00.000,370.6
2026-04-14 09:57:00.000,381.2
2026-04-14 09:58:00.000,374.4
2026-04-14 09:59:00.000,373.3
2026-04-14 10:00:00.000,373.5
2026-04-14 10:01:00.000,376.9
2026-04-14 10:02:00.000,375.1
2026-04-14 10:03:00.000,373.5
2026-04-14 10:04:00.000,374.4
2026-04-14 10:05:00.000,373.3
2026-04-14 10:06:00.000,375.0
2026-04-14 10:07:00.000,374.1
2026-04-14 10:08:00.000,373.6
2026-04-14 10:09:00.000,374.1
2026-04-14 10:10:00.000,374.3
2026-04-14 10:11:00.000,370.3
2026-04-14 10:12:00.000,370.6
2026-04-14 10:13:00.000,375.1
2026-04-14 10:14:00.000,367.7
2026-04-14 10:15:00.000,380.6
2026-04-14 10:16:00.000,376.7
2026-04-14 10:17:00.000,361.9
2026-04-14 10:18:00.000,365.4
2026-04-14 10:19:00.000,366.6
2026-04-14 10:20:00.000,365.9
2026-04-14 10:21:00.000,365.5
2026-04-14 10:22:00.000,364.4
2026-04-14 10:23:00.000,358.9
2026-04-14 10:24:00.000,361.0
2026-04-14 10:25:00.000,361.9
2026-04-14 10:26:00.000,362.3
2026-04-14 10:27:00.000,359.5
2026-04-14 10:28:00.000,355.6
2026-04-14 10:29:00.000,367.1
2026-04-14 10:30:00.000,363.2
2026-04-14 10:31:00.000,367.1
2026-04-14 10:32:00.000,357.7
2026-04-14 10:33:00.000,369.4
2026-04-14 10:34:00.000,367.4
2026-04-14 10:35:00.000,369.4
2026-04-14 10:36:00.000,366.7
2026-04-14 10:37:00.000,366.7
2026-04-14 10:38:00.000,365.9
2026-04-14 10:39:00.000,364.1
2026-04-14 10:40:00.000,364.2
2026-04-14 10:41:00.000,363.1
2026-04-14 10:42:00.000,360.9
2026-04-14 10:43:00.000,363.5
2026-04-14 10:44:00.000,355.0
2026-04-14 10:45:00.000,356.0
2026-04-14 10:46:00.000,360.4
2026-04-14 10:47:00.000,364.9
2026-04-14 10:48:00.000,360.5
2026-04-14 10:49:00.000,358.9
2026-04-14 10:50:00.000,357.6
2026-04-14 10:51:00.000,366.6
2026-04-14 10:52:00.000,365.2
2026-04-14 10:53:00.000,360.2
2026-04-14 10:54:00.000,352.3
2026-04-14 10:55:00.000,349.8
2026-04-14 10:56:00.000,359.0
2026-04-14 10:57:00.000,362.4
2026-04-14 10:58:00.000,360.1
2026-04-14 11:01:00.000,353.7
2026-04-14 11:02:00.000,349.6
2026-04-14 11:03:00.000,353.7
2026-04-14 11:04:00.000,346.8
2026-04-14 11:05:00.000,363.5
2026-04-14 11:06:00.000,368.7
2026-04-14 11:07:00.000,351.8
2026-04-14 11:08:00.000,348.4
2026-04-14 11:09:00.000,354.0
2026-04-14 11:10:00.000,344.3
2026-04-14 11:11:00.000,355.8
2026-04-14 11:12:00.000,357.2
2026-04-14 11:13:00.000,358.9
2026-04-14 11:14:00.000,361.4
2026-04-14 11:15:00.000,352.0
2026-04-14 11:16:00.000,341.6
2026-04-14 11:17:00.000,348.9
2026-04-14 11:18:00.000,349.8
2026-04-14 11:19:00.000,354.4
2026-04-14 11:20:00.000,356.1
2026-04-14 11:21:00.000,347.1
2026-04-14 11:22:00.000,339.7
2026-04-14 11:23:00.000,351.0
2026-04-14 11:24:00.000,366.1
2026-04-14 11:25:00.000,362.6
2026-04-14 11:26:00.000,362.9
2026-04-14 11:27:00.000,363.4
2026-04-14 11:28:00.000,369.3
2026-04-14 11:29:00.000,377.1
2026-04-14 11:30:00.000,378.1
2026-04-14 11:31:00.000,379.2
2026-04-14 11:32:00.000,389.4
2026-04-14 11:33:00.000,393.3
2026-04-14 11:34:00.000,381.7
2026-04-14 11:35:00.000,380.0
2026-04-14 11:36:00.000,368.3
2026-04-14 11:37:00.000,383.8
2026-04-14 11:38:00.000,387.5
2026-04-14 11:39:00.000,383.4
2026-04-14 11:40:00.000,377.8
2026-04-14 11:41:00.000,393.2
2026-04-14 11:42:00.000,395.2
2026-04-14 11:43:00.000,384.3
2026-04-14 11:44:00.000,374.6
2026-04-14 11:45:00.000,382.7
2026-04-14 11:46:00.000,390.0
2026-04-14 11:47:00.000,385.0
2026-04-14 11:48:00.000,382.2
2026-04-14 11:49:00.000,380.0
2026-04-14 11:50:00.000,371.5
2026-04-14 11:51:00.000,372.8
2026-04-14 11:52:00.000,382.1
2026-04-14 11:53:00.000,375.0
2026-04-14 11:54:00.000,369.9
2026-04-14 11:55:00.000,392.7
2026-04-14 11:56:00.000,380.2
2026-04-14 11:57:00.000,377.3
2026-04-14 11:58:00.000,371.5
2026-04-14 11:59:00.000,369.2
2026-04-14 12:00:00.000,369.5
2026-04-14 12:01:00.000,370.3
2026-04-14 12:02:00.000,368.9
2026-04-14 12:03:00.000,365.9
2026-04-14 12:04:00.000,366.1
2026-04-14 12:05:00.000,368.1
2026-04-14 12:06:00.000,368.0
2026-04-14 12:07:00.000,370.2
2026-04-14 12:08:00.000,361.9
2026-04-14 12:09:00.000,383.6
2026-04-14 12:10:00.000,388.3
2026-04-14 12:11:00.000,374.3
2026-04-14 12:12:00.000,368.4
2026-04-14 12:13:00.000,372.0
2026-04-14 12:14:00.000,371.1
2026-04-14 12:15:00.000,370.8
2026-04-14 12:16:00.000,367.5
2026-04-14 12:17:00.000,367.5
2026-04-14 12:18:00.000,369.5
2026-04-14 12:19:00.000,369.3
2026-04-14 12:20:00.000,370.3
2026-04-14 12:21:00.000,372.0
2026-04-14 12:22:00.000,370.1
2026-04-14 12:23:00.000,371.7
2026-04-14 12:24:00.000,371.6
2026-04-14 12:25:00.000,370.4
2026-04-14 12:26:00.000,367.4
2026-04-14 12:27:00.000,384.2
2026-04-14 12:28:00.000,376.2
2026-04-14 12:30:00.000,374.4
2026-04-14 12:31:00.000,369.7
2026-04-14 12:32:00.000,366.2
2026-04-14 12:33:00.000,367.1
2026-04-14 12:34:00.000,369.3
2026-04-14 12:35:00.000,368.0
2026-04-14 12:36:00.000,365.6
2026-04-14 12:37:00.000,366.4
2026-04-14 12:38:00.000,362.9
2026-04-14 12:39:00.000,362.2
2026-04-14 12:40:00.000,349.9
2026-04-14 12:41:00.000,368.8
2026-04-14 12:42:00.000,366.1
2026-04-14 12:43:00.000,357.1
2026-04-14 12:44:00.000,351.6
2026-04-14 12:45:00.000,361.1
2026-04-14 12:46:00.000,362.0
2026-04-14 12:47:00.000,358.8
2026-04-14 12:48:00.000,358.2
2026-04-14 12:49:00.000,359.0
2026-04-14 12:50:00.000,359.5
2026-04-14 12:51:00.000,358.6
2026-04-14 12:52:00.000,358.1
2026-04-14 12:53:00.000,362.0
2026-04-14 12:54:00.000,363.0
2026-04-14 12:55:00.000,359.7
2026-04-14 12:58:00.000,354.9
2026-04-14 12:59:00.000,364.4
2026-04-14 13:00:00.000,361.3
2026-04-14 13:01:00.000,357.5
2026-04-14 13:02:00.000,355.5
2026-04-14 13:03:00.000,364.4
2026-04-14 13:04:00.000,364.9
2026-04-14 13:05:00.000,359.9
2026-04-14 13:06:00.000,360.9
2026-04-14 13:07:00.000,361.0
2026-04-14 13:08:00.000,369.1
2026-04-14 13:09:00.000,394.9
2026-04-14 13:10:00.000,390.4
2026-04-14 13:11:00.000,398.5
2026-04-14 13:12:00.000,383.4
2026-04-14 13:13:00.000,369.6
2026-04-14 13:14:00.000,393.4
2026-04-14 13:15:00.000,379.9
2026-04-14 13:16:00.000,370.6
2026-04-14 13:17:00.000,410.1
2026-04-14 13:18:00.000,419.2
2026-04-14 13:19:00.000,404.7
2026-04-14 13:20:00.000,389.5
2026-04-14 13:21:00.000,386.5
2026-04-14 13:22:00.000,382.5
2026-04-14 13:23:00.000,372.7
2026-04-14 13:24:00.000,373.5
2026-04-14 13:25:00.000,374.0
2026-04-14 13:26:00.000,377.4
2026-04-14 13:27:00.000,385.2
2026-04-14 13:28:00.000,381.5
2026-04-14 13:30:00.000,364.5
2026-04-14 13:31:00.000,380.8
2026-04-14 13:32:00.000,377.5
2026-04-14 13:33:00.000,375.5
2026-04-14 13:34:00.000,373.0
2026-04-14 13:35:00.000,377.3
2026-04-14 13:36:00.000,379.3
2026-04-14 13:37:00.000,379.4
2026-04-14 13:41:00.000,374.5
2026-04-14 13:42:00.000,374.3
2026-04-14 13:43:00.000,371.4
2026-04-14 13:44:00.000,375.1
2026-04-14 13:45:00.000,378.4
2026-04-14 13:46:00.000,382.8
2026-04-14 13:47:00.000,377.6
2026-04-14 13:48:00.000,371.0
2026-04-14 13:49:00.000,376.5
2026-04-14 13:50:00.000,377.7
2026-04-14 13:51:00.000,377.6
2026-04-14 13:52:00.000,375.7
2026-04-14 13:55:00.000,379.1
2026-04-14 13:56:00.000,378.6
2026-04-14 13:57:00.000,374.8
2026-04-14 13:58:00.000,380.2
2026-04-14 13:59:00.000,385.7
2026-04-14 14:00:00.000,390.3
2026-04-14 14:01:00.000,381.5
2026-04-14 14:04:00.000,384.3
2026-04-14 14:05:00.000,378.6
2026-04-14 14:06:00.000,369.9
2026-04-14 14:08:00.000,378.4
2026-04-14 14:09:00.000,378.4
2026-04-14 14:10:00.000,378.3
2026-04-14 14:11:00.000,374.2
2026-04-14 14:12:00.000,375.8
2026-04-14 14:13:00.000,379.5
2026-04-14 14:14:00.000,381.1
2026-04-14 14:15:00.000,382.5
2026-04-14 14:16:00.000,381.1
2026-04-14 14:18:00.000,385.5
2026-04-14 14:19:00.000,393.7
2026-04-14 14:20:00.000,389.5
2026-04-14 14:21:00.000,395.0
2026-04-14 14:22:00.000,401.0
2026-04-14 14:23:00.000,392.9
2026-04-14 14:24:00.000,387.3
2026-04-14 14:25:00.000,381.7
2026-04-14 14:26:00.000,380.9
2026-04-14 14:27:00.000,381.9
2026-04-14 14:28:00.000,376.5
2026-04-14 14:29:00.000,371.8
2026-04-14 14:30:00.000,371.6
2026-04-14 14:31:00.000,371.2
2026-04-14 14:32:00.000,374.7
2026-04-14 14:33:00.000,369.6
2026-04-14 14:36:00.000,369.9
2026-04-14 14:37:00.000,374.2
2026-04-14 14:38:00.000,381.5
2026-04-14 14:39:00.000,387.7
2026-04-14 14:40:00.000,390.3
2026-04-14 14:41:00.000,391.9
2026-04-14 14:42:00.000,392.5
2026-04-14 14:43:00.000,384.6
2026-04-14 14:44:00.000,382.4
2026-04-14 14:45:00.000,383.1
2026-04-14 14:46:00.000,384.9
2026-04-14 14:47:00.000,382.4
2026-04-14 14:48:00.000,376.4
2026-04-14 14:49:00.000,382.2
2026-04-14 14:50:00.000,373.9
2026-04-14 14:51:00.000,376.4
2026-04-14 14:52:00.000,374.3
2026-04-14 14:53:00.000,373.3
2026-04-14 14:54:00.000,371.5
2026-04-14 14:55:00.000,369.1
2026-04-14 14:56:00.000,364.7
2026-04-14 14:57:00.000,361.0
2026-04-14 14:58:00.000,358.9
2026-04-14 14:59:00.000,361.9
2026-04-14 15:00:00.000,362.9
2026-04-14 15:01:00.000,363.4
2026-04-14 15:02:00.000,357.8
2026-04-14 15:03:00.000,356.0
2026-04-14 15:04:00.000,362.4
2026-04-14 15:05:00.000,361.8
2026-04-14 15:06:00.000,358.9
2026-04-14 15:09:00.000,357.4
2026-04-14 15:10:00.000,356.9
2026-04-14 15:11:00.000,357.3
2026-04-14 15:12:00.000,356.7
2026-04-14 15:13:00.000,356.3
2026-04-14 15:14:00.000,357.8
2026-04-14 15:15:00.000,357.3
2026-04-14 15:16:00.000,357.4
2026-04-14 15:17:00.000,364.9
2026-04-14 15:18:00.000,379.9
2026-04-14 15:19:00.000,377.2
2026-04-14 15:20:00.000,378.6
2026-04-14 15:21:00.000,376.5
2026-04-14 15:22:00.000,376.7
2026-04-14 15:23:00.000,369.6
2026-04-14 15:24:00.000,368.6
2026-04-14 15:25:00.000,359.6
2026-04-14 15:26:00.000,358.3
2026-04-14 15:27:00.000,359.2
2026-04-14 15:28:00.000,357.9
2026-04-14 15:31:00.000,355.7
2026-04-14 15:32:00.000,356.6
2026-04-14 15:33:00.000,352.9
2026-04-14 15:34:00.000,351.2
2026-04-14 15:35:00.000,355.6
2026-04-14 15:36:00.000,358.5
2026-04-14 15:37:00.000,358.9
2026-04-14 15:38:00.000,357.0
2026-04-14 15:39:00.000,360.2
2026-04-14 15:42:00.000,359.6
2026-04-14 15:43:00.000,359.0
2026-04-14 15:44:00.000,364.9
2026-04-14 15:45:00.000,360.7
2026-04-14 15:46:00.000,356.2
2026-04-14 15:47:00.000,355.6
2026-04-14 15:48:00.000,356.1
2026-04-14 15:49:00.000,356.2
2026-04-14 15:50:00.000,354.7
2026-04-14 15:51:00.000,353.0
2026-04-14 15:52:00.000,352.2
2026-04-14 15:53:00.000,349.7
2026-04-14 15:54:00.000,353.2
2026-04-14 15:55:00.000,351.0
2026-04-14 15:56:00.000,351.2
2026-04-14 15:57:00.000,351.1
2026-04-14 15:58:00.000,355.6
2026-04-14 16:02:00.000,354.5
2026-04-14 16:03:00.000,354.3
2026-04-14 16:04:00.000,353.5
2026-04-14 16:05:00.000,352.8
2026-04-14 16:06:00.000,353.7
2026-04-14 16:07:00.000,356.5
2026-04-14 16:08:00.000,354.4
2026-04-14 16:09:00.000,353.5
2026-04-14 16:10:00.000,354.6
2026-04-14 16:11:00.000,357.6
2026-04-14 16:12:00.000,355.0
2026-04-14 16:15:00.000,350.3
2026-04-14 16:16:00.000,352.5
2026-04-14 16:17:00.000,352.5
2026-04-14 16:18:00.000,364.2
2026-04-14 16:19:00.000,381.1
2026-04-14 16:20:00.000,380.3
2026-04-14 16:21:00.000,376.7
2026-04-14 16:22:00.000,379.6
2026-04-14 16:23:00.000,379.3
2026-04-14 16:24:00.000,380.9
2026-04-14 16:25:00.000,382.4
2026-04-14 16:26:00.000,381.5
2026-04-14 16:27:00.000,381.3
2026-04-14 16:28:00.000,375.8
2026-04-14 16:30:00.000,374.6
2026-04-14 16:31:00.000,366.5
2026-04-14 16:32:00.000,367.2
2026-04-14 16:33:00.000,367.4
2026-04-14 16:34:00.000,362.0
2026-04-14 16:35:00.000,357.2
2026-04-14 16:36:00.000,362.0
2026-04-14 16:37:00.000,378.9
2026-04-14 16:38:00.000,373.6
2026-04-14 16:39:00.000,353.2
2026-04-14 16:40:00.000,354.5
2026-04-14 16:41:00.000,359.3
2026-04-14 16:42:00.000,373.2
2026-04-14 16:43:00.000,374.2
2026-04-14 16:45:00.000,374.6
2026-04-14 16:48:00.000,361.3
2026-04-14 16:49:00.000,367.9
2026-04-14 16:50:00.000,370.2
2026-04-14 16:51:00.000,369.7
2026-04-14 16:52:00.000,376.0
2026-04-14 16:53:00.000,371.2
2026-04-14 16:54:00.000,363.9
2026-04-14 16:55:00.000,367.9
2026-04-14 16:56:00.000,354.5
2026-04-14 16:57:00.000,368.7
2026-04-14 16:58:00.000,364.3
2026-04-14 17:00:00.000,359.5
2026-04-14 17:01:00.000,358.4
2026-04-14 17:02:00.000,358.7
2026-04-14 17:03:00.000,360.8
2026-04-14 17:04:00.000,365.7
2026-04-14 17:05:00.000,371.1
2026-04-14 17:06:00.000,377.9
2026-04-14 17:07:00.000,382.8
2026-04-14 17:08:00.000,381.0
2026-04-14 17:09:00.000,379.2
2026-04-14 17:10:00.000,384.1
2026-04-14 17:11:00.000,391.9
2026-04-14 17:12:00.000,351.7
2026-04-14 17:13:00.000,359.0
2026-04-14 17:14:00.000,362.4
2026-04-14 17:15:00.000,352.6
2026-04-14 17:16:00.000,359.0
2026-04-14 17:17:00.000,357.5
2026-04-14 17:18:00.000,360.1
2026-04-14 17:21:00.000,354.5
2026-04-14 17:22:00.000,357.9
2026-04-14 17:23:00.000,361.5
2026-04-14 17:24:00.000,360.0
2026-04-14 17:25:00.000,358.9
2026-04-14 17:26:00.000,360.2
2026-04-14 17:31:00.000,366.8
2026-04-14 17:32:00.000,355.6
2026-04-14 17:33:00.000,351.9
2026-04-14 17:34:00.000,355.0
2026-04-14 17:35:00.000,358.8
2026-04-14 17:36:00.000,357.5
2026-04-14 17:37:00.000,355.5
2026-04-14 17:38:00.000,356.8
2026-04-14 17:39:00.000,358.5
2026-04-14 17:40:00.000,358.2
2026-04-14 17:42:00.000,358.4
2026-04-14 17:43:00.000,359.5
2026-04-14 17:45:00.000,351.7
2026-04-14 17:46:00.000,352.6
2026-04-14 17:47:00.000,360.6
2026-04-14 17:48:00.000,361.1
2026-04-14 17:49:00.000,360.7
2026-04-14 17:50:00.000,362.2
2026-04-14 17:51:00.000,360.7
2026-04-14 17:52:00.000,360.8
2026-04-14 17:53:00.000,360.8
2026-04-14 17:56:00.000,367.3
2026-04-14 17:57:00.000,369.8
2026-04-14 17:58:00.000,362.5
2026-04-14 17:59:00.000,353.7
2026-04-14 18:00:00.000,356.8
2026-04-14 18:01:00.000,357.0
2026-04-14 18:02:00.000,362.0
2026-04-14 18:03:00.000,363.2
2026-04-14 18:04:00.000,360.3
2026-04-14 18:05:00.000,361.4
2026-04-14 18:06:00.000,361.3
2026-04-14 18:07:00.000,360.5
2026-04-14 18:08:00.000,360.7
2026-04-14 18:09:00.000,362.3
2026-04-14 18:10:00.000,350.3
2026-04-14 18:11:00.000,363.2
2026-04-14 18:12:00.000,362.9
2026-04-14 18:13:00.000,363.8
2026-04-14 18:14:00.000,359.3
2026-04-14 18:15:00.000,360.3
2026-04-14 18:16:00.000,357.1
2026-04-14 18:17:00.000,361.4
2026-04-14 18:18:00.000,358.5
2026-04-14 18:19:00.000,373.4
2026-04-14 18:20:00.000,364.6
2026-04-14 18:21:00.000,365.4
2026-04-14 18:22:00.000,362.0
2026-04-14 18:23:00.000,372.1
2026-04-14 18:24:00.000,375.2
2026-04-14 18:25:00.000,365.5
2026-04-14 18:26:00.000,365.5
2026-04-14 18:27:00.000,360.5
2026-04-14 18:28:00.000,364.6
2026-04-14 18:29:00.000,372.8
2026-04-14 18:30:00.000,370.8
2026-04-14 18:31:00.000,366.8
2026-04-14 18:32:00.000,364.7
2026-04-14 18:33:00.000,371.6
2026-04-14 18:34:00.000,371.4
2026-04-14 18:35:00.000,370.4
2026-04-14 18:36:00.000,370.4
2026-04-14 18:37:00.000,368.3
2026-04-14 18:38:00.000,369.7
2026-04-14 18:39:00.000,373.5
2026-04-14 18:40:00.000,367.4
2026-04-14 18:41:00.000,373.0
2026-04-14 18:42:00.000,382.3
2026-04-14 18:43:00.000,377.1
2026-04-14 18:46:00.000,378.2
2026-04-14 18:47:00.000,375.1
2026-04-14 18:48:00.000,374.4
2026-04-14 18:49:00.000,370.7
2026-04-14 18:50:00.000,380.0
2026-04-14 18:51:00.000,380.4
2026-04-14 18:52:00.000,374.6
2026-04-14 18:53:00.000,362.1
2026-04-14 18:54:00.000,366.7
2026-04-14 18:55:00.000,360.7
2026-04-14 18:56:00.000,358.5
2026-04-14 18:57:00.000,360.5
2026-04-14 18:58:00.000,360.9
2026-04-14 18:59:00.000,359.9
2026-04-14 19:00:00.000,355.3
2026-04-14 19:01:00.000,356.0
2026-04-14 19:02:00.000,358.2
2026-04-14 19:03:00.000,358.8
2026-04-14 19:04:00.000,356.9
2026-04-14 19:05:00.000,365.1
2026-04-14 19:06:00.000,361.8
2026-04-14 19:07:00.000,353.7
2026-04-14 19:08:00.000,363.8
2026-04-14 19:09:00.000,362.0
2026-04-14 19:10:00.000,362.8
2026-04-14 19:11:00.000,354.9
2026-04-14 19:12:00.000,369.8
2026-04-14 19:13:00.000,363.5
2026-04-14 19:14:00.000,359.2
2026-04-14 19:15:00.000,359.9
2026-04-14 19:16:00.000,359.8
2026-04-14 19:17:00.000,362.6
2026-04-14 19:18:00.000,359.0
2026-04-14 19:19:00.000,359.4
2026-04-14 19:20:00.000,356.8
2026-04-14 19:21:00.000,362.6
2026-04-14 19:22:00.000,360.2
2026-04-14 19:23:00.000,359.7
2026-04-14 19:24:00.000,364.9
2026-04-14 19:25:00.000,357.7
2026-04-14 19:26:00.000,368.9
2026-04-14 19:27:00.000,371.4
2026-04-14 19:28:00.000,365.7
2026-04-14 19:31:00.000,362.7
2026-04-14 19:32:00.000,361.0
2026-04-14 19:35:00.000,363.4
2026-04-14 19:36:00.000,362.7
2026-04-14 19:37:00.000,357.7
2026-04-14 19:38:00.000,356.0
2026-04-14 19:39:00.000,363.8
2026-04-14 19:40:00.000,357.6
2026-04-14 19:41:00.000,359.4
2026-04-14 19:42:00.000,357.8
2026-04-14 19:43:00.000,357.6
2026-04-14 19:44:00.000,362.3
2026-04-14 19:45:00.000,361.9
2026-04-14 19:46:00.000,359.7
2026-04-14 19:47:00.000,357.1
2026-04-14 19:48:00.000,351.1
2026-04-14 19:49:00.000,354.4
2026-04-14 19:50:00.000,361.1
2026-04-14 19:51:00.000,361.1
2026-04-14 19:52:00.000,344.7
2026-04-14 19:53:00.000,342.4
2026-04-14 19:54:00.000,340.2
2026-04-14 19:55:00.000,357.5
2026-04-14 19:56:00.000,354.6
2026-04-14 19:57:00.000,361.3
2026-04-14 19:58:00.000,357.2
2026-04-14 19:59:00.000,355.9
2026-04-14 20:00:00.000,353.2
2026-04-14 20:01:00.000,359.5
2026-04-14 20:02:00.000,363.3
2026-04-14 20:03:00.000,358.9
2026-04-14 20:04:00.000,359.6
2026-04-14 20:05:00.000,359.0
2026-04-14 20:06:00.000,355.0
2026-04-14 20:07:00.000,355.7
2026-04-14 20:08:00.000,361.3
2026-04-14 20:09:00.000,358.6
2026-04-14 20:10:00.000,354.9
2026-04-14 20:11:00.000,359.1
2026-04-14 20:12:00.000,359.0
2026-04-14 20:13:00.000,356.5
2026-04-14 20:14:00.000,349.2
2026-04-14 20:15:00.000,353.6
2026-04-14 20:16:00.000,358.9
2026-04-14 20:17:00.000,357.8
2026-04-14 20:18:00.000,352.8
2026-04-14 20:19:00.000,352.1
2026-04-14 20:20:00.000,360.1
2026-04-14 20:21:00.000,364.1
2026-04-14 20:22:00.000,356.5
2026-04-14 20:23:00.000,356.4
2026-04-14 20:24:00.000,355.9
2026-04-14 20:25:00.000,360.5
2026-04-14 20:26:00.000,357.9
2026-04-14 20:27:00.000,357.4
2026-04-14 20:28:00.000,359.0
2026-04-14 20:29:00.000,360.1
2026-04-14 20:30:00.000,357.8
2026-04-14 20:31:00.000,361.7
2026-04-14 20:32:00.000,355.1
2026-04-14 20:33:00.000,355.7
2026-04-14 20:34:00.000,362.0
2026-04-14 20:35:00.000,360.1
2026-04-14 20:36:00.000,353.7
2026-04-14 20:37:00.000,347.1
2026-04-14 20:38:00.000,356.8
2026-04-14 20:39:00.000,366.0
2026-04-14 20:41:00.000,365.4
2026-04-14 20:42:00.000,381.1
2026-04-14 20:43:00.000,362.3
2026-04-14 20:44:00.000,359.4
2026-04-14 20:45:00.000,360.7
2026-04-14 20:46:00.000,360.4
2026-04-14 20:47:00.000,362.6
2026-04-14 20:48:00.000,362.6
2026-04-14 20:49:00.000,362.5
2026-04-14 20:50:00.000,362.4
2026-04-14 20:51:00.000,362.6
2026-04-14 20:52:00.000,364.2
2026-04-14 20:53:00.000,363.1
2026-04-14 20:54:00.000,360.8
2026-04-14 20:55:00.000,359.3
2026-04-14 20:56:00.000,367.0
2026-04-14 20:57:00.000,371.9
2026-04-14 20:58:00.000,361.3
2026-04-14 20:59:00.000,357.2
2026-04-14 21:01:00.000,358.9
2026-04-14 21:02:00.000,358.3
2026-04-14 21:03:00.000,353.3
2026-04-14 21:04:00.000,358.0
2026-04-14 21:05:00.000,359.3
2026-04-14 21:06:00.000,356.9
2026-04-14 21:07:00.000,355.5
2026-04-14 21:08:00.000,354.4
2026-04-14 21:09:00.000,353.0
2026-04-14 21:10:00.000,354.9
2026-04-14 21:11:00.000,351.1
2026-04-14 21:13:00.000,351.0
2026-04-14 21:14:00.000,355.6
2026-04-14 21:15:00.000,355.7
2026-04-14 21:16:00.000,354.7
2026-04-14 21:17:00.000,346.8
2026-04-14 21:18:00.000,353.8
2026-04-14 21:19:00.000,357.0
2026-04-14 21:20:00.000,358.9
2026-04-14 21:21:00.000,354.3
2026-04-14 21:22:00.000,353.2
2026-04-14 21:23:00.000,357.5
2026-04-14 21:24:00.000,357.4
2026-04-14 21:25:00.000,356.2
2026-04-14 21:26:00.000,354.4
2026-04-14 21:27:00.000,357.9
2026-04-14 21:28:00.000,354.2
2026-04-14 21:29:00.000,353.4
2026-04-14 21:30:00.000,349.3
2026-04-14 21:31:00.000,354.1
2026-04-14 21:32:00.000,353.2
2026-04-14 21:33:00.000,352.3
2026-04-14 21:34:00.000,353.0
2026-04-14 21:35:00.000,350.8
2026-04-14 21:36:00.000,356.4
2026-04-14 21:37:00.000,357.9
2026-04-14 21:38:00.000,352.9
2026-04-14 21:39:00.000,350.0
2026-04-14 21:40:00.000,353.9
2026-04-14 21:41:00.000,363.7
2026-04-14 21:42:00.000,359.2
2026-04-14 21:43:00.000,355.4
2026-04-14 21:44:00.000,352.1
2026-04-14 21:46:00.000,365.8
2026-04-14 21:47:00.000,375.9
2026-04-14 21:48:00.000,363.6
2026-04-14 21:49:00.000,354.6
2026-04-14 21:50:00.000,352.6
2026-04-14 21:51:00.000,357.2
2026-04-14 21:52:00.000,359.6
2026-04-14 21:53:00.000,357.5
2026-04-14 21:54:00.000,360.7
2026-04-14 21:55:00.000,361.4
2026-04-14 21:56:00.000,353.4
2026-04-14 21:57:00.000,352.7
2026-04-14 21:58:00.000,349.7
2026-04-14 22:01:00.000,360.6
2026-04-14 22:02:00.000,354.6
2026-04-14 22:03:00.000,358.6
2026-04-14 22:04:00.000,359.4
2026-04-14 22:05:00.000,357.9
2026-04-14 22:06:00.000,358.3
2026-04-14 22:07:00.000,359.6
2026-04-14 22:08:00.000,361.3
2026-04-14 22:09:00.000,361.7
2026-04-14 22:10:00.000,363.0
2026-04-14 22:11:00.000,365.2
2026-04-14 22:12:00.000,364.3
2026-04-14 22:13:00.000,363.2
2026-04-14 22:14:00.000,366.5
2026-04-14 22:15:00.000,364.4
2026-04-14 22:16:00.000,364.2
2026-04-14 22:17:00.000,358.7
2026-04-14 22:20:00.000,356.8
2026-04-14 22:21:00.000,368.8
2026-04-14 22:22:00.000,365.8
2026-04-14 22:23:00.000,362.6
2026-04-14 22:24:00.000,360.2
2026-04-14 22:25:00.000,377.0
2026-04-14 22:26:00.000,368.9
2026-04-14 22:27:00.000,357.4
2026-04-14 22:28:00.000,356.9
2026-04-14 22:29:00.000,364.4
2026-04-14 22:30:00.000,371.8
2026-04-14 22:31:00.000,368.9
2026-04-14 22:32:00.000,369.1
2026-04-14 22:33:00.000,364.7
2026-04-14 22:34:00.000,364.9
2026-04-14 22:35:00.000,366.2
2026-04-14 22:36:00.000,366.7
2026-04-14 22:37:00.000,368.7
2026-04-14 22:38:00.000,364.1
2026-04-14 22:39:00.000,371.0
2026-04-14 22:40:00.000,368.0
2026-04-14 22:41:00.000,370.8
2026-04-14 22:42:00.000,372.9
2026-04-14 22:43:00.000,371.6
2026-04-14 22:44:00.000,370.2
2026-04-14 22:45:00.000,369.3
2026-04-14 22:46:00.000,372.4
2026-04-14 22:47:00.000,379.4
2026-04-14 22:48:00.000,383.5
2026-04-14 22:49:00.000,386.4
2026-04-14 22:50:00.000,384.2
2026-04-14 22:51:00.000,384.2
2026-04-14 22:52:00.000,379.5
2026-04-14 22:53:00.000,378.4
2026-04-14 22:54:00.000,377.5
2026-04-14 22:55:00.000,370.7
2026-04-14 22:56:00.000,365.2
2026-04-14 22:57:00.000,364.7
2026-04-14 22:58:00.000,366.3
2026-04-14 22:59:00.000,367.2
2026-04-14 23:00:00.000,367.1
2026-04-14 23:01:00.000,367.6
2026-04-14 23:02:00.000,368.4
2026-04-14 23:03:00.000,365.9
2026-04-14 23:04:00.000,366.9
2026-04-14 23:05:00.000,381.3
2026-04-14 23:06:00.000,379.6
2026-04-14 23:07:00.000,378.5
2026-04-14 23:08:00.000,380.6
2026-04-14 23:09:00.000,383.0
2026-04-14 23:10:00.000,381.3
2026-04-14 23:11:00.000,382.2
2026-04-14 23:12:00.000,379.9
2026-04-14 23:13:00.000,380.2
2026-04-14 23:14:00.000,382.7
2026-04-14 23:15:00.000,386.1
2026-04-14 23:16:00.000,388.0
2026-04-14 23:17:00.000,389.8
2026-04-14 23:18:00.000,387.1
2026-04-14 23:19:00.000,382.6
2026-04-14 23:20:00.000,382.8
2026-04-14 23:21:00.000,381.7
2026-04-14 23:22:00.000,389.1
2026-04-14 23:23:00.000,386.5
2026-04-14 23:24:00.000,386.2
2026-04-14 23:25:00.000,380.9
2026-04-14 23:26:00.000,384.6
2026-04-14 23:27:00.000,385.4
2026-04-14 23:28:00.000,384.7
2026-04-14 23:29:00.000,385.8
2026-04-14 23:30:00.000,382.9
2026-04-14 23:31:00.000,376.1
2026-04-14 23:32:00.000,372.4
2026-04-14 23:33:00.000,371.1
2026-04-14 23:34:00.000,372.5
2026-04-14 23:35:00.000,372.6
2026-04-14 23:36:00.000,372.6
2026-04-14 23:37:00.000,372.5
2026-04-14 23:38:00.000,369.3
2026-04-14 23:39:00.000,368.3
2026-04-14 23:40:00.000,370.4
2026-04-14 23:41:00.000,366.1
2026-04-14 23:42:00.000,366.4
2026-04-14 23:43:00.000,361.3
2026-04-14 23:44:00.000,357.6
2026-04-14 23:45:00.000,356.0
2026-04-14 23:46:00.000,355.5
2026-04-14 23:47:00.000,355.7
2026-04-14 23:48:00.000,355.3
2026-04-14 23:49:00.000,356.9
2026-04-14 23:50:00.000,360.5
2026-04-14 23:51:00.000,362.7
2026-04-14 23:52:00.000,356.0
2026-04-14 23:53:00.000,364.5
2026-04-14 23:54:00.000,359.7
2026-04-14 23:55:00.000,359.8
2026-04-14 23:56:00.000,359.4
2026-04-14 23:57:00.000,359.4
2026-04-14 23:58:00.000,357.4
2026-04-14 23:59:00.000,357.9
2026-04-15 00:00:00.000,361.1
2026-04-15 00:01:00.000,362.6
2026-04-15 00:02:00.000,362.4
2026-04-15 00:03:00.000,361.9
2026-04-15 00:04:00.000,359.9
2026-04-15 00:05:00.000,358.3
2026-04-15 00:06:00.000,359.4
2026-04-15 00:07:00.000,361.3
2026-04-15 00:08:00.000,360.8
2026-04-15 00:09:00.000,358.2
2026-04-15 00:10:00.000,364.1
2026-04-15 00:11:00.000,359.4
2026-04-15 00:12:00.000,360.5
2026-04-15 00:13:00.000,360.6
2026-04-15 00:14:00.000,359.5
2026-04-15 00:15:00.000,358.6
2026-04-15 00:16:00.000,359.1
2026-04-15 00:17:00.000,358.5
2026-04-15 00:18:00.000,358.5
2026-04-15 00:19:00.000,357.6
2026-04-15 00:20:00.000,355.8
2026-04-15 00:21:00.000,355.9
2026-04-15 00:22:00.000,356.2
2026-04-15 00:23:00.000,356.5
2026-04-15 00:24:00.000,354.5
2026-04-15 00:25:00.000,358.0
2026-04-15 00:26:00.000,354.2
2026-04-15 00:27:00.000,361.4
2026-04-15 00:28:00.000,361.0
2026-04-15 00:29:00.000,357.8
2026-04-15 00:30:00.000,357.0
2026-04-15 00:31:00.000,359.5
2026-04-15 00:32:00.000,360.9
2026-04-15 00:33:00.000,361.0
2026-04-15 00:34:00.000,362.2
2026-04-15 00:35:00.000,364.4
2026-04-15 00:36:00.000,364.0
2026-04-15 00:37:00.000,364.4
2026-04-15 00:38:00.000,363.9
2026-04-15 00:39:00.000,365.6
2026-04-15 00:40:00.000,366.7
2026-04-15 00:41:00.000,367.6
2026-04-15 00:42:00.000,362.9
